1.861848466256738012e-05 2.329352488607337561e-06 -1.499731478312815811e-05 -3.205946485517857355e-05 -4.746691368444382790e-05 -5.984947033808648707e-05 -6.797586515262961631e-05 -7.087452710986255275e-05 -6.794601744273905575e-05 -5.905647022670242291e-05 -4.460185635948382904e-05 -2.553434057129459842e-05 -3.344418153297537902e-06 2.000422272452210062e-05 4.218628453881009474e-05 6.066785926191144065e-05 7.289165898473901409e-05 7.648159184381309560e-05 6.945094041884466562e-05 5.039674048179569555e-05 1.866275992933304835e-05 -2.554511646941999190e-05 -8.110428569434022976e-05 -1.459903567942133452e-04 -2.173648039179651307e-04 -2.917323133667416857e-04 -3.651584661643905933e-04 -4.335325582815777960e-04 -4.928556018774825831e-04 -5.395303908290061817e-04 -5.706293404567654420e-04 -5.841168350791744058e-04 -5.790060390157075135e-04 -5.554353281284906980e-04 -5.146562533696673152e-04 -4.589326557950287443e-04 -3.913584972512942472e-04 -3.156093880982467972e-04 -2.356489489340500218e-04 -1.554154111416864532e-04 -7.851579093664639436e-05 -7.954340474260451072e-06 5.408118019772592154e-05 1.063572661154167561e-04 1.486454414559897487e-04 1.816831646362473724e-04 2.070503474411415764e-04 2.269747262256783474e-04 2.440857070028729179e-04 2.611406995366955886e-04 2.807499480365824567e-04 3.051252980164526106e-04 3.358753157839926154e-04 3.738640549732732314e-04 4.191441087593281330e-04 4.709671075588264073e-04 5.278672977865556202e-04 5.878070280871240758e-04 6.483675383061800754e-04 7.069648909321098011e-04 7.610694893983506893e-04 8.084084409737851999e-04 8.471328599325057438e-04 8.759366815491635792e-04 8.941191278344225949e-04 9.015890016040285998e-04 8.988148391771439566e-04 8.867300296831497801e-04 8.666058309306181500e-04 8.399074582031890212e-04 8.081489587259543805e-04 7.727614656193013175e-04 7.349868776806051411e-04 6.958053990724298024e-04 6.559011488267609945e-04 6.156657013590039092e-04 5.752354129349758222e-04 5.345551229982779384e-04 4.934585839900034951e-04 4.517549285873568134e-04 4.093106506845618645e-04 3.661178472786481798e-04 3.223416254786135330e-04 2.783423280492246113e-04 2.346712387826897913e-04 1.920413614099473793e-04 1.512774233546476796e-04 1.132512025393825946e-04 7.880945872931099027e-05 4.870210933458448592e-05 2.351785198908634906e-05 3.633310282903764923e-06 -1.081986701376960909e-05 -1.996748322444005645e-05 -2.418443337711487240e-05 -2.406703515305521222e-05 -2.038923299708128860e-05 -1.404708738571088683e-05 -5.996690368878764823e-06 2.809145775962420492e-06 1.148036765405234918e-05
1.549694527614689683e-05 -4.824356818752340362e-07 -1.757332909944463867e-05 -3.436589440462145149e-05 -4.929639654606507871e-05 -6.076362165734157167e-05 -6.726609802448080136e-05 -6.755119581516503104e-05 -6.076481145616800957e-05 -4.658867316468479698e-05 -2.535159216907647813e-05 1.898568708303283864e-06 3.337371582089133839e-05 6.658364014372421171e-05 9.843777166236729846e-05 1.254098459120197304e-04 1.437591449804718861e-04 1.497962923135268999e-04 1.401763548830558788e-04 1.121977816635793732e-04 6.408298879390610233e-05 -4.784400555272490382e-06 -9.368927587850508923e-05 -2.005016990818923742e-04 -3.216947325804845291e-04 -4.524701506714592057e-04 -5.869900344938371647e-04 -7.187030581582345284e-04 -8.407454289555091895e-04 -9.463888013135750028e-04 -1.029501838416401350e-03 -1.084989101113805875e-03 -1.109171037144003960e-03 -1.100072185369634905e-03 -1.057591152215992935e-03 -9.835350032231988428e-04 -8.815117043475832661e-04 -7.566861898604150538e-04 -6.154174398420387063e-04 -4.648045076234151758e-04 -3.121777190357520170e-04 -1.645764366484208079e-04 -2.825629202971361147e-05 9.173356739954156023e-05 1.918687229311762804e-04 2.703379401094801147e-04 3.270880778566370543e-04 3.637244413012795385e-04 3.832783300213745119e-04 3.898650959296443095e-04 3.882652960536667674e-04 3.834676445071335009e-04 3.802148931801775265e-04 3.825923317608309507e-04 3.936935091580665382e-04 4.153896122867359645e-04 4.482185594584027380e-04 4.913983377336845386e-04 5.429575849328449437e-04 5.999660010588448063e-04 6.588388361337112285e-04 7.156841651297926122e-04 7.666593411732075709e-04 8.083039921859895257e-04 8.378209377001210809e-04 8.532829042021527338e-04 8.537511399545656557e-04 8.393010732960075890e-04 8.109590896771493723e-04 7.705624558791245157e-04 7.205606801556694967e-04 6.637806655193636760e-04 6.031796447983773634e-04 5.416090973616325072e-04 4.816098979301030236e-04 4.252542954468845320e-04 3.740445588731216350e-04 3.288719160684183359e-04 2.900334022784055530e-04 2.572990019825333366e-04 2.300174596805370196e-04 2.072466360606252183e-04 1.878934021063919236e-04 1.708487282066649187e-04 1.551056212565898461e-04 1.398505596014415855e-04 1.245226745710546800e-04 1.088387088122884762e-04 9.278535085839476016e-05 7.658357029935295747e-05 6.063181666607022789e-05 4.543626118316780246e-05 3.153662516986534313e-05 1.943562214805238833e-05 9.538793199233660440e-06 2.109743253666620421e-06 -2.756275337455213275e-06 -5.139600297762405472e-06 -5.285341089563821027e-06 -3.577250833667472429e-06 -5.002076413004332388e-07
9.685898707793079866e-06 -4.478227460988609254e-06 -1.965221466947170018e-05 -3.443343233956042007e-05 -4.721318366130724219e-05 -5.629202520412505116e-05 -6.002448201151782368e-05 -5.698502173650369404e-05 -4.614380372967532467e-05 -2.703791972537506133e-05 7.804486795362627558e-08 3.411894826815960700e-05 7.310950374029960303e-05 1.141916659875267690e-04 1.537083930742587021e-04 1.873676286924632391e-04 2.104836784638903450e-04 2.182858651222270314e-04 2.062770649452975568e-04 1.706181535644423972e-04 1.085092396599126436e-04 1.853549851550033521e-05 -9.905504032725734103e-05 -2.421719221221152202e-04 -4.068256089061671145e-04 -5.872101799318115399e-04 -7.759313290117953420e-04 -9.643736249317143728e-04 -1.143188569409385805e-03 -1.302873232531624997e-03 -1.434399329771948294e-03 -1.529845597469329382e-03 -1.582983086907486245e-03 -1.589764081811537600e-03 -1.548670912838467830e-03 -1.460890728431049699e-03 -1.330295588826202425e-03 -1.163223001983642105e-03 -9.680688475636768913e-04 -7.547210016421556766e-04 -5.338763260974597677e-04 -3.162946070040801964e-04 -1.120493884491580638e-04 7.016326312533530769e-05 2.236014312222295579e-04 3.438924033281955421e-04 4.292529769814383252e-04 4.804988932725588876e-04 5.008457736847962216e-04 4.955221873691991255e-04 4.712317487925955437e-04 4.355139026339840524e-04 3.960611044575034802e-04 3.600527313951913471e-04 3.335630760928716865e-04 3.210925629457942907e-04 3.252587617648502365e-04 3.466681571375205065e-04 3.839725325724417703e-04 4.340969263517850197e-04 4.926110253489988369e-04 5.542039709879617668e-04 6.132148832829395751e-04 6.641685354064750428e-04 7.022676071059108082e-04 7.237994004201367317e-04 7.264249825279047758e-04 7.093312757892704379e-04 6.732403046114470400e-04 6.202832516110931907e-04 5.537588915708413582e-04 4.778053061927289239e-04 3.970198001919121632e-04 3.160642787239424873e-04 2.392920333323740774e-04 1.704273028823358703e-04 1.123218063348023379e-04 6.680356946038484346e-05 3.462377151161613272e-05 1.549799726057387531e-05 8.230066464697048494e-06 1.090021440052548482e-05 2.109526362764700246e-05 3.615674668691891717e-05 5.342364297038654794e-05 7.044918527351114873e-05 8.517560229668637165e-05 9.605611155551901665e-05 1.021193401248087049e-04 1.029770304621106716e-04 9.878086894369675439e-05 9.013816348705318325e-05 7.799865075161808645e-05 6.352584631791636789e-05 4.796612322619895355e-05 3.252729917807759799e-05 1.827620504844806193e-05 6.061824128540498069e-06 -3.532526356971700055e-06 -1.020753272244876060e-05 -1.393898019211076058e-05
1.400845738470284443e-06 -9.428715452138524376e-06 -2.098513649449680650e-05 -3.199813115779527812e-05 -4.095709098362291948e-05 -4.621490707939059171e-05 -4.612762058790709999e-05 -3.922335057739742125e-05 -2.438985602242193249e-05 -1.066333196369291959e-06 3.057792684924113017e-05 6.949716028526310534e-05 1.136743462823370295e-04 1.600956452824036464e-04 2.048080237345053633e-04 2.430684541282392835e-04 2.695858702222978963e-04 2.788486991463512161e-04 2.655219541822757346e-04 2.248893629688942879e-04 1.533087052878747639e-04 4.864330926478811030e-05 -8.936973440932453709e-05 -2.588530715477427432e-04 -4.556580388965910874e-04 -6.733945055014092969e-04 -9.036355304738764860e-04 -1.136296866066135005e-03 -1.360176145591496808e-03 -1.563621457788096558e-03 -1.735285375021173009e-03 -1.864909795636598370e-03 -1.944080425521909532e-03 -1.966888284012275907e-03 -1.930439758047713299e-03 -1.835166408688959682e-03 -1.684900367548487765e-03 -1.486699634816030435e-03 -1.250428352414214824e-03 -9.881183178151945867e-04 -7.131576392254486852e-04 -4.393685925718647176e-04 -1.800477741123903113e-04 5.295365422923611291e-05 2.500340744055403754e-04 4.044634673603962941e-04 5.127723154641187922e-04 5.748763799752587122e-04 5.939294718796132768e-04 5.759202228806208079e-04 5.290512828708953275e-04 4.629581848477395132e-04 3.878385413130576876e-04 3.135690138902487390e-04 2.488870370003110630e-04 2.007067026037536459e-04 1.736243530682866193e-04 1.696507199021288258e-04 1.881847795683604802e-04 2.262220211913683115e-04 2.787687134133172298e-04 3.394160064546031729e-04 4.010149093480486768e-04 4.563863997680469306e-04 4.990005823125633891e-04 5.235646853242628511e-04 5.264709458951507453e-04 5.060707506640632018e-04 4.627591092044676044e-04 3.988718145812998432e-04 3.184147063011383890e-04 2.266587244722644305e-04 1.296447234542146606e-04 3.364755553523384769e-05 -5.535049175480865735e-05 -1.321309468519184824e-04 -1.926172481295006862e-04 -2.341328804662651773e-04 -2.555254700590046230e-04 -2.571558075632683323e-04 -2.407629012000049172e-04 -2.092262991871141216e-04 -1.662542754931837239e-04 -1.160305916400475399e-04 -6.285332932446806211e-05 -1.079696360998356423e-05 3.657607890385591214e-05 7.643495072437336661e-05 1.068194688540945137e-04 1.266953482538784453e-04 1.359297651118220084e-04 1.351978401409999414e-04 1.258354011818961927e-04 1.096562604184897190e-04 8.875317809314650804e-05 6.530082283032987442e-05 4.137667127001967059e-05 1.881231438003624066e-05 -9.164939655850723975e-07 -1.675704361409679284e-05 -2.810424685925736084e-05
-8.802531493665188313e-06 -1.489236977082611987e-05 -2.126369311279587958e-05 -2.690390393976879084e-05 -3.054575712987202176e-05 -3.074891902237223903e-05 -2.602108092875007059e-05 -1.497444034816516759e-05 3.491168575592013944e-06 2.999167478151651585e-05 6.446578207174686811e-05 1.060055082891140851e-04 1.527314517447348526e-04 2.017333289255373620e-04 2.490934859277406811e-04 2.900060087947262197e-04 3.189969254650091993e-04 3.302422292326079529e-04 3.179707182309571235e-04 2.769287888112298922e-04 2.028753214831567576e-04 9.306767322075893377e-05 -5.330451018033710749e-05 -2.347816496268186883e-04 -4.474333538086060127e-04 -6.848272929932041828e-04 -9.381892722773901676e-04 -1.196761203306689588e-03 -1.448346840581670337e-03 -1.680017672578338738e-03 -1.878934879043175996e-03 -2.033229467052789785e-03 -2.132873132888163121e-03 -2.170468314412599305e-03 -2.141888092127703681e-03 -2.046705285599896822e-03 -1.888364858672721266e-03 -1.674073540826981604e-03 -1.414403778370927015e-03 -1.122633704257586327e-03 -8.138684756895425872e-04 -5.040087751415903627e-04 -2.086474252024593523e-04 5.801670189925874814e-05 2.841579949791223645e-04 4.611150177946565960e-04 5.839268912186552094e-04 6.515707773424934046e-04 6.668821761699907482e-04 6.361676923923717183e-04 5.685470902143793456e-04 4.750852244678450097e-04 3.677925325042738893e-04 2.585834661829283614e-04 1.582845443912813668e-04 7.577745825112385848e-05 1.734855723537073128e-05 -1.370444884228345234e-05 -1.718253864986161138e-05 4.187218835536394776e-06 4.518044651830109126e-05 9.871134976218083092e-05 1.566093638179337239e-04 2.104597678390486082e-04 2.524286496550762790e-04 2.759973882823584619e-04 2.765434541705435382e-04 2.517214041098275214e-04 2.016185831328820761e-04 1.286820871711325887e-04 3.743479872533796594e-05 -6.598321850777191626e-05 -1.743976132062547259e-04 -2.802480139891811014e-04 -3.762401955612663072e-04 -4.559439836274639798e-04 -5.142872409827662847e-04 -5.479088150809630639e-04 -5.553484358846561648e-04 -5.370676212444054328e-04 -4.953110905095306580e-04 -4.338316020554751091e-04 -3.575114199272204103e-04 -2.719200720076190366e-04 -1.828504073361761004e-04 -9.587333135078183631e-05 -1.594649947747714576e-05 5.289553040210772002e-05 1.077516801352730851e-04 1.469574348831613518e-04 1.700826519949576458e-04 1.778347970010866336e-04 1.718851457114151408e-04 1.546400695917119470e-04 1.289816791121989477e-04 9.800191765770779613e-05 6.475196458212914021e-05 3.202496242555283085e-05 2.185166316309662595e-06 -2.294880934555469806e-05 -4.216435929733209189e-05
-2.000646863988415338e-05 -2.019694180691494799e-05 -2.010868351489796544e-05 -1.910136792235961724e-05 -1.628459226205811747e-05 -1.056674936143297931e-05 -7.442054982050732865e-07 1.437032219754066052e-05 3.578591877128847092e-05 6.414874807794641387e-05 9.954965251642770938e-05 1.413430731758693270e-04 1.879987233571213650e-04 2.370080287874090121e-04 2.848657056727189668e-04 3.271428025699316209e-04 3.586611386662845371e-04 3.737706478943323080e-04 3.667212698770146986e-04 3.321105377239692911e-04 2.653779014627559137e-04 1.633081893747294691e-04 2.450052698289471257e-05 -1.502435516329172333e-04 -3.576574647055592382e-04 -5.919109646548383931e-04 -8.447035655467069384e-04 -1.105563685069993300e-03 -1.362350017596448406e-03 -1.601933132610353083e-03 -1.811017104303319723e-03 -1.977044947501372784e-03 -2.089119523052428151e-03 -2.138864887374402994e-03 -2.121152865473602354e-03 -2.034626412166722076e-03 -1.881964905427933443e-03 -1.669856000849728002e-03 -1.408662527045335521e-03 -1.111799048647994824e-03 -7.948587540750710065e-04 -4.745547190561972585e-04 -1.675579836689906443e-04 1.106737062255361563e-04 3.469795439496278257e-04 5.314005139290985114e-04 6.578285902362110936e-04 7.243451064166397599e-04 7.332202239316535242e-04 6.905754185807893002e-04 6.057409279676283145e-04 4.903672618824993180e-04 3.573715350317209580e-04 2.198134363473989864e-04 8.980075446134107211e-05 -2.247991650338972743e-05 -1.095248732681809159e-04 -1.670057260537393925e-04 -1.939570345544667368e-04 -1.926526013509759303e-04 -1.681927560135150880e-04 -1.278509844950280255e-04 -8.024896079475429822e-05 -3.444256215484749976e-05 9.932966964898816767e-07 1.879642556989406365e-05 1.369226962701731781e-05 -1.714383467114747369e-05 -7.387068327740966417e-05 -1.540207576755817185e-04 -2.527804382671225468e-04 -3.634744579131803793e-04 -4.782011360118707498e-04 -5.885538031359673593e-04 -6.863593452325680031e-04 -7.643670101491197803e-04 -8.168289153617773902e-04 -8.399269063608181662e-04 -8.320169699205442549e-04 -7.936805168817347373e-04 -7.275897018190037938e-04 -6.382098860502743174e-04 -5.313750293330968787e-04 -4.137802859689550987e-04 -2.924399302955181610e-04 -1.741579722985784348e-04 -6.505390979464096635e-05 2.982218558436361844e-05 1.067615805732806704e-04 1.635437620766406596e-04 1.994578497020708550e-04 2.152086002850716402e-04 2.127256445143781540e-04 1.949006869999055525e-04 1.652807290794072151e-04 1.277459471298608316e-04 8.619893805497311212e-05 4.428808508284865105e-05 5.182388728491838480e-06 -2.859110305623196232e-05 -5.524250612828131854e-05
-3.093659753830471475e-05 -2.443665278079401332e-05 -1.706097793332888267e-05 -8.634205028648449763e-06 1.250311101628565416e-06 1.322369562472126923e-05 2.809658569630566058e-05 4.677340286117243496e-05 7.012763938552902046e-05 9.884487400524269527e-05 1.332452893884297123e-04 1.731020810288748098e-04 2.174757316409345375e-04 2.645861058033330314e-04 3.117442183627871372e-04 3.553630299693568903e-04 3.910616284129927057e-04 4.138698336796855929e-04 4.185310686104807762e-04 3.998909865044939470e-04 3.533487876085073497e-04 2.753384817429518168e-04 1.637997020979568754e-04 1.859310597808342194e-05 -1.581852319323105195e-04 -3.620321861333550186e-04 -5.860420292630266238e-04 -8.211076286919122887e-04 -1.056323017061105421e-03 -1.279573830299388700e-03 -1.478283512196979649e-03 -1.640265959507522823e-03 -1.754621275163455001e-03 -1.812602179123320740e-03 -1.808375692194324948e-03 -1.739608711562811837e-03 -1.607817129217305576e-03 -1.418435579738554914e-03 -1.180587418043410521e-03 -9.065601968043452211e-04 -6.110183835626047024e-04 -3.100097714115367326e-04 -1.984249359658331541e-05 2.440764260654443990e-04 4.683440790802847879e-04 6.425122483721697588e-04 7.598033651105677317e-04 8.175294051213008711e-04 8.171772316154997688e-04 7.641536204261772849e-04 6.672138700396605931e-04 5.376265193393092202e-04 3.881504612764266442e-04 2.319173080310561698e-04 8.131960498231928514e-05 -5.299633307342347527e-05 -1.629453539570579514e-04 -2.435578970618787584e-04 -2.932311800870302746e-04 -3.136635481358593424e-04 -3.094882346552439278e-04 -2.876503973811225540e-04 -2.565940241178789891e-04 -2.253410514943956578e-04 -2.025524569011399097e-04 -1.956596942084844713e-04 -2.101450682197753298e-04 -2.490327259875096347e-04 -3.126297979667487536e-04 -3.985322084620067156e-04 -5.018843408821485391e-04 -6.158585569316763928e-04 -7.323016705491101419e-04 -8.424824787134278141e-04 -9.378682986158754214e-04 -1.010859375686764053e-03 -1.055417525005711114e-03 -1.067538349712180258e-03 -1.045533277317635618e-03 -9.901066215928264018e-04 -9.042319904923453930e-04 -7.928498158188447553e-04 -6.624220644187614167e-04 -5.203902076347558751e-04 -3.745876723351600495e-04 -2.326581819774990495e-04 -1.015270067659815659e-04 1.303603611345707531e-05 1.067338851459319424e-04 1.769242733194574145e-04 2.226635503734787310e-04 2.446210298759526653e-04 2.448824233262030079e-04 2.266681873348164341e-04 1.939969396721696014e-04 1.513254271226995734e-04 1.031950648389994756e-04 5.391125409931600305e-05 7.276124471122973124e-06 -3.361127590398039480e-05 -6.648030404519787327e-05
-3.999852869460867374e-05 -2.648821581337321585e-05 -1.157658449825400880e-05 4.386296455629083105e-06 2.125725265225914332e-05 3.914302198985584666e-05 5.840962208127387935e-05 7.965130208856949158e-05 1.036160931056966605e-04 1.310896884928067435e-04 1.627446435501070702e-04 1.989671630383241956e-04 2.396784457596964121e-04 2.841710562152752195e-04 3.309825198390351636e-04 3.778278364169622341e-04 4.216096116005682397e-04 4.585190005142195319e-04 4.842329029517565726e-04 4.942033967964171463e-04 4.840250567010031201e-04 4.498555917183155489e-04 3.888562720700689261e-04 2.996120214750738796e-04 1.824878166184261494e-04 3.987889191227182197e-05 -1.236824385774878705e-04 -3.015908396090494041e-04 -4.854168864101417007e-04 -6.653385725595617386e-04 -8.307354485329422134e-04 -9.709081385361283513e-04 -1.075870830333045631e-03 -1.137153067193245664e-03 -1.148541251465915684e-03 -1.106690699161617291e-03 -1.011546270457610187e-03 -8.665232659121034371e-04 -6.784194492314907492e-04 -4.570521273427187274e-04 -2.146390827780231270e-04 3.503358975333488706e-05 2.775924968924817042e-04 4.991266822129394789e-04 6.872171764173253591e-04 8.318569028439440956e-04 9.261794681400868732e-04 9.669313405401528012e-04 9.546444792750160939e-04 8.934935225912397916e-04 7.908505597793026153e-04 6.565784592466471139e-04 5.021279158735001942e-04 3.395213887669655236e-04 1.803171131943466250e-04 3.464738701001632802e-05 -8.958272970763150184e-05 -1.872664572589241984e-04 -2.563890818975710691e-04 -2.980245456923592785e-04 -3.160434383946185768e-04 -3.165681496334789291e-04 -3.072340604288092882e-04 -2.963325316823204117e-04 -2.919205637656285650e-04 -3.009826591931086129e-04 -3.287227976332645469e-04 -3.780495375552679702e-04 -4.492967995754401081e-04 -5.401990700530288035e-04 -6.461150497761468034e-04 -7.604706119828172481e-04 -8.753725163042534946e-04 -9.823303678706345708e-04 -1.073016906422918481e-03 -1.139996247484182561e-03 -1.177355859505786577e-03 -1.181189896636019795e-03 -1.149897564970751808e-03 -1.084278705495858282e-03 -9.874278287165388912e-04 -8.644456061399501167e-04 -7.220017335947067922e-04 -5.677939396840009974e-04 -4.099540042908891217e-04 -2.564527709385770867e-04 -1.145525651110921683e-04 9.652129579661096644e-06 1.115754167180025951e-04 1.883441290481734174e-04 2.388601409291627353e-04 2.637277360743732241e-04 2.650633258116896459e-04 2.462127667539556770e-04 2.114065690244406053e-04 1.653852750271939337e-04 1.130263741042734910e-04 5.900069548922653724e-05 7.480866333257047795e-06 -3.808218536675896256e-05 -7.510584984523455652e-05
-4.534699747451339646e-05 -2.504772007313517141e-05 -3.028173018315358234e-06 1.981633661601888731e-05 4.278009992731232223e-05 6.544546165285111379e-05 8.775359889819447663e-05 1.100363447540590560e-04 1.330007301350888437e-04 1.576621710660076143e-04 1.852274842137916692e-04 2.169347170882752682e-04 2.538625555468334606e-04 2.967271725699718692e-04 3.456881541465052672e-04 4.001869930668740336e-04 4.588411350208254462e-04 5.194134608345632540e-04 5.788714251141186115e-04 6.335421677720488171e-04 6.793603821556408462e-04 7.121954242544922082e-04 7.282341247709573674e-04 7.243871438350464684e-04 6.986805727375141250e-04 6.505917587193838208e-04 5.812896420048184725e-04 4.937454980853371589e-04 3.926896728807956725e-04 2.844030171241696166e-04 1.763471701871294553e-04 7.665416858062580607e-05 -6.488594556666482964e-06 -6.550895310039671175e-05 -9.411793475621005149e-05 -8.791314995420834895e-05 -4.485783623399451983e-05 3.441587360930305033e-05 1.465169217160289857e-04 2.854375287859058346e-04 4.429253400126181503e-04 6.090611786986589943e-04 7.729975098168992940e-04 9.237958092248410406e-04 1.051289658293350342e-03 1.146895894356723868e-03 1.204299216735377947e-03 1.219946169703314300e-03 1.193301502229366512e-03 1.126841932434865818e-03 1.025787161956867631e-03 8.975931011103528614e-04 7.512551228271475848e-04 5.964874132512677698e-04 4.428562445118060828e-04 2.989490448898110661e-04 1.716570702394723058e-04 6.563772275207662051e-05 -1.699564669202752003e-05 -7.673137978225037445e-05 -1.164644847273783954e-04 -1.410734358690007460e-04 -1.568150544177901885e-04 -1.706004986824842225e-04 -1.892255837303633134e-04 -2.186313815955979491e-04 -2.632662331996974640e-04 -3.256086182303931115e-04 -4.058931477337262379e-04 -5.020611518445549856e-04 -6.099351204152972340e-04 -7.235948696659404286e-04 -8.359148334552857912e-04 -9.392080134042372170e-04 -1.025914029795356669e-03 -1.089266925017502458e-03 -1.123882759129302264e-03 -1.126216871749475537e-03 -1.094854735953882611e-03 -1.030617022948325696e-03 -9.364770904729469636e-04 -8.173058827416113028e-04 -6.794736556747615463e-04 -5.303488187881624186e-04 -3.777407402861030329e-04 -2.293352907447188810e-04 -9.216936299624896300e-05 2.781582795072104833e-05 1.261122991106826755e-04 1.998546853231508366e-04 2.478945013350376337e-04 2.707439730146852012e-04 2.704043611607148006e-04 2.501017413633829789e-04 2.139585559626784963e-04 1.666317172945111795e-04 1.129476956753515415e-04 5.756219586073752924e-05 4.667223809309817804e-06 -4.223779864859182197e-05 -8.050102420301423391e-05
-4.498632044051852682e-05 -1.868892579231091729e-05 9.284733042543903171e-06 3.752067450080468977e-05 6.480069117774302657e-05 9.025948315648658470e-05 1.135201891047402057e-04 1.347923257374400116e-04 1.549181453832347306e-04 1.753570839979084908e-04 1.981031121861679995e-04 2.255360523268855853e-04 2.602147551763200634e-04 3.046267845293385273e-04 3.609152175294116482e-04 4.306076160416174095e-04 5.143745324409218153e-04 6.118446182225370251e-04 7.215002779553194873e-04 8.406719109616282628e-04 9.656404725702717913e-04 1.091848026376995504e-03 1.214205060328964799e-03 1.327472686764656976e-03 1.426688590648315588e-03 1.507598825825378968e-03 1.567054197600569821e-03 1.603330622709285211e-03 1.616337744495965120e-03 1.607688975884866102e-03 1.580618367170702910e-03 1.539744163646605173e-03 1.490694230274844639e-03 1.439623101127543957e-03 1.392662673416666854e-03 1.355357088756820646e-03 1.332136040891517426e-03 1.325879005167804846e-03 1.337615650729768362e-03 1.366395517936143259e-03 1.409344027943365812e-03 1.461903605694639700e-03 1.518240010999568571e-03 1.571776858533168158e-03 1.615807627456269154e-03 1.644125752620737837e-03 1.651610686202594283e-03 1.634711524514891653e-03 1.591779623762176006e-03 1.523216624065600391e-03 1.431422931381510664e-03 1.320552026994266425e-03 1.196095837117528825e-03 1.064343687989554362e-03 9.317702501758457021e-04 8.044149683154326515e-04 6.873160332610750911e-04 5.840559433055808819e-04 4.964637894580508455e-04 4.245028869327694115e-04 3.663530445667326088e-04 3.186766818744557125e-04 2.770392892868648368e-04 2.364393217790801242e-04 1.918920743452428917e-04 1.390074174691467278e-04 7.450283619142420745e-05 -3.399284804278751917e-06 -9.472867384248011063e-05 -1.977009152503362752e-04 -3.088323964183320664e-04 -4.232230100127693916e-04 -5.349770897987666867e-04 -6.377203908096158291e-04 -7.251628052065596389e-04 -7.916535646695867148e-04 -8.326779945990583692e-04 -8.452519959259142089e-04 -8.281814184332377026e-04 -7.821670966939920679e-04 -7.097510958761137989e-04 -6.151141772094305534e-04 -5.037472792699356546e-04 -3.820298084697954346e-04 -2.567539716920714502e-04 -1.346368941194529454e-04 -2.186087877295827533e-05 7.632271567899542863e-05 1.558981710183333013e-04 2.142804168066990878e-04 2.503924942065458557e-04 2.646278844844687111e-04 2.587093229600174863e-04 2.354631556993044340e-04 1.985334626554922097e-04 1.520628286105126783e-04 1.003668054520332029e-04 4.762701346962436527e-05 -2.376109331605027238e-06 -4.647514781047407031e-05 -8.226234223014810307e-05
-3.689795094477472991e-05 -5.941764895087673672e-06 2.611500014134380838e-05 5.741475501402416338e-05 8.634475077375655758e-05 1.117537275287831203e-04 1.331514151548294318e-04 1.508701012582584755e-04 1.661685610365865582e-04 1.812617411341154751e-04 1.992646365680902270e-04 2.240455202021982397e-04 2.599915990828579725e-04 3.116986266439242606e-04 3.836042138448628874e-04 4.795917184766524365e-04 6.025968390201031245e-04 7.542517013862644424e-04 9.346008076231482114e-04 1.141919491106353855e-03 1.372658589112127261e-03 1.621529335353107289e-03 1.881730746433344032e-03 2.145309046774623429e-03 2.403626142369172294e-03 2.647903072086685208e-03 2.869795924511079309e-03 3.061956895618165794e-03 3.218532645540509579e-03 3.335556148307841640e-03 3.411196612970642146e-03 3.445844121054606000e-03 3.442020293432974162e-03 3.404122173641428804e-03 3.338022021368233522e-03 3.250559263233616849e-03 3.148971021274011173e-03 3.040313326442858205e-03 2.930925669704342353e-03 2.825986826779531072e-03 2.729200355200561440e-03 2.642634769097332303e-03 2.566727540109865237e-03 2.500445423236619374e-03 2.441577932559129641e-03 2.387127762807090669e-03 2.333752951419533136e-03 2.278211541976256881e-03 2.217760833541426030e-03 2.150469777054818399e-03 2.075413934094348656e-03 1.992736388317209277e-03 1.903573502083217867e-03 1.809859692847135600e-03 1.714038764599513020e-03 1.618719306711620528e-03 1.526317206412919434e-03 1.438728870077776115e-03 1.357074342574386173e-03 1.281540742033461652e-03 1.211344360108306505e-03 1.144815836139192371e-03 1.079598600191682568e-03 1.012937892923869388e-03 9.420275225971527387e-04 8.643751840136309561e-04 7.781452615904017357e-04 6.824406813092228838e-04 5.774921701999400584e-04 4.647333878723515846e-04 3.467526355300227896e-04 2.271248518418872734e-04 1.101399632808991490e-04 4.540795986691199479e-07 -9.730252139782125109e-05 -1.789228697003286054e-04 -2.409885958326402023e-04 -2.811692576926461433e-04 -2.984289925064923530e-04 -2.931232228438152921e-04 -2.669788986907731297e-04 -2.229626977078930854e-04 -1.650516484012620332e-04 -9.792885456158366159e-05 -2.663269179137170385e-05 4.380937986452071182e-05 1.087314733107062610e-04 1.641365057345386676e-04 2.069374420926746710e-04 2.351169801822112788e-04 2.477979876509379346e-04 2.452249818197394372e-04 2.286642898202135687e-04 2.002366288982651012e-04 1.627002652846314720e-04 1.192054021958557838e-04 7.304097150429079738e-05 2.739370202266001560e-05 -1.486349551802602182e-05 -5.134074887145015516e-05 -8.024960339978148534e-05
-1.918797729397430773e-05 1.461206180680023944e-05 4.823527112954653639e-05 7.950211282223903098e-05 1.065912420645797080e-04 1.283143490408670965e-04 1.443746876529523860e-04 1.555836961106286573e-04 1.640104940572460388e-04 1.730417896850827589e-04 1.873348809946866460e-04 2.126537884915336062e-04 2.555876729152103607e-04 3.231609086672701872e-04 4.223546581511835110e-04 5.595695661492424994e-04 7.400672790815444012e-04 9.674339719392713267e-04 1.243111184286206823e-03 1.566037534384138227e-03 1.932439138642432809e-03 2.335797031023587045e-03 2.767007158215629113e-03 3.214733579654106832e-03 3.665939567488763449e-03 4.106565796691058132e-03 4.522311199243388494e-03 4.899461685874293045e-03 5.225705925182734871e-03 5.490876452514228782e-03 5.687558834125755990e-03 5.811521197522716113e-03 5.861930408959091857e-03 5.841338335967577282e-03 5.755440436314263053e-03 5.612627631264536544e-03 5.423369296825237933e-03 5.199478648189672508e-03 4.953320533553117258e-03 4.697024889283033661e-03 4.441766583511959007e-03 4.197164411530103154e-03 3.970839469753766580e-03 3.768157342467954446e-03 3.592161112997753047e-03 3.443684918215402825e-03 3.321622307002317434e-03 3.223311508033664154e-03 3.144991939932571205e-03 3.082283491549285114e-03 3.030642300211732268e-03 2.985753465971511655e-03 2.943831402816589164e-03 2.901811045933490752e-03 2.857426426083694952e-03 2.809185695495613425e-03 2.756262208479303474e-03 2.698328688827452380e-03 2.635365223832599347e-03 2.567471637590279174e-03 2.494710995518721955e-03 2.417004259374752086e-03 2.334087430447274493e-03 2.245533042733628346e-03 2.150828780620379129e-03 2.049498368180838973e-03 1.941244549698550740e-03 1.826091475847709065e-03 1.704504287455089594e-03 1.577466947719319713e-03 1.446504894441299170e-03 1.313646106104052105e-03 1.181321801028401963e-03 1.052215292857375077e-03 9.290736668477629764e-04 8.145012543389949875e-04 7.107559445940419629e-04 6.195690387268629066e-04 5.420067524376590961e-04 4.783869921872569656e-04 4.282592317538874097e-04 3.904488852086821253e-04 3.631612215308776008e-04 3.441342589590977723e-04 3.308257583203214991e-04 3.206167785431613304e-04 3.110134404753732559e-04 2.998295402549535586e-04 2.853352492526394207e-04 2.663609741360510575e-04 2.423500691418719786e-04 2.133589912376569774e-04 1.800081777028735767e-04 1.433909760734863805e-04 1.049510387857092281e-04 6.634050272198924593e-05 2.927193268702912919e-05 -4.623530485559003856e-06 -3.392095155812127985e-05 -5.750081643437969883e-05 -7.461705909484481550e-05
9.755240135018170347e-06 4.423139679965914714e-05 7.639309049641690441e-05 1.039009737106272421e-04 1.249735250365799247e-04 1.387170987466487771e-04 1.454347274870896700e-04 1.468832668768855500e-04 1.464485760205543117e-04 1.492112601707260597e-04 1.618811588569642624e-04 1.925870851681593405e-04 2.505188760456317915e-04 3.454309016365155350e-04 4.870288798499388099e-04 6.842740653264824113e-04 9.446494736563670457e-04 1.273440640150985204e-03 1.673087524357998396e-03 2.142663841331841380e-03 2.677534964615621831e-03 3.269235658176428833e-03 3.905594756951316811e-03 4.571116464006026378e-03 5.247608477707704083e-03 5.915027290109951472e-03 6.552492431608720157e-03 7.139405880086253584e-03 7.656601821722883172e-03 8.087446618419686858e-03 8.418809902653914476e-03 8.641835321730970479e-03 8.752453129333740214e-03 8.751595538522671802e-03 8.645097980946406593e-03 8.443293279352000885e-03 8.160329169764984208e-03 7.813260555916082956e-03 7.420984505340330606e-03 7.003096861621125463e-03 6.578753543790154083e-03 6.165616849196968452e-03 5.778957736370367824e-03 5.430970113196733479e-03 5.130334071328808594e-03 4.882043619264171165e-03 4.687492766891045159e-03 4.544793759609914129e-03 4.449284577594131776e-03 4.394170840193414168e-03 4.371240811586253258e-03 4.371591545197737842e-03 4.386309014610889449e-03 4.407054531371515024e-03 4.426522619955484961e-03 4.438750330373731831e-03 4.439273156959219584e-03 4.425136815354104199e-03 4.394785853249240370e-03 4.347858519292866104e-03 4.284921984006912973e-03 4.207182822046334064e-03 4.116204954804921802e-03 4.013661677565906125e-03 3.901140850555700514e-03 3.780013828471206604e-03 3.651370243927779587e-03 3.516013238978105658e-03 3.374503847695715323e-03 3.227239408375510727e-03 3.074549285287019474e-03 2.916791700617161684e-03 2.754437785999740325e-03 2.588132566228681496e-03 2.418726903922660629e-03 2.247278870457466212e-03 2.075027031402765926e-03 1.903341323793142706e-03 1.733659287179027111e-03 1.567416283570825320e-03 1.405978053003884270e-03 1.250582683653715969e-03 1.102297105106811621e-03 9.619908677504404289e-04 8.303275825834891075e-04 7.077722609533167479e-04 5.946111428069857357e-04 4.909795784819628557e-04 3.968931828634930615e-04 3.122777736101938276e-04 2.369944256552723423e-04 1.708571598702277950e-04 1.136421467455579867e-04 6.508865843955625292e-05 2.489317939339624969e-05 -7.301038639091224748e-06 -3.191619247986188040e-05 -4.945103027067853990e-05 -6.048823007784434385e-05 -6.569602125503214715e-05 -6.582280238404862940e-05
5.110515171721991597e-05 8.390256620482668733e-05 1.112545009649328152e-04 1.308543512642976149e-04 1.412602060646281832e-04 1.422761702112847822e-04 1.352995941094710039e-04 1.235989159325026317e-04 1.124872858769899227e-04 1.093607157977329590e-04 1.235762871871641565e-04 1.661557760943078218e-04 2.493124294544186558e-04 3.858127703735988144e-04 5.882001793892433546e-04 8.679213661338823407e-04 1.234409391843272136e-03 1.694186334128806089e-03 2.250053859691829132e-03 2.900440022406085023e-03 3.638965052121643454e-03 4.454277727355923297e-03 5.330197623126118472e-03 6.246178085759687346e-03 7.178081648934744700e-03 8.099235553076894814e-03 8.981712047525382270e-03 9.797758252632004020e-03 1.052128538862585720e-02 1.112931864959958508e-02 1.160330792440781959e-02 1.193020633440188862e-02 1.210323788372652705e-02 1.212229643562316717e-02 1.199394416050817563e-02 1.173100648841069078e-02 1.135179007601108334e-02 1.087897791280417747e-02 1.033827912297541687e-02 9.756928302218845217e-03 9.162138931000150463e-03 8.579616766972509787e-03 8.032232118397002532e-03 7.538935254025867262e-03 7.113978293480031044e-03 6.766481653115869084e-03 6.500355743949558403e-03 6.314561503610538473e-03 6.203668768607424958e-03 6.158651425442357788e-03 6.167844210230224306e-03 6.217978849287857795e-03 6.295217184793165666e-03 6.386105599812766723e-03 6.478387458672889981e-03 6.561626970829039646e-03 6.627617134558543704e-03 6.670564372521932059e-03 6.687061351893151991e-03 6.675875732299047308e-03 6.637595006438096190e-03 6.574175433348015268e-03 6.488446032222492180e-03 6.383616888597783839e-03 6.262835214661727212e-03 6.128823606945546162e-03 5.983623865280797080e-03 5.828457763748710538e-03 5.663704445900728975e-03 5.488983660050490189e-03 5.303325643596536534e-03 5.105402627247233524e-03 4.893793893342912246e-03 4.667256044772163243e-03 4.424972340788178166e-03 4.166759167049860837e-03 3.893213343057508585e-03 3.605790391970355689e-03 3.306810477774936238e-03 2.999394890021270937e-03 2.687341269281078981e-03 2.374949889922580836e-03 2.066816063644907019e-03 1.767605046253860335e-03 1.481825790581650475e-03 1.213618656400861258e-03 9.665699988271494840e-04 7.435636851351562189e-04 5.466763236486799678e-04 3.771196036076543434e-04 2.352298878234002945e-04 1.205022735749638769e-04 3.166389404649121641e-05 -3.322062791168514141e-05 -7.661989169762588661e-05 -1.013915119510773618e-04 -1.106319108572534511e-04 -1.075285052819622308e-04 -9.522172762609564878e-05 -7.668303444893694596e-05 -5.461355578113049605e-05
1.054558756877946963e-04 1.342290132314776863e-04 1.533381573177621578e-04 1.607190481257108586e-04 1.556043536713600439e-04 1.389522444981965577e-04 1.138181557200247792e-04 8.562935628306461797e-05 6.232359655889384287e-05 5.431829799432119892e-05 7.428552171545089490e-05 1.367200236753090062e-04 2.573024516735289251e-04 4.520762226064626004e-04 7.364736233658433946e-04 1.124242803478415001e-03 1.626341090594052557e-03 2.249870031283624297e-03 2.997132499440605634e-03 3.864891207608804786e-03 4.843900528034530972e-03 5.918769729990777835e-03 7.068196183120932161e-03 8.265582933444374364e-03 9.480027990098935375e-03 1.067764470193735202e-02 1.182314600262691397e-02 1.288160233214158748e-02 1.382026578956312667e-02 1.461034324198592395e-02 1.522859985493020887e-02 1.565868228182521263e-02 1.589206725689132002e-02 1.592856552046410107e-02 1.577634112164674057e-02 1.545143988994814553e-02 1.497685558422487406e-02 1.438119512287608197e-02 1.369703270063394630e-02 1.295906418932183009e-02 1.220218625519456195e-02 1.145962808238459515e-02 1.076125726595979042e-02 1.013216595655019869e-02 9.591620098535948852e-03 9.152425639147188791e-03 8.820733376549096463e-03 8.596271358966553477e-03 8.472963115966132552e-03 8.439863907248377692e-03 8.482327556988958003e-03 8.583304623590234939e-03 8.724669240478757568e-03 8.888476818055039697e-03 9.058067089163863300e-03 9.218945289765634321e-03 9.359396736634561370e-03 9.470814589115200341e-03 9.547745005276518648e-03 9.587676207636886688e-03 9.590616451166236039e-03 9.558519264591957415e-03 9.494621861750790481e-03 9.402764087794026476e-03 9.286750997839642377e-03 9.149812946974391487e-03 8.994204044007117829e-03 8.820964365401163035e-03 8.629854917737706313e-03 8.419458420081120387e-03 8.187424841556510680e-03 7.930829314738561953e-03 7.646602276545538812e-03 7.331987839588365724e-03 6.984986490851428399e-03 6.604741949528711645e-03 6.191838818024103172e-03 5.748486753310686967e-03 5.278577371224721544e-03 4.787611035043065448e-03 4.282501171379128960e-03 3.771273007034232471e-03 3.262680996042477237e-03 2.765774269042517355e-03 2.289441963375905657e-03 1.841970271127733828e-03 1.430640658860552004e-03 1.061394317476993055e-03 7.385819684354783844e-04 4.648112362204603800e-04 2.408964785716291492e-04 6.590881023763267652e-05 -6.268243081165782594e-05 -1.487909290654317821e-04 -1.974355233471679935e-04 -2.144238633261092678e-04 -2.060190939107879398e-04 -1.786104133566184643e-04 -1.384063522730336494e-04 -9.116654253865760955e-05 -4.198390268446655724e-05
1.727090072576646868e-04 1.953324991691089262e-04 2.029433885794199683e-04 1.939307949958443645e-04 1.685518782076619393e-04 1.294044849749555496e-04 8.180878828033689293e-05 3.405205186058019376e-05 -2.545519284823972994e-06 -1.377800021823817698e-05 1.706361781525381292e-05 1.085662922262074694e-04 2.803380529037018034e-04 5.519493720881332374e-04 9.417219210787997844e-04 1.465431310587144223e-03 2.135004519366054745e-03 2.957301945615359307e-03 3.933077111102922102e-03 5.056203166931014584e-03 6.313244179625721389e-03 7.683431007708478068e-03 9.139077330357122525e-03 1.064644257265093263e-02 1.216701709834956159e-02 1.365917347772180844e-02 1.508009841638066617e-02 1.638789553208568409e-02 1.754373179575698799e-02 1.851389183121267962e-02 1.927160545597611518e-02 1.979852512180939328e-02 2.008575072158868755e-02 2.013432819735404278e-02 1.995518342369130213e-02 1.956849130942248105e-02 1.900251898440062995e-02 1.829201826365739122e-02 1.747627344070785960e-02 1.659693342423356963e-02 1.569577051499402090e-02 1.481251074262946756e-02 1.398287254888334885e-02 1.323693250373594345e-02 1.259791027009193008e-02 1.208143244491918615e-02 1.169529890659522404e-02 1.143973880763528642e-02 1.130810924449405369e-02 1.128796050188420053e-02 1.136236970257279745e-02 1.151143113437127878e-02 1.171378716221136741e-02 1.194808837472935946e-02 1.219428463492404358e-02 1.243466854294333207e-02 1.265461753452946404e-02 1.284300819433853783e-02 1.299230402788092986e-02 1.309834368092960451e-02 1.315987847341652112e-02 1.317792460314169516e-02 1.315500547453794800e-02 1.309436289559348481e-02 1.299921251311728608e-02 1.287210950223190847e-02 1.271447631107412539e-02 1.252632663147841205e-02 1.230620035523669401e-02 1.205130476466792500e-02 1.175783918707112331e-02 1.142146519537147985e-02 1.103787323372531007e-02 1.060338998344220740e-02 1.011556914872772592e-02 9.573711512299114962e-03 8.979267590579055255e-03 8.336087193521274363e-03 7.650493617131352495e-03 6.931174880192486620e-03 6.188899135404716395e-03 5.436074974756625183e-03 4.686188794750220481e-03 3.953159896203310708e-03 3.250659045497998091e-03 2.591437598048931812e-03 1.986712059185739929e-03 1.445643488318720457e-03 9.749430278505779972e-04 5.786248200811286782e-04 2.579165264189246885e-04 1.132647368694218899e-05 -1.651440330437658468e-04 -2.776637375102507200e-04 -3.341373370268867888e-04 -3.437064395719900732e-04 -3.162198205730092971e-04 -2.617067745842136688e-04 -1.898846080985924496e-04 -1.097266581500678509e-04 -2.911114392156304844e-05
2.520004811259084817e-04 2.667748801184681266e-04 2.600769651931652280e-04 2.309451895470286589e-04 1.810032637583300656e-04 1.149754116217234848e-04 4.106388361837999979e-05 -2.886327949121257445e-05 -7.931913168788033101e-05 -9.151246612390572313e-05 -4.394724571200967628e-05 8.669571866728249983e-05 3.244192033593361509e-04 6.925589929844531457e-04 1.212290553550291958e-03 1.901079595284143556e-03 2.771176674028271759e-03 3.828263034519259131e-03 5.070354310231257357e-03 6.487059831131610464e-03 8.059278180487889839e-03 9.759385022520052425e-03 1.155193852914650904e-02 1.339489301900234283e-02 1.524127521275618104e-02 1.704124261118693945e-02 1.874441276635576900e-02 2.030232828486549373e-02 2.167090746874619084e-02 2.281272609414971772e-02 2.369898265839317369e-02 2.431101728770911422e-02 2.464128226720453327e-02 2.469369786321925012e-02 2.448336810012199938e-02 2.403567430398220739e-02 2.338480620720296763e-02 2.257182797684371273e-02 2.164240680272499703e-02 2.064435238492731001e-02 1.962512531669318230e-02 1.862947040423438422e-02 1.769731778233885403e-02 1.686207155189203832e-02 1.614937462631839751e-02 1.557640214546834878e-02 1.515169715109560174e-02 1.487552425055403520e-02 1.474068258305834787e-02 1.473369100220713913e-02 1.483623787142098437e-02 1.502677639922925766e-02 1.528214441670915254e-02 1.557909456081062703e-02 1.589563592980232018e-02 1.621210981189880398e-02 1.651194804240700698e-02 1.678209068259426187e-02 1.701306776241754901e-02 1.719877565643533959e-02 1.733600042798597030e-02 1.742375675529142520e-02 1.746252091437904344e-02 1.745343934288039189e-02 1.739759068500106726e-02 1.729536955446276530e-02 1.714604560379134196e-02 1.694753323316862750e-02 1.669638699605255350e-02 1.638801713064463178e-02 1.601710029245706490e-02 1.557814395034034030e-02 1.506615024109536974e-02 1.447731721855335593e-02 1.380971284798352371e-02 1.306385983228268780e-02 1.224317704687103228e-02 1.135423526598048662e-02 1.040679993656899727e-02 9.413650730453101620e-03 8.390185098089667989e-03 7.353829672538498945e-03 6.323297849304846362e-03 5.317743122174083993e-03 4.355864998085318476e-03 3.455027098417007454e-03 2.630445300205736057e-03 1.894497761498629539e-03 1.256199019806299340e-03 7.208679261421064004e-04 2.900050372403012010e-04 -3.861961802803124885e-05 -2.706816175204443311e-04 -4.148458177689994929e-04 -4.821744329854617565e-04 -4.854423252330082139e-04 -4.384058870860827600e-04 -3.550720128563522723e-04 -2.490105296900289021e-04 -1.327475539382620760e-04 -1.726919066500937506e-05
3.416772926720930241e-04 3.475088356836954825e-04 3.243844449747431856e-04 2.721569386654899142e-04 1.941272751037814367e-04 9.760338983755213922e-05 -5.738367699362201257e-06 -9.974827528529475740e-05 -1.640022892894179478e-04 -1.743356424902474909e-04 -1.037198317030880741e-04 7.653328213702874014e-05 3.952833630047449323e-04 8.798590359157467018e-04 1.554234253749878355e-03 2.437195908647284224e-03 3.540626980626122682e-03 4.868032905142700810e-03 6.413432609074227846e-03 8.160719532237643153e-03 1.008357247867170715e-02 1.214596273803771054e-02 1.430326477278995485e-02 1.650393570320833614e-02 1.869168707527359835e-02 2.080803434385249812e-02 2.279507836852635513e-02 2.459835177151318067e-02 2.616955329634874927e-02 2.746899645329526837e-02 2.846761480726481622e-02 2.914839423280009625e-02 2.950714028714288353e-02 2.955253364506427519e-02 2.930547480502510363e-02 2.879776722816904458e-02 2.807023196311202867e-02 2.717038326464373682e-02 2.614982102069901559e-02 2.506151013680904538e-02 2.395711859840086999e-02 2.288457501819583101e-02 2.188598437131594396e-02 2.099600948143227896e-02 2.024078844629173882e-02 1.963741775094820369e-02 1.919399056459342862e-02 1.891014270581901913e-02 1.877802760120106038e-02 1.878361823004578990e-02 1.890821976861943934e-02 1.913007184888563736e-02 1.942592369109272937e-02 1.977247784227904176e-02 2.014761730372538820e-02 2.053135454322369685e-02 2.090646716144976477e-02 2.125881170498431297e-02 2.157733232709497379e-02 2.185380299881286431e-02 2.208235943732213963e-02 2.225888893327083312e-02 2.238035234720223837e-02 2.244411265917682294e-02 2.244733894039931121e-02 2.238654416051515106e-02 2.225730081910722719e-02 2.205416117439612869e-02 2.177079014951910710e-02 2.140030019527941474e-02 2.093575982141061831e-02 2.037083241622270405e-02 1.970049041846539187e-02 1.892174270024869764e-02 1.803431067753865497e-02 1.704119135301903135e-02 1.594905301954952989e-02 1.476842115743524572e-02 1.351362726545134174e-02 1.220251082698893715e-02 1.085588299746929192e-02 9.496778493215771166e-03 8.149538180566953324e-03 6.838777764886974815e-03 5.588306766079913397e-03 4.420065974260736254e-03 3.353150526905527510e-03 2.402979766721527813e-03 1.580664652680531220e-03 8.926095768296096224e-04 3.403691257352695065e-04 -7.923707759415355573e-05 -3.737654520295448412e-04 -5.545750371374825105e-04 -6.360820564714560373e-04 -6.348943178887769302e-04 -5.688825978575962668e-04 -4.562471880905600652e-04 -3.146347097162785814e-04 -1.603535954036292466e-04 -7.727031742933601448e-06
4.393304683837212770e-04 4.358645016114802168e-04 3.950927285444321303e-04 3.178028937301713083e-04 2.092303747185369350e-04 7.966445413900040060e-05 -5.521498089067992249e-05 -1.743376587847904943e-04 -2.516302950744155054e-04 -2.568178342676282378e-04 -1.566366023532843668e-04 8.357458100752171264e-05 4.979722194564397374e-04 1.118092945278210092e-03 1.970649932970272317e-03 3.075384777366376582e-03 4.443128286649574051e-03 6.074221925363401664e-03 7.957437816711558989e-03 1.006950948804167384e-02 1.237534920085125653e-02 1.482898305873812592e-02 1.737518532836283131e-02 1.995174237494271030e-02 2.249222846007113349e-02 2.492913448053625525e-02 2.719716021278029139e-02 2.923646364558091584e-02 3.099565932035433860e-02 3.243437175070984502e-02 3.352517908639011252e-02 3.425482402845814178e-02 3.462462026250567870e-02 3.465003918383388615e-02 3.435951881271164660e-02 3.379258987789744706e-02 3.299745882246012812e-02 3.202822048847350084e-02 3.094189209695357920e-02 2.979546378250420499e-02 2.864314965459399676e-02 2.753399871452200803e-02 2.650998962832894212e-02 2.560469080923978222e-02 2.484252140433425640e-02 2.423860356594507992e-02 2.379915545707360705e-02 2.352234079592267768e-02 2.339946652575996405e-02 2.341640654660009577e-02 2.355512649421067500e-02 2.379519149729409505e-02 2.411515411764468195e-02 2.449374117281324231e-02 2.491078346199542687e-02 2.534785913407093180e-02 2.578864730971527214e-02 2.621901171493353638e-02 2.662685308989492031e-02 2.700178311095369557e-02 2.733468111701297526e-02 2.761719812200103680e-02 2.784127083781974543e-02 2.799870239497796037e-02 2.808085695315249569e-02 2.807850333175867033e-02 2.798182905813603044e-02 2.778063169291773715e-02 2.746467976379139697e-02 2.702422188247086132e-02 2.645061034656027987e-02 2.573699539690972246e-02 2.487903890699339274e-02 2.387559213016201415e-02 2.272928160371974829e-02 2.144695061441171183e-02 2.003991075893205714e-02 1.852396882071351628e-02 1.691920789033865558e-02 1.524951757135448692e-02 1.354188519160249779e-02 1.182547696907418171e-02 1.013055377023592413e-02 8.487279189368524684e-03 6.924487059442250604e-03 5.468480325579330378e-03 4.141932965969957747e-03 2.962961234136345795e-03 1.944420251234200850e-03 1.093467636581455394e-03 4.114185154937680979e-04 -1.061027748386249650e-04 -4.687281758974954238e-04 -6.906604277656330868e-04 -7.897837687757679366e-04 -7.866295618853760699e-04 -7.032627056971645129e-04 -5.621569384261270244e-04 -3.851245659112804368e-04 -1.923591598464735337e-04 -1.639131362583356837e-06
5.418863669881939524e-04 5.295767885749311839e-04 4.709707128215891072e-04 3.678571797176533823e-04 2.275908886039813665e-04 6.375272677095877166e-05 -1.035427045948504338e-04 -2.477696068250304431e-04 -3.365968657220911155e-04 -3.329993637645942400e-04 -1.968597975028176569e-04 1.129940882590597245e-04 6.364121291753109012e-04 1.409336235614997313e-03 2.461168462123948172e-03 3.812273790131173734e-03 5.471805275919895163e-03 7.436031118640143781e-03 9.687319983027400591e-03 1.219390339054618466e-02 1.491048435314999698e-02 1.777970309990913392e-02 2.073440818225994256e-02 2.370061953165429267e-02 2.660101447743664846e-02 2.935872331128625001e-02 3.190119191823988232e-02 3.416385826844284268e-02 3.609339860447225573e-02 3.765032764346606942e-02 3.881078294957984731e-02 3.956738311795415103e-02 3.992911755826519110e-02 3.992029666228986973e-02 3.957865890317582153e-02 3.895279017715184977e-02 3.809905556726737863e-02 3.707827113172292716e-02 3.595235141721457583e-02 3.478115711948680244e-02 3.361973840205476072e-02 3.251612615841114468e-02 3.150977048073996117e-02 3.063066800603597359e-02 2.989916303682658635e-02 2.932635638453905472e-02 2.891501490305546998e-02 2.866084658431824680e-02 2.855399234888246832e-02 2.858058625953481535e-02 2.872424941134871235e-02 2.896740667434052549e-02 2.929234648064125285e-02 2.968197829150732298e-02 3.012027663983790279e-02 3.059243153584515276e-02 3.108475007425410760e-02 3.158437170740220623e-02 3.207886921234166105e-02 3.255580913164502627e-02 3.300234039124117641e-02 3.340486939345718720e-02 3.374886591482428172e-02 3.401882839444143186e-02 3.419842128494041122e-02 3.427078232975198230e-02 3.421898479766934120e-02 3.402662930971674105e-02 3.367853204292189234e-02 3.316147064696149671e-02 3.246494588556144562e-02 3.158191551974705996e-02 3.050945706252508258e-02 2.924931765825084656e-02 2.780831251235880638e-02 2.619853815427893029e-02 2.443737352373017563e-02 2.254725053589874684e-02 2.055518636624990500e-02 1.849208194626065366e-02 1.639180456688923287e-02 1.429008628314057047e-02 1.222328302887197918e-02 1.022705089177963766e-02 8.335004762021851893e-03 6.577429572095215907e-03 4.980114853364166552e-03 3.563378958286185505e-03 2.341340067359622568e-03 1.321477488807383180e-03 5.045096565035017255e-04 -1.154041282851018830e-04 -5.501513157744057810e-04 -8.168755685070769193e-04 -9.369576384750864751e-04 -9.348307274309475019e-04 -8.367022884496335767e-04 -6.692579178883376360e-04 -4.584213269932912570e-04 -2.282376685224249760e-04 6.357210425916512420e-08
6.457535252973633285e-04 6.258553769249476650e-04 5.503145815205427553e-04 4.219290119672094823e-04 2.502718916278521069e-04 5.241603031978857123e-05 -1.467875287659255786e-04 -3.149647470076102169e-04 -4.130648383112450620e-04 -3.968145928723855161e-04 -2.187513625104406043e-04 1.692442379890414864e-04 8.130433940184537706e-04 1.753162530612210803e-03 3.021659093194648503e-03 4.639253298926102054e-03 6.612902446045920181e-03 8.934038876475669869e-03 1.157764856048109844e-02 1.450231603975430002e-02 1.765129635816283307e-02 2.095460037723742217e-02 2.433200242992204429e-02 2.769680518987966897e-02 3.096013256745591691e-02 3.403547344856796414e-02 3.684317202567214539e-02 3.931455744857381002e-02 4.139542754576513994e-02 4.304864713342276827e-02 4.425568738877370956e-02 4.501701340104089649e-02 4.535131534054021724e-02 4.529366691030643072e-02 4.489277502235854145e-02 4.420754986059535069e-02 4.330326898647343659e-02 4.224762925679858422e-02 4.110697477289666779e-02 3.994295906890781012e-02 3.880984880844980806e-02 3.775260986371620220e-02 3.680584160788993864e-02 3.599354897766942479e-02 3.532967160355822422e-02 3.481923139426539027e-02 3.445991919661787334e-02 3.424392036332561673e-02 3.415977890412279228e-02 3.419411889596643550e-02 3.433307665161950545e-02 3.456334306579599697e-02 3.487276704650744963e-02 3.525052231625413340e-02 3.568688592492327144e-02 3.617271334641621733e-02 3.669871920615438987e-02 3.725468325058666624e-02 3.782869843523830461e-02 3.840656367205630417e-02 3.897140059318728728e-02 3.950354504449483939e-02 3.998073348470197741e-02 4.037857535115364077e-02 4.067127747398104065e-02 4.083256764866861205e-02 4.083675243773250696e-02 4.065983917140227749e-02 4.028065318445721993e-02 3.968188724092718694e-02 3.885102925821436182e-02 3.778112523402228640e-02 3.647134531097772497e-02 3.492733117881335891e-02 3.316131197335524944e-02 3.119198340697008909e-02 2.904415135526031838e-02 2.674814706521522895e-02 2.433902714411987495e-02 2.185557803957105874e-02 1.933915209304187463e-02 1.683237037868524563e-02 1.437773600776419934e-02 1.201620965494613891e-02 9.785805795541439867e-03 7.720272502604013341e-03 5.847918687585655639e-03 4.190649657552735635e-03 2.763264444216107125e-03 1.573056614844147143e-03 6.197447498148883280e-04 -1.042595520920354922e-04 -6.132580733859999567e-04 -9.273784361754503283e-04 -1.071442320794011504e-03 -1.073654029922505504e-03 -9.641844712455552562e-04 -7.737308760865499110e-04 -5.321321874453170198e-04 -2.671141457600326695e-04 -3.227252309625193438e-06
7.470172598670102825e-04 7.214961568479580888e-04 6.309632526576745230e-04 4.791752410188668439e-04 2.779307574608822287e-04 4.786961968957816060e-05 -1.812723878640003661e-04 -3.710543172078755282e-04 -4.754283551917065209e-04 -4.425578690803972726e-04 -2.173105465946086230e-04 2.556779147618957332e-04 1.028531946494579390e-03 2.146468799396282576e-03 3.644186059998412268e-03 5.542574372483322596e-03 7.846024935735685171e-03 1.054057779826780145e-02 1.359311084526797914e-02 1.695170295758478482e-02 2.054722251102299169e-02 2.429610039089894966e-02 2.810415258441580078e-02 3.187122943902642030e-02 3.549639501661215613e-02 3.888328791376045174e-02 4.194529007062133830e-02 4.461013575206523168e-02 4.682362959737698671e-02 4.855220801182982132e-02 4.978416702389264897e-02 5.052948448247376878e-02 5.081827585273906989e-02 5.069803081458777727e-02 5.022987249579174279e-02 4.948415379837532019e-02 4.853574930973751644e-02 4.745941291743677876e-02 4.632554983901315121e-02 4.519669995500062709e-02 4.412495268206213794e-02 4.315042010180894505e-02 4.230079414672106852e-02 4.159191532672836672e-02 4.102919420747056650e-02 4.060966055579819101e-02 4.032437437049152251e-02 4.016092070264157265e-02 4.010572599278977579e-02 4.014597446867334413e-02 4.027096337623208011e-02 4.047280814268337801e-02 4.074648481738457617e-02 4.108926919358665830e-02 4.149969271422161016e-02 4.197617910733908442e-02 4.251554934624868221e-02 4.311158503810703230e-02 4.375382309044670986e-02 4.442672086812022442e-02 4.510928588578434761e-02 4.577521304798531226e-02 4.639352132417794150e-02 4.692963575531525211e-02 4.734682397226609718e-02 4.760787165841311175e-02 4.767686970243566191e-02 4.752098670656493273e-02 4.711211226965299897e-02 4.642827633721330338e-02 4.545477468674252730e-02 4.418495703840052968e-02 4.262065945672263712e-02 4.077228442348207471e-02 3.865854885932576424e-02 3.630593199877803906e-02 3.374786174069387829e-02 3.102368088791444822e-02 2.817743490342540513e-02 2.525652187615622449e-02 2.231024455986476210e-02 1.938830449297666153e-02 1.653927969064106565e-02 1.380913005365537287e-02 1.123977782108310890e-02 8.867813127239604701e-03 6.723375882293739988e-03 4.829263707332262512e-03 3.200310695738487702e-03 1.843072920663814569e-03 7.558439345861645009e-04 -7.099240172332493479e-05 -6.542825149970848617e-04 -1.017126764100123593e-03 -1.187653807765631829e-03 -1.197608990970882572e-03 -1.080831799858116352e-03 -8.717042159388167961e-04 -6.036529512812424583e-04 -3.077839272030845515e-04 -1.171735279231213810e-05
8.416695704208279442e-04 8.130294885575354083e-04 7.103478133513275398e-04 5.382399919096930892e-04 3.106457923492214092e-04 5.171548841401011135e-05 -2.039500418974883513e-04 -4.118207146584430172e-04 -5.187879812442982089e-04 -4.653530502375948473e-04 -1.885927997235950851e-04 3.742273582934101117e-04 1.281592254864438382e-03 2.583484216952101290e-03 4.317237933173940709e-03 6.503822961031344163e-03 9.144869401175023671e-03 1.222072041988330610e-02 1.568973659619068289e-02 1.948899458817740862e-02 2.353642195784729635e-02 2.773429893866286369e-02 3.197394580777121464e-02 3.614131141109361289e-02 4.012309414159514337e-02 4.381296992699747206e-02 4.711747901924596277e-02 4.996113813612031163e-02 5.229039688386993845e-02 5.407614386940070433e-02 5.531458155289398909e-02 5.602641990746206474e-02 5.625447559440751449e-02 5.605989305965419084e-02 5.551731457257372271e-02 5.470940731085366382e-02 5.372119947896598913e-02 5.263468008308685997e-02 5.152407839374969351e-02 5.045216342934995962e-02 4.946779879431661281e-02 4.860486458313661301e-02 4.788252824051617701e-02 4.730672310782607637e-02 4.687258882515064201e-02 4.656755157121635069e-02 4.637468092733518926e-02 4.627595677273715902e-02 4.625511288693678197e-02 4.629978892028351056e-02 4.640281105279146778e-02 4.656252380659126056e-02 4.678219995514668744e-02 4.706865140451443191e-02 4.743024186888767507e-02 4.787455507718817171e-02 4.840599611709376499e-02 4.902359764087963617e-02 4.971926950818358198e-02 5.047667523217320290e-02 5.127084851182613784e-02 5.206858641098354584e-02 5.282958069251286748e-02 5.350818289224133772e-02 5.405564777744716054e-02 5.442266761844846007e-02 5.456199760817070227e-02 5.443097991671124597e-02 5.399379743790022612e-02 5.322332401651547890e-02 5.210248079428010659e-02 5.062505311756716059e-02 4.879596454128337646e-02 4.663104015240174954e-02 4.415631832297733927e-02 4.140698708849015197e-02 3.842602895984831290e-02 3.526265752922056601e-02 3.197062286888781996e-02 2.860645292625661404e-02 2.522768729563228465e-02 2.189114989789576679e-02 1.865129957334706740e-02 1.555869297431258270e-02 1.265859225838877195e-02 9.989750119993640390e-03 7.583405417539859986e-03 5.462522641950978523e-03 3.641306403337160082e-03 2.125016980336136025e-03 9.101042655592118946e-04 -1.533478408105798732e-05 -6.707851746114623561e-04 -1.082256172966051177e-03 -1.280980701039284705e-03 -1.301931248811729128e-03 -1.182224287326836317e-03 -9.594933229676239550e-04 -6.703135499609770044e-04 -3.487580967556766151e-04 -2.515725214308228187e-05
9.258580414666013093e-04 8.968973804940327810e-04 7.855764790175787105e-04 5.972327880992174542e-04 3.477809124328174600e-04 6.469677330756353796e-05 -2.127447420672891895e-04 -4.341094664778270829e-04 -5.393959575702509789e-04 -4.615849888172744980e-04 -1.300725563225225111e-04 5.251698810870733362e-04 1.568942498772177025e-03 3.055972720446414881e-03 5.026228074185574990e-03 7.500757145567456784e-03 1.047842164333042184e-02 1.393384265985322945e-02 1.781681294764992513e-02 2.205332829123447455e-02 2.654827164906087972e-02 3.118965302728424205e-02 3.585417717864302495e-02 4.041379215917647455e-02 4.474277614697113464e-02 4.872485781766623669e-02 5.225984441213592929e-02 5.526925528690660588e-02 5.770052691563182928e-02 5.952946337935512838e-02 6.076074564128074867e-02 6.142647128534132334e-02 6.158285958514111980e-02 6.130540956674550290e-02 6.068292659993761162e-02 5.981092363310593074e-02 5.878494760672119818e-02 5.769437544800453538e-02 5.661716797730689116e-02 5.561596965795069514e-02 5.473580746757007037e-02 5.400348676164180156e-02 5.342862136205627638e-02 5.300608514767308349e-02 5.271954777594917152e-02 5.254566963384647155e-02 5.245848848000987663e-02 5.243353548307919110e-02 5.245126944656570284e-02 5.249950820835443122e-02 5.257465492341914515e-02 5.268165097498761495e-02 5.283272228452104424e-02 5.304510793197531049e-02 5.333805731130451810e-02 5.372944572392737012e-02 5.423238349321041901e-02 5.485217978821887302e-02 5.558397292648242782e-02 5.641126105648354427e-02 5.730547042756137244e-02 5.822659391885143948e-02 5.912483117640822405e-02 5.994307352563182922e-02 6.062000958444425935e-02 6.109358618801390833e-02 6.130454570496725319e-02 6.119977386819986515e-02 6.073522799171856418e-02 5.987826804668301001e-02 5.860927553344082164e-02 5.692251017584148282e-02 5.482621553482944221e-02 5.234203631843414861e-02 4.950384881495188683e-02 4.635612979024059110e-02 4.295199854540691226e-02 3.935106341097117238e-02 3.561719070715867880e-02 3.181629471062490111e-02 2.801422510691003315e-02 2.427480704566922429e-02 2.065807074778876554e-02 1.721869413707118046e-02 1.400467362332887683e-02 1.105623442311060890e-02 8.404991397123189045e-03 6.073372590950814817e-03 4.074318653640826744e-03 2.411270442135665399e-03 1.078453218986660019e-03 6.145836044875148743e-05 -6.618874560468950181e-04 -1.120389241395573299e-03 -1.348125520561701315e-03 -1.382918410384483682e-03 -1.264698156999826632e-03 -1.033837586088016351e-03 -7.295363784317562307e-04 -3.883340084638970627e-04 -4.282340370369589963e-05
9.961348370567425781e-04 9.696488306831702909e-04 8.535538557324770167e-04 6.537542146370528030e-04 3.879076681396805698e-04 8.651593288637958977e-05 -2.068263826685923581e-04 -4.361712756907294773e-04 -5.350284827952207951e-04 -4.292519120790011522e-04 -4.091497155369553523e-05 7.070051377672434932e-04 1.885402831725556914e-03 3.553623091784577012e-03 5.754240932844963477e-03 8.508462243548779724e-03 1.181255628460019420e-02 1.563568276864915271e-02 1.991939327470130389e-02 2.457897231504364843e-02 2.950664564178245158e-02 3.457653323726245231e-02 3.965107481571582965e-02 4.458852041317903220e-02 4.925097116449136947e-02 5.351238723725524477e-02 5.726595956311061886e-02 6.043027374480583469e-02 6.295377773185684145e-02 6.481719389498971640e-02 6.603368060047809518e-02 6.664673400999313047e-02 6.672601074055538317e-02 6.636142838882531925e-02 6.565604677794428801e-02 6.471833377130212228e-02 6.365446544158323561e-02 6.256129643858107658e-02 6.152056365303948393e-02 6.059476172837910402e-02 5.982496488699817760e-02 5.923068219461403994e-02 5.881164140519935107e-02 5.855121891964256559e-02 5.842108755122597114e-02 5.838655368045764238e-02 5.841201007560796465e-02 5.846594343692267104e-02 5.852500381853589784e-02 5.857675806256471690e-02 5.862089817133439573e-02 5.866884193232137917e-02 5.874182955599452360e-02 5.886776963596479506e-02 5.907720582071604443e-02 5.939885147745289917e-02 5.985516746212996009e-02 6.045843728880039708e-02 6.120772901383458170e-02 6.208703287536773002e-02 6.306474019569681400e-02 6.409449601452496537e-02 6.511732925567408070e-02 6.606485245264820394e-02 6.686323806126354130e-02 6.743762656309273962e-02 6.771660537904639066e-02 6.763641565461442351e-02 6.714459142892817423e-02 6.620280515589201109e-02 6.478877606086677621e-02 6.289718402452747215e-02 6.053961286703197359e-02 5.774361587719952643e-02 5.455104816931048012e-02 5.101584239898712680e-02 4.720141643001680293e-02 4.317789577342141805e-02 3.901931371268878984e-02 3.480092266127681605e-02 3.059671643542257596e-02 2.647722937813064975e-02 2.250764837906259544e-02 1.874625032784477813e-02 1.524316158921438895e-02 1.203942757047836432e-02 9.166378154688754193e-03 6.645276738562654918e-03 4.487244531823012320e-03 2.693455377512621405e-03 1.255597762251055034e-03 1.565986625690516873e-04 -6.284020453549753280e-04 -1.130847376311452197e-03 -1.387362042966989182e-03 -1.438200197910954273e-03 -1.325600417029677847e-03 -1.092116141333912636e-03 -7.789957172420927493e-04 -4.246870437460993890e-04 -6.353715511648325501e-05
1.049685867764685483e-03 1.028140436616996767e-03 9.111302647509850368e-04 7.049745684230227655e-04 4.288000212445022656e-04 1.157414302220458567e-04 -1.867846970838341839e-04 -4.178965928922621529e-04 -5.052458878224332789e-04 -3.682022674055787821e-04 7.787230213039718699e-05 9.164603071858878555e-04 2.224135653960060063e-03 4.064603707678551142e-03 6.482976140636179455e-03 9.500748430220482335e-03 1.311193535878347680e-02 1.728076615161273921e-02 2.194124707187544016e-02 2.699877050598199768e-02 3.233379481370481784e-02 3.780745076786412584e-02 4.326876286891495615e-02 4.856302280747969158e-02 5.354073298244869938e-02 5.806646330761254526e-02 6.202694405058436361e-02 6.533775589136248119e-02 6.794807499292004893e-02 6.984307912159673504e-02 7.104380883841510119e-02 7.160448918239271932e-02 7.160753282532507369e-02 7.115664506391586319e-02 7.036861488486709226e-02 6.936448836468422918e-02 6.826086931844954631e-02 6.716207197696680287e-02 6.615376295019995134e-02 6.529858302292285144e-02 6.463404766505856380e-02 6.417280738859175437e-02 6.390512679726691181e-02 6.380323634631211716e-02 6.382704357748569812e-02 6.393057705287688575e-02 6.406848684219763890e-02 6.420194395575665181e-02 6.430336424176642807e-02 6.435952006692316485e-02 6.437278022670066269e-02 6.436041594960205392e-02 6.435210795128581962e-02 6.438596629967113794e-02 6.450351417205733850e-02 6.474417572384437436e-02 6.513984024257095384e-02 6.571004874354348380e-02 6.645827042267665741e-02 6.736961536617459834e-02 6.841018090331381363e-02 6.952806836250653710e-02 7.065595137881142129e-02 7.171494138547747366e-02 7.261939253116887760e-02 7.328222489508454118e-02 7.362032474096129320e-02 7.355960220207978517e-02 7.303934461923394794e-02 7.201558895497872648e-02 7.046333849310573716e-02 6.837755597463208990e-02 6.577296664434134632e-02 6.268279135817314551e-02 5.915659544823542032e-02 5.525747994517096057e-02 5.105885751587996291e-02 4.664104829267802510e-02 4.208790497317882462e-02 3.748363784084204203e-02 3.290996490147036352e-02 2.844366609069510013e-02 2.415457849290748166e-02 2.010403534205749271e-02 1.634372724336223895e-02 1.291494993194157101e-02 9.848197920459501528e-03 7.163065474610491243e-03 4.868422774995169455e-03 2.962843020634501213e-03 1.435263037847397949e-03 2.658637398677650074e-04 -5.728435649098712317e-04 -1.114743690485444933e-03 -1.398683939915545960e-03 -1.466918050476180091e-03 -1.363476768143100960e-03 -1.132524158406807407e-03 -8.167658106083591947e-04 -4.559777735928455863e-04 -8.572255527239565354e-05
1.084520978357372822e-03 1.069728194720459633e-03 9.552738625846117840e-04 7.477663050310407594e-04 4.675113400087831626e-04 1.498207558775035454e-04 -1.546785787501532691e-04 -3.809130689131626419e-04 -4.515097517900506802e-04 -2.802281473900511063e-04 2.234269858565826605e-04 1.148629082554790230e-03 2.577014312678469789e-03 4.576243550281623024e-03 7.193822623792246913e-03 1.045169043957418394e-02 1.434207108977788095e-02 1.882502740801486954e-02 2.382805079457554764e-02 2.924788107908284779e-02 3.495458056222263549e-02 4.079770165695120743e-02 4.661420378634699435e-02 5.223760959041535978e-02 5.750775972715870682e-02 6.228044403859844813e-02 6.643616510642608164e-02 6.988733352884433925e-02 7.258330179691810380e-02 7.451280825547382247e-02 7.570361114737407526e-02 7.621932708863596306e-02 7.615372714759810480e-02 7.562296442421109766e-02 7.475638812842580472e-02 7.368672244860426102e-02 7.254044110632944242e-02 7.142914433674052432e-02 7.044264563301780302e-02 6.964431006395153945e-02 6.906897020345602323e-02 6.872350079732963968e-02 6.858988338672436513e-02 6.863036190493136679e-02 6.879410241239024282e-02 6.902464285221086848e-02 6.926736387532408945e-02 6.947623372687829202e-02 6.961917528602473704e-02 6.968156052588250771e-02 6.966753964456867676e-02 6.959913740688056238e-02 6.951327445359706259e-02 6.945707375845847076e-02 6.948197236399453192e-02 6.963726136870219963e-02 6.996371465500207665e-02 7.048793788312203434e-02 7.121797957119885281e-02 7.214060736642372018e-02 7.322048108174430969e-02 7.440126844862923750e-02 7.560856894634566949e-02 7.675435299702999814e-02 7.774250235400118059e-02 7.847496208106788385e-02 7.885798919874034696e-02 7.880800654143024775e-02 7.825663646568553622e-02 7.715458780709814890e-02 7.547418850961259973e-02 7.321048235600489951e-02 7.038092852316273074e-02 6.702384647649758942e-02 6.319582806714652001e-02 5.896838907143695657e-02 5.442415279786592258e-02 4.965285098456997254e-02 4.474739681134141944e-02 3.980023798266719287e-02 3.490014181431461138e-02 3.012950624397043795e-02 2.556223691438030271e-02 2.126218564863982877e-02 1.728211260360954307e-02 1.366311408884434211e-02 1.043444968414553378e-02 7.613703727813791317e-03 5.207224458955632060e-03 3.210795723830918175e-03 1.610508009716836789e-03 3.838050446686599136e-04 -4.993124417217486080e-04 -1.074943705934904362e-03 -1.383827767623161883e-03 -1.469795715256967021e-03 -1.378174900008194079e-03 -1.154193992430762542e-03 -8.414455774572444750e-04 -4.804671353911627377e-04 -1.075007872280969029e-04
1.099608590036537607e-03 1.092436349571360155e-03 9.832555453974205217e-04 7.788858017282618978e-04 5.005355404606184021e-04 1.852082645579958102e-04 -1.139462958618107143e-04 -3.285277439561757511e-04 -3.771378588573932357e-04 -1.689992741714888697e-04 3.911676569071879245e-04 1.397238704361492174e-03 2.935094708091827431e-03 5.075788247157188293e-03 7.868980399650272323e-03 1.133719157197131226e-02 1.547139687001660574e-02 2.022843457665216352e-02 2.553058711768409900e-02 3.126754330837604179e-02 3.730076913201418182e-02 4.347011621116583791e-02 4.960229970544651618e-02 5.552069910866451463e-02 6.105579432097305026e-02 6.605546105115736588e-02 7.039432551941329774e-02 7.398142443326712059e-02 7.676553158783334940e-02 7.873768960800203720e-02 7.993071023822370669e-02 8.041565976597039866e-02 8.029560459196254107e-02 7.969713119111898614e-02 7.876035137263119601e-02 7.762823800500269489e-02 7.643619408323362729e-02 7.530273237695501998e-02 7.432203533779334348e-02 7.355898515454489806e-02 7.304701892887897896e-02 7.278889674351614325e-02 7.276019716914582103e-02 7.291510246440259524e-02 7.319382919903516527e-02 7.353091937096570274e-02 7.386354554484633739e-02 7.413900615262329630e-02 7.432069022183571128e-02 7.439196258224226033e-02 7.435764234580100052e-02 7.424299569988976333e-02 7.409041315309726483e-02 7.395416625502135299e-02 7.389381761438006124e-02 7.396697433033801172e-02 7.422211928969854600e-02 7.469222547124212963e-02 7.538976136799643846e-02 7.630354350095536198e-02 7.739770241665275274e-02 7.861282214199001583e-02 7.986911103672963974e-02 8.107128390813081453e-02 8.211469708721465255e-02 8.289219079490064979e-02 8.330106155027677817e-02 8.324961059740725033e-02 8.266278590620929068e-02 8.148654444314311351e-02 7.969069445726828516e-02 7.727011966038516144e-02 7.424442406420861396e-02 7.065615550098706954e-02 6.656785820034823165e-02 6.205826467184754475e-02 5.721796292756662489e-02 5.214486881093591264e-02 4.693979992722255301e-02 4.170239454543429175e-02 3.652755405982433673e-02 3.150251937174376737e-02 2.670462718622241063e-02 2.219973742169988398e-02 1.804128139900328803e-02 1.426985375812740015e-02 1.091325870355928408e-02 7.986921125685478642e-03 5.494582195884526073e-03 3.429213458383765373e-03 1.774099543632144844e-03 5.040542174124659422e-04 -4.132547711530555265e-04 -1.015890950064104190e-03 -1.346163094223282435e-03 -1.449090770098914859e-03 -1.370851681948629481e-03 -1.157249606696905556e-03 -8.522494669624114654e-04 -4.966312581393544923e-04 -1.268157582938501948e-04
1.094942479368003416e-03 1.095090286885223429e-03 9.928344540244189199e-04 7.951945073543503079e-04 5.240458302558791311e-04 2.176052654923091821e-04 -6.917533388125498769e-05 -2.655099810575363515e-04 -2.870924460241445608e-04 -3.983571778903328975e-05 5.750716028670574062e-04 1.655027496745452818e-03 3.289154117540601246e-03 5.551171220565082401e-03 8.492540049042995171e-03 1.213644680385913416e-02 1.647318219973738229e-02 2.145741024540124414e-02 2.700770627553870928e-02 3.300858738055879177e-02 3.931506854115029981e-02 4.575956997682109617e-02 5.216079347673963085e-02 5.833399724053038582e-02 6.410194901027549408e-02 6.930574258804295118e-02 7.381463546949390553e-02 7.753411169549381809e-02 8.041149365750835387e-02 8.243861176613789810e-02 8.365127701866022225e-02 8.412556827154232808e-02 8.397121921983782822e-02 8.332264390385107911e-02 8.232834921509971093e-02 8.113962718458933576e-02 7.989948356326720402e-02 7.873273479427828070e-02 7.773809405673318129e-02 7.698287852353506711e-02 7.650072212238422098e-02 7.629239490256699285e-02 7.632953933241388988e-02 7.656086411997398145e-02 7.692011400153833667e-02 7.733498103186846329e-02 7.773605373001507557e-02 7.806492081936840244e-02 7.828065286437199677e-02 7.836406568570467024e-02 7.831940447888552370e-02 7.817335230205112173e-02 7.797153376339764630e-02 7.777292747558979535e-02 7.764279554376851689e-02 7.764486704742490364e-02 7.783356455712167610e-02 7.824703581580252920e-02 7.890165260485643151e-02 7.978847853333984053e-02 8.087200560734192356e-02 8.209123786151625857e-02 8.336298183735699197e-02 8.458700947273412041e-02 8.565260652040587730e-02 8.644592112409991980e-02 8.685748858947410500e-02 8.678932919465436047e-02 8.616108966906982358e-02 8.491481450663723729e-02 8.301807610269976156e-02 8.046534688768591792e-02 7.727764658468438963e-02 7.350062979115072614e-02 6.920138280642355866e-02 6.446426748563502396e-02 5.938618161205241192e-02 5.407160155974762017e-02 4.862773894048801060e-02 4.316008598052872153e-02 3.776855335140453379e-02 3.254432806909287462e-02 2.756750604646418523e-02 2.290549050003173881e-02 1.861209813461764742e-02 1.472728202333016198e-02 1.127736333542752808e-02 8.275661663386198533e-03 5.723422454780451724e-03 3.610956030829802054e-03 1.918921818629982460e-03 6.197100987938219605e-04 -3.211110472514377978e-04 -9.433055781330814153e-04 -1.290453468181441098e-03 -1.408426797964238905e-03 -1.343880603204970769e-03 -1.142788034647618158e-03 -8.490565397023222723e-04 -5.032672903632524897e-04 -1.415824235149933802e-04
1.071533954574733875e-03 1.077402754135059395e-03 9.824305613278933036e-04 7.939045018819450815e-04 5.341959310586849065e-04 2.422981454855669022e-04 -2.574463845003737480e-05 -1.977266569778518242e-04 -1.876131107932895760e-04 1.006672579464177285e-04 7.680763662466297270e-04 1.914204646944228302e-03 3.630254257761126105e-03 5.991736552931930387e-03 9.051430209790174014e-03 1.283318355774137366e-02 1.732713368101365670e-02 2.248685185186874436e-02 2.822881059680961216e-02 3.443440810546118114e-02 4.095459165403572688e-02 4.761690846927447290e-02 5.423459841114329494e-02 6.061714796548696438e-02 6.658156891159315582e-02 7.196356486837870992e-02 7.662771759877154421e-02 8.047586938841803927e-02 8.345299789249091549e-02 8.555006798464198647e-02 8.680358666187888705e-02 8.729186130323787762e-02 8.712824375321555348e-02 8.645190623370288541e-02 8.541691430389050654e-02 8.418051488779587643e-02 8.289162766190992515e-02 8.168050756898409537e-02 8.065043553805940901e-02 7.987210334354138963e-02 7.938110486058055915e-02 7.917865421203383602e-02 7.923534994585841595e-02 7.949752304172973127e-02 7.989547286555839789e-02 8.035273194731584745e-02 8.079542317274469865e-02 8.116078831000714255e-02 8.140407188119595794e-02 8.150312724743055681e-02 8.146035265151022053e-02 8.130183852626327035e-02 8.107388549046896931e-02 8.083730718387965863e-02 8.066013864266134703e-02 8.060951015036181555e-02 8.074350678124253555e-02 8.110381201909673543e-02 8.170983521809763173e-02 8.255486020492186494e-02 8.360454485337183439e-02 8.479787151409171053e-02 8.605041940460982086e-02 8.725962470995819731e-02 8.831153081712141140e-02 8.908842304502112563e-02 8.947669626647816732e-02 8.937432009327080096e-02 8.869733872652692253e-02 8.738495995044703868e-02 8.540293529721752763e-02 8.274509463544718613e-02 7.943305697018049338e-02 7.551428055115046167e-02 7.105872809255922573e-02 6.615449967001560405e-02 6.090282371390300098e-02 5.541279670988122352e-02 4.979622959415316158e-02 4.416290090489392167e-02 3.861644257265874763e-02 3.325100322981461992e-02 2.814875483508715720e-02 2.337823844957170535e-02 1.899348926417354991e-02 1.503384220467274962e-02 1.152429806059206835e-02 8.476324532803593270e-03 5.888973812568076664e-03 3.750214342760998382e-03 2.038395056104664021e-03 7.237817184545525251e-04 -2.298761496672724509e-04 -8.637750971174396357e-04 -1.222503093887945813e-03 -1.352516246686319597e-03 -1.300664397199919210e-03 -1.112787840528663662e-03 -8.324132564810295034e-04 -4.995820497910815651e-04 -1.498470438821282273e-04
1.031329111303198529e-03 1.040005986940114365e-03 9.512705366009578320e-04 7.728294135276730925e-04 5.274608746395140213e-04 2.545692105342443976e-04 1.063426763921865564e-05 -1.316564436893599796e-04 -8.572146513588160821e-05 2.451340899757847858e-04 9.625739726925406498e-04 2.166955432110958917e-03 3.950282062023515069e-03 6.388852531477891630e-03 9.536152200063971462e-03 1.341657388796970579e-02 1.802054528443724699e-02 2.330157950002347683e-02 2.917565265174026229e-02 3.552315377947284913e-02 4.219345852041067602e-02 4.901196391578849232e-02 5.578920584893672097e-02 6.233148293311523841e-02 6.845225094852504244e-02 7.398344764645750637e-02 7.878587212653644090e-02 8.275778339150655083e-02 8.584099940902341352e-02 8.802396389084700401e-02 8.934148868655114595e-02 8.987115474098285317e-02 8.972663924943548308e-02 8.904850428306024246e-02 8.799320678892760816e-02 8.672124895492269725e-02 8.538546479530652322e-02 8.412042455484011749e-02 8.303383315034928991e-02 8.220061149128399247e-02 8.166009763042056391e-02 8.141651246850756252e-02 8.144253061848794051e-02 8.168551082575048472e-02 8.207570009789065535e-02 8.253555480035873471e-02 8.298923667873966958e-02 8.337134952202455984e-02 8.363408089187554517e-02 8.375209167801513088e-02 8.372473492054485766e-02 8.357545927759703341e-02 8.334853354598649455e-02 8.310348853864674146e-02 8.290788606226268120e-02 8.282917187678658089e-02 8.292643790505593859e-02 8.324290459976294021e-02 8.379984183823452337e-02 8.459248832713051058e-02 8.558832371857073851e-02 8.672781685284002007e-02 8.792754153699884612e-02 8.908534067854609328e-02 9.008704961209521023e-02 9.081417404661250303e-02 9.115186483190509947e-02 9.099654158997480535e-02 9.026258473762940882e-02 8.888762979666253727e-02 8.683614462472863393e-02 8.410113281468929725e-02 8.070396841943150434e-02 7.669251340661485672e-02 7.213778789489384835e-02 6.712954628400701063e-02 6.177115624929484239e-02 5.617418288165043627e-02 5.045305139221720192e-02 4.472010596900415774e-02 3.908130849692514203e-02 3.363273842590313450e-02 2.845797307100776316e-02 2.362635362948594178e-02 1.919208176008780492e-02 1.519404792467016208e-02 1.165626675030303344e-02 8.588785281661055412e-03 5.988934412300831941e-03 3.842808249905947139e-03 2.126876525904380141e-03 8.096574144726828223e-04 -1.466010802757301834e-04 -7.842660966513897340e-04 -1.148714475503372036e-03 -1.286793913450470263e-03 -1.245366310521562811e-03 -1.069950996925319925e-03 -8.034893891131146722e-04 -4.852564987232882432e-04 -1.499470289054094171e-04
9.770575151658851369e-04 9.844263623931519963e-04 8.994939686951973143e-04 7.306190595480765992e-04 5.009883833700257832e-04 2.501456310381787538e-04 3.443893056844968791e-05 -7.382352605896110964e-05 1.136151118923578625e-05 3.859827086859593005e-04 1.150956943964400424e-03 2.405949722781772909e-03 4.242422395201985753e-03 6.736363073587070885e-03 9.941237612117143768e-03 1.388173757127079792e-02 1.854889576153323852e-02 2.389708246743421638e-02 2.984328708502283212e-02 3.626893594774386470e-02 4.302430779734043448e-02 4.993539827369689044e-02 5.681287181576965412e-02 6.346254307874951706e-02 6.969666984676117782e-02 7.534523280114138744e-02 8.026633769278827824e-02 8.435491008424307602e-02 8.754896266655451398e-02 8.983289368528594998e-02 9.123750861963347836e-02 9.183672627626143781e-02 9.174121086425009175e-02 9.108943730315835485e-02 9.003692238198418574e-02 8.874451698690913326e-02 8.736673757685436970e-02 8.604110901765668618e-02 8.487939505421472630e-02 8.396141531083790854e-02 8.333190524295176760e-02 8.300059110725878375e-02 8.294535335888982008e-02 8.311806808953169090e-02 8.345247491704639586e-02 8.387324452229061311e-02 8.430532643123256342e-02 8.468265580283472482e-02 8.495538576047848012e-02 8.509497896416953755e-02 8.509672051758218614e-02 8.497947989470640284e-02 8.478282503195255781e-02 8.456184938460438449e-02 8.438028746014539228e-02 8.430264608895832179e-02 8.438615449306609284e-02 8.467333125025038043e-02 8.518588408152724667e-02 8.592051024468788656e-02 8.684696860205803892e-02 8.790857063620852174e-02 8.902500995205474277e-02 9.009724042858449633e-02 9.101394136723313377e-02 9.165898802094511744e-02 9.191928599944122757e-02 9.169232993624604200e-02 9.089290594110180366e-02 8.945846391059661395e-02 8.735282601204506781e-02 8.456805571859982162e-02 8.112447144503019680e-02 7.706893525487425178e-02 7.247166817101455272e-02 6.742193093199749798e-02 6.202295839878163575e-02 5.638654720560266204e-02 5.062767334116485829e-02 4.485946570550600199e-02 3.918879172866596150e-02 3.371263101453137595e-02 2.851533152615171041e-02 2.366676769478267758e-02 1.922135681263676191e-02 1.521784277274044334e-02 1.167972602444787220e-02 8.616204865436207644e-03 6.023493613385812184e-03 3.886394427247890759e-03 2.180017702712861664e-03 8.715672099975568451e-04 -7.787287222125018407e-05 -7.115936771953613668e-04 -1.075590919017996435e-03 -1.216989537034814757e-03 -1.182581128025963785e-03 -1.017490704358153418e-03 -7.639905620446744549e-04 -4.604808584347157632e-04 -1.406574617658180523e-04
9.120249146698472358e-04 9.130026529549019505e-04 8.282091126480461626e-04 6.669554945699721071e-04 4.529282399485996292e-04 2.256454845274038883e-04 4.087331239291066599e-05 -3.020127423106907746e-05 9.683400310847730362e-05 5.160271302333922783e-04 1.326168878175837569e-03 2.624810078418350796e-03 4.501522094288139784e-03 7.030837809835938611e-03 1.026538813932168989e-02 1.422978984900463359e-02 1.891583657628839385e-02 2.427949204154340040e-02 3.024008261037222645e-02 3.668194037467286533e-02 4.345856731534392808e-02 5.039918963976535576e-02 5.731736600350140209e-02 6.402112272998601583e-02 7.032393203296682938e-02 7.605574242216459058e-02 8.107322698660832105e-02 8.526844282844421585e-02 8.857519483056693066e-02 9.097256347195457893e-02 9.248527704659513515e-02 9.318086500401792649e-02 9.316379852288697583e-02 9.256708198777606478e-02 9.154198016917523828e-02 9.024672881147628722e-02 8.883516434129878903e-02 8.744621183727620262e-02 8.619508774250422833e-02 8.516691206053489394e-02 8.441319892923279666e-02 8.395142604152562582e-02 8.376759832244509707e-02 8.382144730058788129e-02 8.405367137283374646e-02 8.439444645434582282e-02 8.477233792398694567e-02 8.512273199946698843e-02 8.539497762419481774e-02 8.555757986330320142e-02 8.560099628006608008e-02 8.553783655946720077e-02 8.540052712353299325e-02 8.523675034476074774e-02 8.510317800764694018e-02 8.505817125106078513e-02 8.515420116728082689e-02 8.543074997559826911e-02 8.590838458357581697e-02 8.658456210651879759e-02 8.743154627576144033e-02 8.839660449042920087e-02 8.940443927873487073e-02 9.036160637608429969e-02 9.116250309583581735e-02 9.169638935997810603e-02 9.185483828406788842e-02 9.153900609346235506e-02 9.066615898575570986e-02 8.917498881545210532e-02 8.702937777166119826e-02 8.422041988228901044e-02 8.076665895794633843e-02 7.671264425454540903e-02 7.212602482389965375e-02 6.709349271410221249e-02 6.171593921023298818e-02 5.610320641554300547e-02 5.036880144956253774e-02 4.462489800405722989e-02 3.897788748054922814e-02 3.352466785323055670e-02 2.834978107903701403e-02 2.352343668621393463e-02 1.910039591043914339e-02 1.511964126314064433e-02 1.160472251188085849e-02 8.564651624191243345e-03 5.995214601172737037e-03 3.880574525448474144e-03 2.195054198181566746e-03 9.050049793555658799e-04 -2.931225193738987503e-05 -6.518902113448366183e-04 -1.009223763212698400e-03 -1.148674288321477506e-03 -1.116973061078939053e-03 -9.588828175927626828e-04 -7.160347888106684180e-04 -4.259574508180003632e-04 -1.213119450882791522e-04
8.398677967582307904e-04 8.287534236029008017e-04 7.394905102304743898e-04 5.826896047143930932e-04 3.827064959159519851e-04 1.789772864234492802e-04 2.636938717867176422e-05 -5.641957733026805449e-06 1.649105857092060621e-04 6.290540851106242622e-04 1.482210458676282584e-03 2.818498432392805599e-03 4.724313982501881018e-03 7.271599392714473906e-03 1.051128498958133102e-02 1.446742737535311463e-02 1.913256615981876255e-02 2.446477363150007661e-02 3.038677832495614850e-02 3.678740827111216805e-02 4.352543151770629087e-02 5.043568289376019337e-02 5.733717262403634218e-02 6.404269165759696181e-02 7.036927794902822497e-02 7.614880326613143735e-02 8.123789387535047812e-02 8.552641830485530061e-02 8.894386299912795946e-02 9.146306728826132659e-02 9.310099158443332912e-02 9.391643041833599992e-02 9.400483403679620042e-02 9.349064578719691598e-02 9.251777443873844542e-02 9.123898033169207389e-02 8.980504574787928629e-02 8.835461342076540714e-02 8.700551038886690514e-02 8.584823305179570263e-02 8.494206637139276039e-02 8.431406495146871738e-02 8.396085982796031022e-02 8.385299773675598811e-02 8.394129424257143479e-02 8.416451000494759582e-02 8.445755675096749959e-02 8.475941522996406630e-02 8.502000256359601438e-02 8.520535398365802759e-02 8.530066980009157196e-02 8.531100280295277061e-02 8.525960098289508959e-02 8.518415131382525707e-02 8.513136981511350287e-02 8.515053250610103708e-02 8.528662817396608087e-02 8.557383092181690409e-02 8.602993928496500964e-02 8.665231714786292283e-02 8.741571331023618996e-02 8.827214892033463656e-02 8.915286471831579407e-02 8.997213261369992054e-02 9.063257596179977171e-02 9.103152365933489532e-02 9.106785359996995288e-02 9.064876440487268372e-02 8.969594855491117014e-02 8.815071820090035482e-02 8.597774641405853124e-02 8.316721853600760050e-02 7.973532685731846148e-02 7.572317400136333032e-02 7.119426492102197412e-02 6.623085596643894790e-02 6.092948706071162762e-02 5.539604813367668412e-02 4.974072536083880974e-02 4.407314085735768161e-02 3.849794759796974775e-02 3.311107678779667135e-02 2.799676513552452201e-02 2.322542126920922392e-02 1.885232943036254522e-02 1.491713850818695598e-02 1.144404759515977622e-02 8.442576032493568847e-03 5.908795407189004409e-03 3.826901133458070290e-03 2.171009436108317647e-03 9.070788802091225671e-04 -5.128643635480493318e-06 -6.101166148597288435e-04 -9.548068703522570545e-04 -1.086819322098688586e-03 -1.052911293341674426e-03 -8.976021688819719405e-04 -6.620035905144806138e-04 -3.828708885968748997e-04 -9.188702908801034408e-05
7.642912025584338437e-04 7.352031916779511005e-04 6.363149137223757766e-04 4.799010051096943771e-04 2.912141456909373219e-04 1.096511074444061259e-04 -1.099782255411228295e-05 -3.388712027756879798e-06 2.113407019023248561e-04 7.203195536524464523e-04 1.614554629844343163e-03 2.983587152303244019e-03 4.909482098868773146e-03 7.460526997912102221e-03 1.068508540089031095e-02 1.460608760251977042e-02 1.921664085071827371e-02 2.447719936020820511e-02 3.031465058525410067e-02 3.662355206552062731e-02 4.326960038109661788e-02 5.009524159286111306e-02 5.692715506096042433e-02 6.358517542195050998e-02 6.989207665848251594e-02 7.568354213513334150e-02 8.081759679744282554e-02 8.518278975479716408e-02 8.870448922311442719e-02 9.134878351990294298e-02 9.312366196640936566e-02 9.407736355753799906e-02 9.429401064725653758e-02 9.388686902907335263e-02 9.298977384822641745e-02 9.174741385174016439e-02 9.030525952682932900e-02 8.879994416218654762e-02 8.735085785662539959e-02 8.605359709688992220e-02 8.497573757276234707e-02 8.415518196486995728e-02 8.360109820289224336e-02 8.329722984583393108e-02 8.320715119073429644e-02 8.328087530204783540e-02 8.346211860055746667e-02 8.369549005459660240e-02 8.393290846534590122e-02 8.413865278439890127e-02 8.429260629287635420e-02 8.439144905893650184e-02 8.444776426735287056e-02 8.448723146754991142e-02 8.454426322333516430e-02 8.465658385590676960e-02 8.485933748562718426e-02 8.517934078628185135e-02 8.563006345847172518e-02 8.620783216088823142e-02 8.688962246033543613e-02 8.763264304563793405e-02 8.837574388228404410e-02 8.904251232399794380e-02 8.954577411838353374e-02 8.979310243671444203e-02 8.969286614227632570e-02 8.916032244926305750e-02 8.812327816240882183e-02 8.652690279884622804e-02 8.433736762655384689e-02 8.154409626855108062e-02 7.816053326527838685e-02 7.422345535439126007e-02 6.979095607565016790e-02 6.493931972076272263e-02 5.975906046901721669e-02 5.435043458051092707e-02 4.881873838080856565e-02 4.326968549199090158e-02 3.780511816831687993e-02 3.251925557855901011e-02 2.749562268088706282e-02 2.280474287367324771e-02 1.850262093068253885e-02 1.462999367474103647e-02 1.121228684918412072e-02 8.260188762544303648e-03 5.770734329353729639e-03 3.728785962704660867e-03 2.108798604317611847e-03 8.767629102990046920e-04 -7.768852559963176224e-06 -5.896571640453187203e-04 -9.162198614844168070e-04 -1.035404546982163741e-03 -9.941349053111216746e-04 -8.368667743505441015e-04 -6.043805345583943590e-04 -3.328277923292494687e-04 -5.304208290150174213e-05
6.888128143152597721e-04 6.361802691886896469e-04 5.224366018496840597e-04 3.618695826030637885e-04 1.808859425875639776e-04 1.896548384472786578e-05 -7.122668616308335497e-05 -2.472034964180615626e-05 2.337965278920116612e-04 7.869171873747461861e-04 1.720432262213946774e-03 3.118390629893493665e-03 5.057564165834720592e-03 7.601656042274862468e-03 1.079565308831230766e-02 1.466075634789317135e-02 1.919032433486076925e-02 2.434722708139269720e-02 3.006293551175852688e-02 3.623856301631612348e-02 4.274794091866744583e-02 4.944265656392571318e-02 5.615882424308505511e-02 6.272520883725830887e-02 6.897219390476112821e-02 7.474099283063909138e-02 7.989245404778591575e-02 8.431481601217558075e-02 8.792982682053707144e-02 9.069675431741244798e-02 9.261396744595941366e-02 9.371795614711192490e-02 9.407985951037189931e-02 9.379977226502068943e-02 9.299927984016888305e-02 9.181281531237553417e-02 9.037852394238939102e-02 8.882935360886642928e-02 8.728505880471874867e-02 8.584571454714609584e-02 8.458719302129741324e-02 8.355887358309106727e-02 8.278365321604594373e-02 8.226011904182778389e-02 8.196655648841837116e-02 8.186631381201879554e-02 8.191393979318599416e-02 8.206146550336838874e-02 8.226421611495514374e-02 8.248561176688988528e-02 8.270053879118836881e-02 8.289703078503464495e-02 8.307617652473726910e-02 8.325035059619957656e-02 8.344002535762043427e-02 8.366955417884937296e-02 8.396240424633617805e-02 8.433635574600538420e-02 8.479917133111333771e-02 8.534517899609256331e-02 8.595311090480602101e-02 8.658541195027924520e-02 8.718908857382126620e-02 8.769802499408127505e-02 8.803656399073526984e-02 8.812404410746262073e-02 8.787991280814441697e-02 8.722900023983304330e-02 8.610654144136084542e-02 8.446257306632469486e-02 8.226539790752389336e-02 7.950389848520857117e-02 7.618858028947962657e-02 7.235132639652561148e-02 6.804393934768859786e-02 6.333562617595248079e-02 5.830964313743713240e-02 5.305935521994256665e-02 4.768398131781961813e-02 4.228429059506075977e-02 3.695849214984008035e-02 3.179852289051362385e-02 2.688689232287576336e-02 2.229419252720551969e-02 1.807733132677862356e-02 1.427850010232254926e-02 1.092484751097886828e-02 8.028798123000627229e-03 5.588931330590187277e-03 3.591320632356212808e-03 2.011225765054418854e-03 8.150289680310691259e-04 -3.768941805190996822e-05 -5.920331299882205470e-04 -8.957167822532660292e-04 -9.971122543199232788e-04 -9.434768704691756398e-04 -7.794124417429392632e-04 -5.455910620410209765e-04 -2.777705556748230956e-04 -6.109841976232027044e-06
6.165356941611453180e-04 5.356014118100757559e-04 4.022080260872059991e-04 2.329541515487232838e-04 5.565393794506722641e-05 -8.995555065954103854e-05 -1.522709982138385505e-04 -6.876855589606934588e-05 2.320894436923871861e-04 8.279817729503430399e-04 1.798961323191118362e-03 3.222946573459464781e-03 5.170702859839755930e-03 7.700613758390846900e-03 1.085359496060077020e-02 1.464853165963747768e-02 1.907862059962034049e-02 2.410896658839325329e-02 2.967572006631411657e-02 3.568694979773801013e-02 4.202532838909554813e-02 4.855257629967391075e-02 5.511547258398150073e-02 6.155310937622941736e-02 6.770495396841330615e-02 7.341919826733213361e-02 7.856082949295176143e-02 8.301885427295384312e-02 8.671215312126269448e-02 8.959353180397508498e-02 9.165166421675161046e-02 9.291077821505308587e-02 9.342810841047159698e-02 9.328931343718914471e-02 9.260221425218020941e-02 9.148934027827018700e-02 9.007985964657708178e-02 8.850151008753298632e-02 8.687313431751388093e-02 8.529835919462178118e-02 8.386084750731420678e-02 8.262140540464230076e-02 8.161706091802545249e-02 8.086205549692390693e-02 8.035052714960812248e-02 8.006052563382422271e-02 7.995889951331822121e-02 8.000654026800493868e-02 8.016346386693450066e-02 8.039325420289804291e-02 8.066647975149016103e-02 8.096281494720947158e-02 8.127173833660379654e-02 8.159182629105569962e-02 8.192879958547888419e-02 8.229259748740361258e-02 8.269383977863621615e-02 8.314008450972373843e-02 8.363229548261746915e-02 8.416189982097702083e-02 8.470874765856589717e-02 8.524019116150924336e-02 8.571138908757716668e-02 8.606682710305470219e-02 8.624293413156024213e-02 8.617158082437093025e-02 8.578417540814819997e-02 8.501602956378345732e-02 8.381065453391400855e-02 8.212366435652163066e-02 7.992600542847271006e-02 7.720629397364722757e-02 7.397211859874913698e-02 7.025024661731300857e-02 6.608575307042068026e-02 6.154016407321916127e-02 5.668876628702588377e-02 5.161727858105812777e-02 4.641810863425255285e-02 4.118642629356532303e-02 3.601627831651196127e-02 3.099694813665566234e-02 2.620973267077976454e-02 2.172526944130841881e-02 1.760150491349368046e-02 1.388235214791373913e-02 1.059704535361799191e-02 7.760162791681617100e-03 5.372259168349106245e-03 3.421024995115512935e-03 1.882873659245205920e-03 7.248469824185921340e-04 -9.327363690891238290e-05 -6.167615001222426230e-04 -8.937486442702395704e-04 -9.731334303475949569e-04 -9.026719276641708128e-04 -7.273176457032351321e-04 -4.878571549260038442e-04 -2.198715946975611166e-04 4.696326975285602945e-05
5.499692169617827198e-04 4.372592874394305024e-04 2.803563295909494192e-04 9.838174349563553328e-05 -7.922866722681956575e-05 -2.122876861554018335e-04 -2.501069018191050090e-04 -1.325314361726318891e-04 2.081899840170942702e-04 8.447061754003810409e-04 1.851107309747979709e-03 3.298850593551321680e-03 5.252272189168696002e-03 7.763946406648895848e-03 1.087019547106014838e-02 1.458707582057349947e-02 1.890716585902899038e-02 2.379745301927980658e-02 2.919856463908578753e-02 3.502550959419695881e-02 4.117000031806820198e-02 4.750431436212311509e-02 5.388653932729964291e-02 6.016693420936194275e-02 6.619504359718479669e-02 7.182712777251092084e-02 7.693342909469393087e-02 8.140478831097805457e-02 8.515815586737564280e-02 8.814061185162827550e-02 9.033160944829388139e-02 9.174328318955923822e-02 9.241880478555405953e-02 9.242891419471667425e-02 9.186688952248435458e-02 9.084233453497309041e-02 8.947424693897401693e-02 8.788387667481746546e-02 8.618788727649148718e-02 8.449229469640465173e-02 8.288758058017196839e-02 8.144526806759276594e-02 8.021611790105948048e-02 7.922996292718521849e-02 7.849706267536615822e-02 7.801073876136180307e-02 7.775095688046447517e-02 7.768845993825830576e-02 7.778903386043091450e-02 7.801750354771717910e-02 7.834110832691099091e-02 7.873198782926150996e-02 7.916861166078874301e-02 7.963609904433043007e-02 8.012548678984780792e-02 8.063210500788765833e-02 8.115330097258408037e-02 8.168580584067625106e-02 8.222306276447549633e-02 8.275282758352296708e-02 8.325531698685416371e-02 8.370211862560927862e-02 8.405599990538309418e-02 8.427166507566059839e-02 8.429742210259653923e-02 8.407763956566990937e-02 8.355580622330832652e-02 8.267795703642166760e-02 8.139620240231046355e-02 7.967209309211605028e-02 7.747957083203989292e-02 7.480729079657426339e-02 7.166015331871186667e-02 6.805994283662768207e-02 6.404503711195781712e-02 5.966921383530993106e-02 5.499964020150022170e-02 5.011418008797177692e-02 4.509819038266356384e-02 4.004100122672885065e-02 3.503228405302703102e-02 3.015850693830152487e-02 2.549966042921292947e-02 2.112641077618214111e-02 1.709780395181612067e-02 1.345960566631651534e-02 1.024332252869092005e-02 7.465910063747170818e-03 5.130136691689215003e-03 3.225540818970455519e-03 1.729892232562885851e-03 6.110499209078454341e-04 -1.709033123327183094e-04 -6.613735285270925732e-04 -9.089372569631742243e-04 -9.631050009885498610e-04 -8.722657738598745079e-04 -6.818939059217276472e-04 -4.330787427196149120e-04 -1.614158319023033770e-04 1.037239154754385217e-04
4.909129420946210971e-04 3.446282546703950504e-04 1.617302031545037565e-04 -3.604072068710481580e-05 -2.174856781971248789e-04 -3.417909458340326421e-04 -3.589865317261326828e-04 -2.110887320216447798e-04 1.660449154644775107e-04 8.401681285244214353e-04 1.879479052577701179e-03 3.348962039816522074e-03 5.306417678371727620e-03 7.798404823738438671e-03 1.085635040515668670e-02 1.449309876129151707e-02 1.870016920921081793e-02 2.344596680510376008e-02 2.867514676650538552e-02 3.430926952134060598e-02 4.024880433774444266e-02 4.637645009832001841e-02 5.256164843025677019e-02 5.866607431543859746e-02 6.454980992650545535e-02 7.007784577129953785e-02 7.512651518726201627e-02 7.958945802308792228e-02 8.338272902566344624e-02 8.644871560641413655e-02 8.875860535040490384e-02 9.031324054009273739e-02 9.114230780015940281e-02 9.130192705083046978e-02 9.087081596277921114e-02 8.994530489912533344e-02 8.863355478380771646e-02 8.704938008821570816e-02 8.530609717559040073e-02 8.351080332062334188e-02 8.175944542872315424e-02 8.013296413231869864e-02 7.869470517183418945e-02 7.748918410199767681e-02 7.654218164189276197e-02 7.586204471194826771e-02 7.544198088522663381e-02 7.526306858505595054e-02 7.529766669720207306e-02 7.551289761139613754e-02 7.587389667875191201e-02 7.634656574143747210e-02 7.689963364825695702e-02 7.750590577055722907e-02 7.814266978170063271e-02 7.879130845587392629e-02 7.943624459361783852e-02 8.006340217321501751e-02 8.065840691135756080e-02 8.120476604212978344e-02 8.168226085956743765e-02 8.206575802921343976e-02 8.232460025845685092e-02 8.242267840923374334e-02 8.231922121017236360e-02 8.197027138866541662e-02 8.133075410896996316e-02 8.035699020189138175e-02 7.900946686633025795e-02 7.725565503447101579e-02 7.507265666547729976e-02 7.244947663177250807e-02 6.938874098958525138e-02 6.590772354038798575e-02 6.203859210043106281e-02 5.782784069540657795e-02 5.333492971404713012e-02 4.863020878304045308e-02 4.379224312160230614e-02 3.890470044935386701e-02 3.405298006998822707e-02 2.932077740235663685e-02 2.478677581488266529e-02 2.052164388736979136e-02 1.658549172532593208e-02 1.302590687452095941e-02 9.876651363088979202e-03 7.157059307920078661e-03 4.872132260654350039e-03 3.013289764057679263e-03 1.559697825244348197e-03 4.800700892474037140e-04 -2.651832619815046310e-04 -7.215947585453466422e-04 -9.382048874369351265e-04 -9.651847587549020144e-04 -8.516338396706833215e-04 -6.436507111833535870e-04 -3.827509193153142558e-04 -1.046797737433422838e-04 1.613587517761668269e-04
4.404118755030527951e-04 2.607020501910841705e-04 5.103438893194712708e-05 -1.642730406926475387e-04 -3.522184107019763963e-04 -4.712351358168462376e-04 -4.718618121842285771e-04 -2.980041374752360442e-04 1.112051087325974328e-04 8.189820310849562236e-04 1.887980306461456946e-03 3.377011863780351140e-03 5.337557758301989495e-03 7.810259437872845573e-03 1.082160246806544365e-02 1.438101382051588245e-02 1.847858808587018661e-02 2.308363649937390100e-02 2.814421568389746664e-02 3.358774199856683768e-02 3.932273504467275610e-02 4.524166404509125106e-02 5.122479817012219605e-02 5.714489166146915350e-02 6.287247217478082739e-02 6.828145118607209518e-02 7.325474291420956685e-02 7.768956618680442072e-02 8.150211374707964918e-02 8.463130572366382720e-02 8.704139668308009947e-02 8.872327551150671621e-02 8.969437954310430228e-02 8.999723299593778703e-02 8.969670839510379690e-02 8.887619165437175839e-02 8.763290069040925723e-02 8.607265864965750468e-02 8.430445222284835283e-02 8.243511100925195179e-02 8.056442527172713586e-02 7.878097840778418293e-02 7.715891053144538492e-02 7.575575566581038700e-02 7.461141318574285308e-02 7.374823086428956842e-02 7.317209869884334916e-02 7.287438560942537114e-02 7.283450006318878400e-02 7.302282421228815934e-02 7.340376107394666616e-02 7.393864566525945592e-02 7.458830209995329086e-02 7.531507615194150962e-02 7.608423212192631790e-02 7.686466859257364004e-02 7.762897403727274381e-02 7.835290459192904844e-02 7.901441753666112178e-02 7.959243109482003198e-02 8.006550128663099397e-02 8.041060853181747348e-02 8.060223081318738936e-02 8.061184833080969891e-02 8.040797984621107786e-02 7.995679750473683178e-02 7.922330963822794836e-02 7.817304491674380296e-02 7.677412105888281602e-02 7.499954134296119013e-02 7.282953566162646275e-02 7.025375191354918392e-02 6.727310887355941738e-02 6.390114270630616045e-02 6.016471408646632130e-02 5.610398846791264660e-02 5.177165459692530808e-02 4.723140160280561023e-02 4.255572852152860602e-02 3.782320776264155859e-02 3.311536224576617365e-02 2.851334199250832660e-02 2.409459818739436224e-02 1.992975058304453234e-02 1.607982822459582892e-02 1.259403545419063124e-02 9.508157541686254599e-03 6.843676211136748636e-03 4.607618277180598743e-03 2.793114104956651196e-03 1.380599963810394924e-03 3.395623829245131287e-04 -3.693045105542845999e-04 -7.916746262158988207e-04 -9.770507087870242222e-04 -9.762583456051092314e-04 -8.391077631415374454e-04 -6.123368706946787912e-04 -3.379223197724136752e-04 -5.181540780291554564e-05 2.168711869640861309e-04
3.987844158302689904e-04 1.878739022645584990e-04 -4.742939500795764068e-05 -2.804211403945209777e-04 -4.763782575967546486e-04 -5.929330824986633061e-04 -5.809444178065161770e-04 -3.858810729590191708e-04 5.029708338873790062e-05 7.868086069057794903e-04 1.881352085438879260e-03 3.387153163777773413e-03 5.349897759124038962e-03 7.804713198498295507e-03 1.077337141299991412e-02 1.426189059098015473e-02 1.825870284176688702e-02 2.273353519242458237e-02 2.763712016058582355e-02 3.290181154753892695e-02 3.844313306258874408e-02 4.416223465292147543e-02 4.994917718593904626e-02 5.568691390149522330e-02 6.125579034571518311e-02 6.653834662996263583e-02 7.142417968536317330e-02 7.581461088578687890e-02 7.962690731546870349e-02 8.279782340755310888e-02 8.528626298609011391e-02 8.707490819277607930e-02 8.817071872080720074e-02 8.860426877916910415e-02 8.842795627046468043e-02 8.771318447384124362e-02 8.654667675146208994e-02 8.502613539126545328e-02 8.325549317823580098e-02 8.134002799688679064e-02 7.938161509273869432e-02 7.747437812515738098e-02 7.570096963812759927e-02 7.412966609076694635e-02 7.281240526387097733e-02 7.178382873629141070e-02 7.106132387741015410e-02 7.064599339294760916e-02 7.052442077366335993e-02 7.067105145149428502e-02 7.105097566655452224e-02 7.162288246644821221e-02 7.234195602111249956e-02 7.316250519553253728e-02 7.404015326129399777e-02 7.493346358178029631e-02 7.580493480924711813e-02 7.662136056629974268e-02 7.735360840164957896e-02 7.797592579733071683e-02 7.846492254558348756e-02 7.879840530654586006e-02 7.895424934790229443e-02 7.890948366096217637e-02 7.863973978424691758e-02 7.811917424092103268e-02 7.732092333663294348e-02 7.621809197611967290e-02 7.478522048248503751e-02 7.300012052409052266e-02 7.084592809186184004e-02 6.831319203046916366e-02 6.540180363465479541e-02 6.212257747760960291e-02 5.849831552306882648e-02 5.456422370739640731e-02 5.036759922738577588e-02 4.596676337226440756e-02 4.142927392492621458e-02 3.682950781603148288e-02 3.224575405823103258e-02 2.775699497673249014e-02 2.343957743443897748e-02 1.936398348734465549e-02 1.559190147360226160e-02 1.217377508918378315e-02 9.146971902842226596e-03 6.534667336245076133e-03 4.345489324191546127e-03 2.573916864237880790e-03 1.201376528431349986e-03 1.979383412761643798e-04 -4.755209133306508018e-04 -8.648409796917081501e-04 -1.019951965957545349e-03 -9.922605798260018990e-04 -8.321975432258215451e-04 -5.870527519985890667e-04 -2.991957810249317243e-04 -4.746315460305797901e-06 2.672752236386184525e-04
3.657169934132714368e-04 1.278656134444066100e-04 -1.299964446947318372e-04 -3.791197428114451932e-04 -5.832729148033892041e-04 -6.993368382129366151e-04 -6.783533132512038679e-04 -4.670220488744112881e-04 -9.612552781857711288e-06 7.497699994010594785e-04 1.864651905356567649e-03 3.383500899341554576e-03 5.347006661034065661e-03 7.785471171316892501e-03 1.071645238798315386e-02 1.414280084371174508e-02 1.805121670811511009e-02 2.241143496311160180e-02 2.717611946106776935e-02 3.228151404810047920e-02 3.764886227699740934e-02 4.318656839966853594e-02 4.879303336051368789e-02 5.436006248847570499e-02 5.977670851465475416e-02 6.493338626359217158e-02 6.972607546670418766e-02 7.406041689057558941e-02 7.785550524686470075e-02 8.104719061680901171e-02 8.359071838583725933e-02 8.546256546323464931e-02 8.666136688104221497e-02 8.720787025051385255e-02 8.714390405059656286e-02 8.653039694626411815e-02 8.544453654758231431e-02 8.397620424982155107e-02 8.222386498804851174e-02 8.029012395664097967e-02 7.827718397716168508e-02 7.628244520126760408e-02 7.439448194606339271e-02 7.268960938495254431e-02 7.122921636338910845e-02 7.005799172649636308e-02 6.920311327668421386e-02 6.867440479797863595e-02 6.846540212973692419e-02 6.855520899689043768e-02 6.891097205171738127e-02 6.949076664948986015e-02 7.024666359080468381e-02 7.112774440944355514e-02 7.208284917628027255e-02 7.306287494521812587e-02 7.402249196531990316e-02 7.492120428283979838e-02 7.572374596698441818e-02 7.639986796458057838e-02 7.692362757770521142e-02 7.727233740735167666e-02 7.742535908071289386e-02 7.736293650198045047e-02 7.706525289978150006e-02 7.651186669273803143e-02 7.568163610703217137e-02 7.455318606420145711e-02 7.310590873439459791e-02 7.132142749280781513e-02 6.918539893347394609e-02 6.668948452159334517e-02 6.383329663276375576e-02 6.062611574971251555e-02 5.708818722538911566e-02 5.325143613366695866e-02 4.915948441384290768e-02 4.486691142742790794e-02 4.043776184885381625e-02 3.594336771609318165e-02 3.145960879703988550e-02 2.706378215776866075e-02 2.283128402912886976e-02 1.883232227162306982e-02 1.512887505810673466e-02 1.177209157589010485e-02 8.800295821999402218e-03 6.237708361245332053e-03 4.093947501759996957e-03 2.364315383928317169e-03 1.030820604023469696e-03 6.384138356816705662e-05 -5.757046569959110328e-04 -9.338439918848975233e-04 -1.060856525017296560e-03 -1.008582784961077530e-03 -8.278882350337350270e-04 -5.664209352593794784e-04 -2.667681269265520776e-04 3.491801927616453374e-05 3.097921710573038785e-04
3.404127609405230553e-04 8.170767851068761259e-05 -1.938310301337928081e-04 -4.558873739335476266e-04 -6.670631936001145297e-04 -7.836443391504988162e-04 -7.567911586601160090e-04 -5.341301723150399059e-04 -6.169887322051217926e-05 7.138279658713668225e-04 1.842722697140424144e-03 3.369708331670853881e-03 5.331500276402605099e-03 7.754509677093682912e-03 1.065282941799653056e-02 1.402661488097004666e-02 1.786095652806887410e-02 2.212532110691429327e-02 2.677361392443004459e-02 3.174488749740447119e-02 3.696469333449404343e-02 4.234704496383914080e-02 4.779693281043774500e-02 5.321330620397959205e-02 5.849241554022554385e-02 6.353138914258972536e-02 6.823190526132424938e-02 7.250381040636563745e-02 7.626853129196246861e-02 7.946212950879426307e-02 8.203785603410897187e-02 8.396807717128580706e-02 8.524546465613495883e-02 8.588337040336051220e-02 8.591534024852980067e-02 8.539376014715618912e-02 8.438767114838476024e-02 8.297983401558557681e-02 8.126316804181901721e-02 7.933672842876247910e-02 7.730141939947555996e-02 7.525566292392393830e-02 7.329125288664231630e-02 7.148961979191956195e-02 6.991871079269718070e-02 6.863065431396837834e-02 6.766032956243940577e-02 6.702490186423273877e-02 6.672431932061004267e-02 6.674269984475411643e-02 6.705047578388419194e-02 6.760711147766600149e-02 6.836417203627026540e-02 6.926850294433495314e-02 7.026528181495139691e-02 7.130072585720866052e-02 7.232427953964390421e-02 7.329016283461944892e-02 7.415822608392194648e-02 7.489412665944089609e-02 7.546890850599702327e-02 7.585812190336364835e-02 7.604066185164272407e-02 7.599752535325982050e-02 7.571068845428946537e-02 7.516228329747827452e-02 7.433421587032702782e-02 7.320831077662799669e-02 7.176700588858954399e-02 6.999455372360861849e-02 6.787862462964756871e-02 6.541215566887988164e-02 6.259525364769684408e-02 5.943694459612597347e-02 5.595656671457018005e-02 5.218462883857294399e-02 4.816299927140153120e-02 4.394434613870547290e-02 3.959081472649381150e-02 3.517199340823665143e-02 3.076228154974104678e-02 2.643782457640218853e-02 2.227321867259285035e-02 1.833820732974917808e-02 1.469459286588575136e-02 1.139356857582644184e-02 8.473643454559223048e-03 5.959284946102167552e-03 3.860350354760906655e-03 2.172319364338138464e-03 8.772835120172692638e-04 -5.440200821949176327e-05 -6.619394614449437310e-04 -9.915459983983487303e-04 -1.093725054171574163e-03 -1.020529651824623411e-03 -8.229828649745812071e-04 -5.487970936882838671e-04 -2.405020349581605751e-04 6.594555472812821222e-05 3.420357344054991700e-04
3.217763848019441781e-04 4.976796331574839111e-05 -2.370625961507551865e-04 -5.074241912717493332e-04 -7.232067329633703372e-04 -8.403613131494575093e-04 -8.101864044133448919e-04 -5.809857696813551173e-04 -1.000400614947612394e-04 6.841871399829982294e-04 1.819705353908502134e-03 3.348623838362573164e-03 5.304863379889008211e-03 7.712067316010727536e-03 1.058181906842448061e-02 1.391226085988269204e-02 1.768719082538241366e-02 2.187569463245017665e-02 2.643234437058871594e-02 3.129797324063952196e-02 3.640101073423037542e-02 4.165934058017416869e-02 4.698262349923693765e-02 5.227500919904832372e-02 5.743814723727514587e-02 6.237439437363105632e-02 6.699010672667554678e-02 7.119889838998924581e-02 7.492474422295457293e-02 7.810480360284742518e-02 8.069184452700879639e-02 8.265615429676928527e-02 8.398683489641287081e-02 8.469239883023665927e-02 8.480060506984082869e-02 8.435750490866421314e-02 8.342570331260099059e-02 8.208188144727404656e-02 8.041366834198139524e-02 7.851599131716488489e-02 7.648707255489993473e-02 7.442426951441641347e-02 7.241997641857145229e-02 7.055780994015924124e-02 6.890929261033792996e-02 6.753122172586661920e-02 6.646387049224261601e-02 6.573011419217565654e-02 6.533551113567825919e-02 6.526930101040552545e-02 6.550621771572831542e-02 6.600895571712726839e-02 6.673108385844968293e-02 6.762017285641885866e-02 6.862089527539017020e-02 6.967787063265588887e-02 7.073806232058499344e-02 7.175258411406260084e-02 7.267783725046932097e-02 7.347596821602946082e-02 7.411470556631034878e-02 7.456669451263636672e-02 7.480849454900077855e-02 7.481943342047120415e-02 7.458051750746701181e-02 7.407358370028765959e-02 7.328084281909669206e-02 7.218491343671104565e-02 7.076938309820192397e-02 6.901986799619420909e-02 6.692547912407022237e-02 6.448054940059673446e-02 6.168643779871255117e-02 5.855320706231931238e-02 5.510097310168354107e-02 5.136074639931673125e-02 4.737462641489198489e-02 4.319526491804283330e-02 3.888457792282963565e-02 3.451175221189222569e-02 3.015065497829963470e-02 2.587680806237987671e-02 2.176412688613355711e-02 1.788164526182555239e-02 1.429044930444873032e-02 1.104102706222885588e-02 8.171207249321394903e-03 5.704814095310762646e-03 3.651110309165514316e-03 2.005041522501829938e-03 7.482384005490692012e-04 -1.493184668299387015e-04 -7.271069358723049325e-04 -1.031509503805920708e-03 -1.113076335810340642e-03 -1.023784359781085371e-03 -8.144587368503694580e-04 -5.324990021375467300e-04 -2.200198776516797475e-04 8.752058122355431402e-05 3.621718967337667766e-04
3.086135855760361278e-04 3.182231215797756176e-05 -2.588569215734384549e-04 -5.318273865485775593e-04 -7.488085684413475990e-04 -8.657659938429471775e-04 -8.342397282705018126e-04 -6.030322553121412023e-04 -1.201930538852347000e-04 6.647832680072717111e-04 1.798644444033667975e-03 3.322063183144299305e-03 5.267428548075555640e-03 7.656857058256956970e-03 1.050052553207767546e-02 1.379541310266795863e-02 1.752452078640355515e-02 2.165661486677586053e-02 2.614651670924692667e-02 3.093593793597630703e-02 3.595483746699835309e-02 4.112325677971754440e-02 4.635357248638902194e-02 5.155309123499325630e-02 5.662690092467083380e-02 6.148088397768879804e-02 6.602479250529021126e-02 7.017528126435852720e-02 7.385879212060550425e-02 7.701418338286586396e-02 7.959499924420422590e-02 8.157127934925979817e-02 8.293081709734057005e-02 8.367978862591321509e-02 8.384269327972190822e-02 8.346157115916971736e-02 8.259449387982660540e-02 8.131336005479626594e-02 7.970106552864514304e-02 7.784815758445459699e-02 7.584911915115277736e-02 7.379846005481764670e-02 7.178681419398744157e-02 6.989725119299530776e-02 6.820200642566978666e-02 6.675981328909341705e-02 6.561398663440200230e-02 6.479135823169175634e-02 6.430210741114879280e-02 6.414046714621750300e-02 6.428622320498424136e-02 6.470686726513158460e-02 6.536021944361800062e-02 6.619730602727581792e-02 6.716526738917753814e-02 6.821008042379547720e-02 6.927890861361622743e-02 7.032193833964384133e-02 7.129361779713777603e-02 7.215327908171642601e-02 7.286518814661828436e-02 7.339812483576323154e-02 7.372464016939700437e-02 7.382016590414425261e-02 7.366215931962272201e-02 7.322945352690414522e-02 7.250195186843341744e-02 7.146075772885104871e-02 7.008877348492324744e-02 6.837174064874082524e-02 6.629963415715842134e-02 6.386827357121398208e-02 6.108097802367996182e-02 5.795007390096309358e-02 5.449806635659893567e-02 5.075830763018525371e-02 4.677503456334631410e-02 4.260270068452964159e-02 3.830458949391050277e-02 3.395075910323777646e-02 2.961542805567672632e-02 2.537396236548654024e-02 2.129966003084160509e-02 1.746054840619993762e-02 1.391641050500427509e-02 1.071623894182814792e-02 7.896282869496215606e-03 5.478807350144236990e-03 3.471630527132057911e-03 1.868446655395092533e-03 6.498874424685913143e-04 -2.147752418586407024e-04 -7.654217231132052351e-04 -1.048535382041140872e-03 -1.114488610768540628e-03 -1.014839703431492761e-03 -7.998029503278263714e-04 -5.160299014256795316e-04 -2.048075168104963005e-04 9.925808097068205410e-05 3.690420164864031526e-04
2.998229525491241491e-04 2.715707928182360328e-05 -2.594182380965773683e-04 -5.287056439279417576e-04 -7.428461674533502540e-04 -8.582322655021581330e-04 -8.268215563593602109e-04 -5.978133012402655783e-04 -1.196258281706935296e-04 6.579080011747597424e-04 1.781226939482682958e-03 3.290719928436267646e-03 5.218512609065053404e-03 7.586475159760561193e-03 1.040455608963901379e-02 1.366953187440827534e-02 1.736424270728154431e-02 2.145736156682065410e-02 2.590371886531924600e-02 3.064517973595278291e-02 3.561204700499730896e-02 4.072494127079375609e-02 4.589709111508340211e-02 5.103695175927136507e-02 5.605105953634798022e-02 6.084702217221491655e-02 6.533654066732927368e-02 6.943835709714116233e-02 7.308102354119240529e-02 7.620539042319358913e-02 7.876671786207285753e-02 8.073632151356276154e-02 8.210267533505755111e-02 8.287190832386263917e-02 8.306765106997249237e-02 8.273021117620138476e-02 8.191508404251973685e-02 8.069083642985952487e-02 7.913643321660379648e-02 7.733811082735508879e-02 7.538593143928044860e-02 7.337017746174301358e-02 7.137776314853666593e-02 6.948884708459776571e-02 6.777382391270483919e-02 6.629085522783834117e-02 6.508406845499241367e-02 6.418251041147751690e-02 6.359989204109384175e-02 6.333510642952705494e-02 6.337344829207154639e-02 6.368841453175203005e-02 6.424392679625851033e-02 6.499679203565197905e-02 6.589920846880265026e-02 6.690113312749770835e-02 6.795235254451782725e-02 6.900413774112776344e-02 7.001041449029166142e-02 7.092843479689660280e-02 7.171898995607510485e-02 7.234625374052830460e-02 7.277738116545366676e-02 7.298201000493471924e-02 7.293181652277723470e-02 7.260026334582196650e-02 7.196264758898783531e-02 7.099651454562067032e-02 6.968245120038522866e-02 6.800522011763744656e-02 6.595514380539083121e-02 6.352960800209615788e-02 6.073452408396753238e-02 5.758557911811986590e-02 5.410910841136633287e-02 5.034244926275383003e-02 4.633367374702220681e-02 4.214064891904605037e-02 3.782942989652040428e-02 3.347204931669904571e-02 2.914382012171122527e-02 2.492031249532000725e-02 2.087419606589545687e-02 1.707215260523068517e-02 1.357206138136931098e-02 1.042063968478776879e-02 7.651686960965780465e-03 5.285035799974722309e-03 3.326260962172207947e-03 1.767143283155157406e-03 5.868332916021592321e-04 -2.463861720343792777e-04 -7.728747936494176698e-04 -1.039107195970791729e-03 -1.095013498150786612e-03 -9.913559455169067107e-04 -7.772949255823077266e-04 -4.982731951682111598e-04 -1.943154671070848084e-04 1.011953084114859073e-04 3.622404825873082237e-04
2.945588339941535710e-04 3.469131369058489796e-05 -2.399239487895731254e-04 -4.991827419677475827e-04 -7.062475276215928084e-04 -8.183795314489732001e-04 -7.881810474386714751e-04 -5.652173536508050579e-04 -9.796270735371677332e-05 6.640080323292432349e-04 1.767679834418488380e-03 3.254221729604178139e-03 5.156694388867499694e-03 7.497961420820228526e-03 1.028891846134135854e-02 1.352714104380369625e-02 1.719603320175646516e-02 2.126453501157656023e-02 2.568742036777672474e-02 3.040618789125660443e-02 3.535051970192356480e-02 4.044025641216177774e-02 4.558781344083091130e-02 5.070094460741256942e-02 5.568574457915239501e-02 6.044977239325199231e-02 6.490517393797234913e-02 6.897168169852171959e-02 7.257937486609285227e-02 7.567109163415126905e-02 7.820439775231727286e-02 8.015303082798953815e-02 8.150775818119010419e-02 8.227660702402575521e-02 8.248444907252651392e-02 8.217194700258562134e-02 8.139389681890563111e-02 8.021702732040082717e-02 7.871734420829211432e-02 7.697713049290316745e-02 7.508173500028500480e-02 7.311629517911694132e-02 7.116254739966453025e-02 6.929587619214842842e-02 6.758274261320247611e-02 6.607861111003313082e-02 6.482646467974118032e-02 6.385596149066959104e-02 6.318324495684089770e-02 6.281137669263918422e-02 6.273132135411116361e-02 6.292337766060367155e-02 6.335892410955865084e-02 6.400233356376752725e-02 6.481290949889464970e-02 6.574670850571502634e-02 6.675813757374840507e-02 6.780124839528470226e-02 6.883069100501416904e-02 6.980233135596206062e-02 7.067357746257811602e-02 7.140349222039546473e-02 7.195279428482122264e-02 7.228385886260940696e-02 7.236082670445935505e-02 7.214991227410604002e-02 7.161997281016042882e-02 7.074336193037633613e-02 6.949704870128359246e-02 6.786394042270890714e-02 6.583430952845607809e-02 6.340719629546152925e-02 6.059164287397497684e-02 5.740761260107888481e-02 5.388646222564991844e-02 5.007086256721116763e-02 4.601410280105402290e-02 4.177876135152348153e-02 3.743477781045864011e-02 3.305701054989187981e-02 2.872240907444451735e-02 2.450696456676530050e-02 2.048262341677281953e-02 1.671435495898707102e-02 1.325755574853991481e-02 1.015594946797959350e-02 7.440106219139991026e-03 5.126660765497365914e-03 3.218260157046702163e-03 1.704221266135180421e-03 5.618321369728214963e-04 -2.418087331205842454e-04 -7.475512183406005356e-04 -1.001705244916461764e-03 -1.053466600145790133e-03 -9.524127852106457730e-04 -7.462088488949635955e-04 -4.786385644000716892e-04 -1.880456909504426601e-04 9.376378934671620799e-05 3.421418346571784581e-04
2.923476447127069250e-04 5.310536711995456766e-05 -2.023990538845290253e-04 -4.457900560113458970e-04 -6.418142079866514388e-04 -7.490336514577405859e-04 -7.209447854787584802e-04 -5.075042254824150591e-04 -5.701765358043036323e-05 6.816784994055520835e-04 1.756835709956330698e-03 3.211324319550781011e-03 5.080201705831224532e-03 7.388448503579376700e-03 1.014900189269283062e-02 1.336120521603750659e-02 1.700977586590369378e-02 2.106436938791355143e-02 2.547978847545665296e-02 3.019685271933620144e-02 3.514391063092638101e-02 4.023894165955516078e-02 4.539216470251791757e-02 5.050904278354263061e-02 5.549355265626728512e-02 6.025157416940757349e-02 6.469424794898925857e-02 6.874115148153220334e-02 7.232315274751206780e-02 7.538481649170636345e-02 7.788626003995982594e-02 7.980438205354356551e-02 8.113341736555404471e-02 8.188480259520317106e-02 8.208636908821245748e-02 8.178091041486104662e-02 8.102419976994360007e-02 7.988255686364846564e-02 7.843008311196253413e-02 7.674569715321427621e-02 7.491010918624067816e-02 7.300287188211433687e-02 7.109963754489166676e-02 6.926973606395460392e-02 6.757416672444320482e-02 6.606407028676912485e-02 6.477971750298122666e-02 6.375001835989946297e-02 6.299252502759436489e-02 6.251387303961741804e-02 6.231058183309010762e-02 6.237011932330718128e-02 6.267212706561010871e-02 6.318970347798931464e-02 6.389065247783302925e-02 6.473862280110673217e-02 6.569408749513712398e-02 6.671514120452656793e-02 6.775812203387981958e-02 6.877809190683480123e-02 6.972923150012563798e-02 7.056522049698865651e-02 7.123967927497014407e-02 7.170674335419639778e-02 7.192182718287253029e-02 7.184261040836266432e-02 7.143024993795465960e-02 7.065078786920599152e-02 6.947669227461011898e-02 6.788843848280007309e-02 6.587601626730979487e-02 6.344023596887608807e-02 6.059370585032644585e-02 5.736136459753413130e-02 5.378047630074300756e-02 4.990002876126751336e-02 4.577951683034647140e-02 4.148713720309998854e-02 3.709746574763497784e-02 3.268872909821546324e-02 2.833981527835112077e-02 2.412719062786557178e-02 2.012190032561349609e-02 1.638682648828865968e-02 1.297436152672551239e-02 9.924626614894028684e-03 7.264328189214542923e-03 5.006302468954046403e-03 3.149752595660262021e-03 1.681138726930834094e-03 5.756416370335808337e-04 -2.009121019130105049e-04 -6.897983760736640024e-04 -9.369647379255678556e-04 -9.905696975341432477e-04 -8.986325640108526816e-04 -7.069167265506527903e-04 -4.571447376986334478e-04 -1.856144337784749066e-04 7.774589548328989137e-05 3.098761508025919299e-04
2.931453499207350467e-04 8.096310511117093753e-05 -1.495421736832363169e-04 -3.722575078858585563e-04 -5.539954123757351735e-04 -6.550011280310284864e-04 -6.299037181826229806e-04 -4.291099693875395876e-04 -6.118879558273272040e-07 7.078505054317573136e-04 1.746357418158674384e-03 3.160219792630711635e-03 4.987363016306295589e-03 7.255827492064621104e-03 9.981534027927741956e-03 1.316645699257467002e-02 1.679733359208882351e-02 2.084501388295382021e-02 2.526452437410632232e-02 2.999588006122250530e-02 3.496563779264653254e-02 4.008914068406371073e-02 4.527336176232532594e-02 5.042021798491045509e-02 5.543019586114318609e-02 6.020610925410668085e-02 6.465680010420106483e-02 6.870059457349403376e-02 7.226834043518762241e-02 7.530587557581254476e-02 7.777581063146808693e-02 7.965854879677992939e-02 8.095251000896194760e-02 8.167357203504542473e-02 8.185378444795989028e-02 8.153945021318345643e-02 8.078870115043020050e-02 7.966871596788603627e-02 7.825274165781634372e-02 7.661708032066627538e-02 7.483819425877570597e-02 7.299006350147731192e-02 7.114190349291965587e-02 6.935631870976111113e-02 6.768793303872576439e-02 6.618250254407581634e-02 6.487648344869184625e-02 6.379700014416217480e-02 6.296213680860446305e-02 6.238146314087929939e-02 6.205670052785439844e-02 6.198243962099072440e-02 6.214683304714132411e-02 6.253220637646113300e-02 6.311555451512768089e-02 6.386891697866978190e-02 6.475965142770871708e-02 6.575064782599544799e-02 6.680054327072720843e-02 6.786400806518141926e-02 6.889217570862042617e-02 6.983328268873038869e-02 7.063356862815363402e-02 7.123846463125944883e-02 7.159406951063551627e-02 7.164888243945047308e-02 7.135572934162726089e-02 7.067379197972628591e-02 6.957062605857475268e-02 6.802404013851104381e-02 6.602370249966132976e-02 6.357234924089397166e-02 6.068648382216439846e-02 5.739648500147807864e-02 5.374607482830705274e-02 4.979113845286091411e-02 4.559792990332778295e-02 4.124073933781607221e-02 3.679913431142647212e-02 3.235491736605755619e-02 2.798896239743490014e-02 2.377810121736376181e-02 1.979222886215942917e-02 1.609178181051295828e-02 1.272571858801299291e-02 9.730099261604244210e-03 7.127321674089233047e-03 4.926030907503211112e-03 3.121677469951695833e-03 1.697661996038349070e-03 6.269723752115033064e-04 -1.258048564422489107e-04 -6.022320372020277708e-04 -8.476654236216177611e-04 -9.089324643944250324e-04 -8.321636940394083228e-04 -6.608823872681610133e-04 -4.344308162053805988e-04 -1.867847060216646943e-04 5.422057185676702404e-05 2.672553915321989031e-04
2.973305884103427492e-04 1.168165981155111673e-04 -8.451870514870028772e-05 -2.832214529249238617e-04 -4.485330338120470037e-04 -5.426765196229939043e-04 -5.216075101401320639e-04 -3.362482707231530255e-04 6.580595347585463731e-05 7.381524529988946377e-04 1.733096033552399733e-03 3.098922988769522904e-03 4.877071153362820891e-03 7.099353814082697174e-03 9.785406845690691052e-03 1.294052921204246961e-02 1.655407592338871414e-02 2.059853952595453244e-02 2.502942202092855312e-02 2.978595552395155860e-02 3.479267961781060819e-02 3.996182957214284431e-02 4.519643623677307293e-02 5.039398947690133107e-02 5.545047637984484162e-02 6.026457651248123826e-02 6.474178183871139025e-02 6.879821005805003553e-02 7.236389741481377702e-02 7.538538947016078240e-02 7.782749369002962825e-02 7.967411264755092093e-02 8.092813699988445075e-02 8.161043851602353683e-02 8.175806054795455025e-02 8.142175201431819942e-02 8.066302747339944290e-02 7.955095751056688591e-02 7.815889904303727209e-02 7.656136424404215435e-02 7.483120099984362505e-02 7.303721979281990739e-02 7.124235532401507198e-02 6.950240039410129911e-02 6.786529916757649827e-02 6.637094141136787306e-02 6.505136252525016427e-02 6.393122915752628976e-02 6.302847874665509775e-02 6.235498395500053970e-02 6.191712883691105618e-02 6.171621065238881709e-02 6.174861643044103621e-02 6.200576293045425430e-02 6.247382843823939130e-02 6.313334081511288998e-02 6.395871477777513581e-02 6.491784967250939509e-02 6.597190518401334358e-02 6.707536581975778733e-02 6.817648617750075857e-02 6.921817961834324240e-02 7.013937567994064926e-02 7.087682973582799806e-02 7.136732579797591680e-02 7.155017378928167637e-02 7.136986961948030284e-02 7.077876293625011417e-02 6.973956561731962933e-02 6.822753504612433240e-02 6.623218002588093789e-02 6.375836283057896570e-02 6.082670641093104735e-02 5.747325844487050778e-02 5.374841049430549578e-02 4.971511750023074883e-02 4.544650675154347785e-02 4.102300314483249555e-02 3.652912640885488255e-02 3.205013412921223909e-02 2.766869086015014828e-02 2.346173823430460978e-02 1.949772453103272227e-02 1.583432616804768614e-02 1.251676019105025205e-02 9.576748634054109074e-03 7.032155405994442929e-03 4.887276918236907811e-03 3.133731581500777495e-03 1.751862757974747501e-03 7.125464169764588861e-04 -2.072034099185530824e-05 -4.895801550066861824e-04 -7.385539327192929427e-04 -8.128756653491310546e-04 -7.565261390257772053e-04 -6.105473406882458648e-04 -4.116955265192040036e-04 -1.914658937148400186e-04 2.450269731980002363e-05 2.166569394812395150e-04
3.056351552039281161e-04 1.592849362224933989e-04 -1.073882199369657030e-05 -1.838751971630673502e-04 -3.320094919088581280e-04 -4.195189833221249151e-04 -4.038042995244630782e-04 -2.363468816147577497e-04 1.356988466248207738e-04 7.674068182927653529e-04 1.713541903022617685e-03 3.025690786491922520e-03 4.749204156105238904e-03 6.920122475911033577e-03 9.562277150624092295e-03 1.268476604468374118e-02 1.627999533435268639e-02 2.032245775766080079e-02 2.476838092035945488e-02 2.955633012441154922e-02 3.460879115259989092e-02 3.983469358476887656e-02 4.513276934769486215e-02 5.039557953755531561e-02 5.551399029788838674e-02 6.038184037876032084e-02 6.490052267329010638e-02 6.898320189575990469e-02 7.255841135441784551e-02 7.557281241248575698e-02 7.799295788112789451e-02 7.980597082633697492e-02 8.101912744953554402e-02 8.165841043109517416e-02 8.176617085524760797e-02 8.139809645911540159e-02 8.061972639382056216e-02 7.950277440609479496e-02 7.812152168468709801e-02 7.654951797118626777e-02 7.485678735385355165e-02 7.310767770341360106e-02 7.135942563334518596e-02 6.966143868782065374e-02 6.805522990408537087e-02 6.657488323926299967e-02 6.524788680556938003e-02 6.409614806244148810e-02 6.313700279263813331e-02 6.238404750083659245e-02 6.184766047388706028e-02 6.153512604915752082e-02 6.145033426615030547e-02 6.159308790014375590e-02 6.195810465311015619e-02 6.253384827536064006e-02 6.330135395214266103e-02 6.423322726689169315e-02 6.529299109338544682e-02 6.643493140448118728e-02 6.760455353623555375e-02 6.873970875278942461e-02 6.977239196774925878e-02 7.063115074416005668e-02 7.124398882885767115e-02 7.154159961869546724e-02 7.146073031261043762e-02 7.094745899258146637e-02 6.996016590935277835e-02 6.847199666265384177e-02 6.647264710551342715e-02 6.396934473441392988e-02 6.098695515647281629e-02 5.756720048031160192e-02 5.376703452364400837e-02 4.965627316900376315e-02 4.531462321926449377e-02 4.082828676205298157e-02 3.628633845031755539e-02 3.177707947688267892e-02 2.738456470318563832e-02 2.318547973315976396e-02 1.924651485378203394e-02 1.562234542795473517e-02 1.235428658184337634e-02 9.469647002079986664e-03 6.981765299806872924e-03 4.890675285141814384e-03 3.184315677238034811e-03 1.840176678793326460e-03 8.272612350031904437e-04 1.082327938875969273e-04 -3.583764803580483538e-04 -6.160137746517428160e-04 -7.081115409477600937e-04 -6.763333655196609702e-04 -5.591198217056533469e-04 -3.905712749040352299e-04 -1.996820861386422973e-04 -9.919976181519242833e-06 1.608735065721383656e-04
3.190205819116017413e-04 2.071023204844840270e-04 6.836146217091012244e-05 -7.959257924735393258e-05 -2.113390281371142244e-04 -2.934462453694050739e-04 -2.847788833300473081e-04 -1.373740011080956875e-04 2.020851802174818482e-04 7.902099425555445152e-04 1.684318583976386965e-03 2.939424962642545915e-03 4.604951612058025279e-03 6.721353890932340279e-03 9.316869175143724369e-03 1.240461880052315738e-02 1.598028771893586150e-02 2.002058623047153416e-02 2.448265975064072356e-02 2.930455800654398202e-02 3.440680756200223400e-02 3.969505580602682160e-02 4.506367626523748171e-02 5.040015073186626671e-02 5.558997973908729601e-02 6.052182534986984969e-02 6.509256391766669869e-02 6.921192463583533683e-02 7.280641347049260359e-02 7.582227034504183949e-02 7.822727680974116138e-02 8.001131642591775839e-02 8.118568364714771890e-02 8.178123102486939411e-02 8.184553080048075080e-02 8.143929763078083806e-02 8.063236792588417134e-02 7.949955365224044279e-02 7.811668253243864157e-02 7.655710312521361860e-02 7.488887572307482976e-02 7.317279413788781162e-02 7.146129681806182021e-02 6.979823694740774909e-02 6.821939897149729981e-02 6.675358141205954554e-02 6.542401934825632648e-02 6.424989884695776754e-02 6.324772156275250412e-02 6.243230957042049389e-02 6.181729446431076525e-02 6.141500486122521141e-02 6.123574509605836380e-02 6.128653674467773871e-02 6.156946538338139291e-02 6.207983037970803142e-02 6.280432986573794563e-02 6.371952295802173205e-02 6.479079587233267656e-02 6.597201951440845313e-02 6.720602742117111339e-02 6.842597046343869283e-02 6.955752561677969181e-02 7.052185796925140859e-02 7.123916529806111064e-02 7.163257936735782649e-02 7.163216237383469853e-02 7.117872353621872150e-02 7.022719038595860719e-02 6.874930045496106812e-02 6.673542848150749995e-02 6.419542720351241460e-02 6.115843056065096983e-02 5.767164058677103772e-02 5.379818753872832315e-02 4.961421168193579090e-02 4.520536055721063179e-02 4.066292479832122470e-02 3.607984747892191424e-02 3.154683685464417658e-02 2.714879187789143167e-02 2.296171671981971432e-02 1.905025820103874168e-02 1.546595235878344896e-02 1.224621724194951793e-02 9.414082016261815511e-03 6.978600625374564367e-03 4.935863912157161838e-03 3.270498761399787124e-03 1.957527150855216478e-03 9.644518848188079162e-04 2.534384611028095077e-04 -2.165272989531910283e-04 -4.876101796607981492e-04 -6.013092711387223264e-04 -5.969163025274961797e-04 -5.102875862264095400e-04 -3.729466163189440985e-04 -2.115145727109855097e-04 -4.744920284579135124e-05 1.029406758495600600e-04
3.385155675586094381e-04 2.591344362185986263e-04 1.495191235095347151e-04 2.444313681305662102e-05 -9.324796171039520867e-05 -1.722018766064655577e-04 -1.726520304013855374e-04 -4.712026019368404522e-05 2.582224568478744264e-04 8.015339137079271342e-04 1.642664806514460528e-03 2.840010473472937957e-03 4.447003956051799947e-03 6.508450222326888496e-03 9.056936559845314011e-03 1.210957407008201106e-02 1.566532651986946370e-02 1.970316352339765084e-02 2.418123482907123811e-02 2.903720294747356295e-02 3.418979597811556970e-02 3.954155652714248098e-02 4.498267270746063307e-02 5.039569089603447571e-02 5.566083491408406470e-02 6.066159978658514085e-02 6.529025615109115832e-02 6.945289771727154726e-02 7.307369048751292950e-02 7.609803757117052092e-02 7.849445344544755954e-02 8.025504002269889803e-02 8.139456549307537425e-02 8.194825601866950748e-02 8.196851004766682325e-02 8.152082605231644741e-02 8.067928924737230445e-02 7.952198611623226276e-02 7.812670516612887917e-02 7.656723934387860142e-02 7.491053429203248237e-02 7.321483426606631428e-02 7.152887334990797041e-02 6.989205407406680337e-02 6.833545924792223947e-02 6.688346537320115359e-02 6.555567503404302609e-02 6.436886600751920429e-02 6.333866807653890096e-02 6.248072279579712507e-02 6.181115168870975757e-02 6.134624681061601192e-02 6.110139475193002850e-02 6.108934062685519167e-02 6.131798234754698429e-02 6.178794881346710149e-02 6.249025207708863716e-02 6.340430947424899322e-02 6.449660671180661164e-02 6.572021973177985532e-02 6.701533737278594915e-02 6.831083614823064976e-02 6.952686190167044200e-02 7.057828009736519248e-02 7.137877588327426470e-02 7.184532419994280050e-02 7.190271435123961330e-02 7.148780529527905270e-02 7.055320744295558166e-02 6.907013137648203294e-02 6.703020883209170888e-02 6.444617011832504128e-02 6.135134753129498769e-02 5.779805877240292572e-02 5.385500089930429085e-02 4.960384811834153002e-02 4.513529152195416838e-02 4.054478331053198298e-02 3.592825165758176814e-02 3.137803651820055689e-02 2.697926419534276213e-02 2.280683333474161495e-02 1.892313184260421138e-02 1.537654781930912137e-02 1.220078253290656292e-02 9.414923656622638595e-03 7.024195521877364679e-03 5.021272017174781797e-03 3.388017947394756074e-03 2.097516103656172845e-03 1.116239064126225370e-03 4.062352718000929739e-04 -7.278379533373418534e-05 -3.615467450404665200e-04 -4.995829316938216365e-04 -5.238834493110935920e-04 -4.678821594406076118e-04 -3.607560276482576524e-04 -2.270271387476349972e-04 -8.643583241675829344e-05 4.595447168594482025e-05
3.650333734009020628e-04 3.143658813742561745e-04 2.298085181537421005e-04 1.235740955820398886e-04 1.621023404540242532e-05 -6.275373293674951433e-05 -7.470692804956266704e-05 2.749403416852597777e-05 2.982623270411342300e-04 7.972875623520551524e-04 1.586850851720047681e-03 2.728547481658454010e-03 4.279575909000629848e-03 6.288805245363354376e-03 8.792875355797409240e-03 1.181260913153059366e-02 1.535002138619906767e-02 1.938619064328209185e-02 2.388021820732794120e-02 2.876943487700262675e-02 3.397093321032402385e-02 3.938440818382479836e-02 4.489618884317398556e-02 5.038424662393777703e-02 5.572388122769517810e-02 6.079372052218028066e-02 6.548163374280485671e-02 6.969015198147002210e-02 7.334101846100980759e-02 7.637855219612663116e-02 7.877159795907301421e-02 8.051394574727559206e-02 8.162322465754717760e-02 8.213839826036503644e-02 8.211609992924805146e-02 8.162613657804962397e-02 8.074654922390217537e-02 7.955864285966220140e-02 7.814238389262202766e-02 7.657251228222232420e-02 7.491563259963100740e-02 7.322844188938153198e-02 7.155713320483142459e-02 6.993789409676046120e-02 6.839831129950880995e-02 6.695940730827731890e-02 6.563798003179242835e-02 6.444889851840439332e-02 6.340702734168986165e-02 6.252850707051549328e-02 6.183120212692336248e-02 6.133423103665579940e-02 6.105660638299831300e-02 6.101512067458139676e-02 6.122170831257778972e-02 6.168058307735320434e-02 6.238548794980731255e-02 6.331739595720636826e-02 6.444296714682345995e-02 6.571400145969345796e-02 6.706803710402724217e-02 6.843013830676647480e-02 6.971580571228351564e-02 7.083483809126497888e-02 7.169588542586602387e-02 7.221136898539640137e-02 7.230240921857643277e-02 7.190339962018930942e-02 7.096589346766662976e-02 6.946152680376736777e-02 6.738377916285691327e-02 6.474846548656629230e-02 6.159294977995065368e-02 5.797416468184127258e-02 5.396560347561138449e-02 4.965351589289571793e-02 4.513258211366029393e-02 4.050135863963834348e-02 3.585778546072004164e-02 3.129501842113638355e-02 2.689780783450401377e-02 2.273958922403953795e-02 1.888039015585347286e-02 1.536559405454572882e-02 1.222554269258581058e-02 9.475907870986264442e-03 7.118722631611839290e-03 5.143934845812482733e-03 3.531331624387732022e-03 2.252680969656882526e-03 1.273945809297769060e-03 5.574427464133040015e-04 6.384092433422256484e-05 -2.460773260467398276e-04 -4.099453926262240601e-04 -4.626565629601595920e-04 -4.355265821910980556e-04 -3.557591424183611552e-04 -2.461849174716409638e-04 -1.252354834862419442e-04 -7.108530982838888457e-06
3.991905377047353428e-04 3.718646976371550381e-04 3.067609457781195550e-04 2.139396698172121251e-04 1.120633106368358351e-04 2.922237358682225686e-05 3.194614836547868437e-06 8.101990246382580131e-05 3.178118392005115827e-04 7.747782132464418273e-04 1.516482780317214910e-03 2.607446543003625813e-03 4.108252306580341580e-03 6.071375925571283194e-03 8.537015242966987036e-03 1.152921763999110311e-02 1.505261479046724610e-02 1.909005570704710303e-02 2.360138562139559373e-02 2.852355018309058604e-02 3.377211587619741856e-02 3.924419470716851432e-02 4.482265224128452463e-02 5.038137228856238298e-02 5.579125866142350260e-02 6.092658356807524600e-02 6.567125096326613398e-02 6.992453676047548361e-02 7.360589836980906131e-02 7.665851227090104969e-02 7.905129546865934109e-02 8.077928673477527410e-02 8.186239601140933575e-02 8.234266318875332891e-02 8.228028822081809301e-02 8.174879164174640722e-02 8.082972850381123231e-02 7.960740321645502771e-02 7.816401521890817272e-02 7.657560756261735935e-02 7.490909811038251598e-02 7.322055553256524851e-02 7.155475157687296583e-02 6.994589057729420911e-02 6.841930020944367308e-02 6.699377602757065897e-02 6.568421556776181391e-02 6.450416132113449830e-02 6.346789694224809486e-02 6.259180453134115252e-02 6.189478553523022203e-02 6.139766331571610419e-02 6.112160918789540098e-02 6.108575243575994212e-02 6.130423585161118988e-02 6.178305112121660475e-02 6.251702540921538764e-02 6.348732817165671227e-02 6.465982609011101945e-02 6.598453866748164864e-02 6.739634548564420180e-02 6.881697896041352736e-02 7.015821555590329162e-02 7.132606583268258360e-02 7.222567023634525463e-02 7.276654178940462903e-02 7.286776441292279471e-02 7.246275859680746667e-02 7.150326316072166954e-02 6.996224829092724529e-02 6.783556370378164557e-02 6.514222774088487822e-02 6.192336875484626829e-02 5.823992984578947596e-02 5.416933354231373565e-02 4.980136793156171582e-02 4.523359591628592358e-02 4.056660314590811167e-02 3.589938865293242076e-02 3.132516842722538747e-02 2.692781087072038115e-02 2.277906016570733008e-02 1.893663535638717699e-02 1.544322547576708685e-02 1.232633969212130337e-02 9.598920391883983966e-03 7.260589149388112576e-03 5.299371967218124806e-03 3.693740904041419460e-03 2.414812930121850755e-03 1.428561334718825640e-03 6.979174423850880273e-04 1.846677277227082780e-04 -1.489193196179201990e-04 -3.387736674874656400e-04 -4.180228883535379650e-04 -4.162998576216968239e-04 -3.593325390067465385e-04 -2.687783931134780837e-04 -1.622599966860950853e-04 -5.355688956943153133e-05
4.411481626608558526e-04 4.307324888447221570e-04 3.784337538507854658e-04 2.926652215036692518e-04 1.907185202293427712e-04 9.972884458399246949e-05 5.705326027018685613e-05 1.099323898117649293e-04 3.143459765385188311e-04 7.330265949903169015e-04 1.432660012453737140e-03 2.480370910453438306e-03 3.939663199553319547e-03 5.866048631359149432e-03 8.302649276371445314e-03 1.127609260124414273e-02 1.479302736904185289e-02 1.883757116404250614e-02 2.336995501312458950e-02 2.832655890742056745e-02 3.362143823956276895e-02 3.914933195002470723e-02 4.479002721769316520e-02 5.041384283475611183e-02 5.588789437454997483e-02 6.108272867833806213e-02 6.587887119624580290e-02 7.017282289294864139e-02 7.388207605691944624e-02 7.694878901503382496e-02 7.934186327847211895e-02 8.105729444539504225e-02 8.211680898574288956e-02 8.256493991227738249e-02 8.246482199641155808e-02 8.189308928946045785e-02 8.093432421093758877e-02 7.967553170045885147e-02 7.820109139324110670e-02 7.658857747501675306e-02 7.490573618596239880e-02 7.320878503805780535e-02 7.154205860200782419e-02 6.993888753691572535e-02 6.842347460732965680e-02 6.701343637013923438e-02 6.572262165929845801e-02 6.456380358281138543e-02 6.355087149707380756e-02 6.270021965358361926e-02 6.203113194697748578e-02 6.156508605211681584e-02 6.132403169240586982e-02 6.132782263168603393e-02 6.159108689388799462e-02 6.211989364236691208e-02 6.290861048781773435e-02 6.393733832795080174e-02 6.517026322092740742e-02 6.655518159610639140e-02 6.802434525392073161e-02 6.949664761534531110e-02 7.088104535242989446e-02 7.208099257754958800e-02 7.299956949496778924e-02 7.354492260181920427e-02 7.363560461318476025e-02 7.320541097539159936e-02 7.220735406872462459e-02 7.061649056814413294e-02 6.843141386682814742e-02 6.567433221815517641e-02 6.238976393872976145e-02 5.864198369960156587e-02 5.451144006245387669e-02 5.009042756306168048e-02 4.547833296547173360e-02 4.077678372243221522e-02 3.608500872621327182e-02 3.149568091632701239e-02 2.709145370586027446e-02 2.294233497361939517e-02 1.910397030603251667e-02 1.561683763633137101e-02 1.250629385078455384e-02 9.783364398622027003e-03 7.446131971766237721e-03 5.481560822450603186e-03 3.867588686722731994e-03 2.575326775083862287e-03 1.571227185029319033e-03 8.191031845439486524e-04 2.819177820930117363e-04 -7.671328613911631645e-05 -2.913292127338020930e-04 -3.937425921388495488e-04 -4.124492043710401186e-04 -3.722957030279477322e-04 -2.943636064198372655e-04 -1.960249140116677221e-04 -9.112576937338602405e-05
4.904946075195335507e-04 4.900499666096835676e-04 4.434284145710786895e-04 3.579562154873388961e-04 2.501285405278642904e-04 1.466708561181910998e-04 8.499247854363363615e-05 1.128940164667598068e-04 2.874323436587633476e-04 6.729030266843636808e-04 1.337967536571844267e-03 2.352026362020911629e-03 3.781013361345467172e-03 5.682854618784165604e-03 8.102889798929268500e-03 1.106958909691616033e-02 1.459090912190314990e-02 1.865161302439604513e-02 2.321183284847129491e-02 2.820707712629703587e-02 3.354978859357111987e-02 3.913244264248538773e-02 4.483205590065129226e-02 5.051585664158321498e-02 5.604776550612355218e-02 6.129525648454216269e-02 6.613612276488128883e-02 7.046466566178294366e-02 7.419685969998268682e-02 7.727412144052686616e-02 7.966541827331310999e-02 8.136758706597461976e-02 8.240387938107120169e-02 8.282089639840557738e-02 8.268420881208719819e-02 8.207306200077542357e-02 8.107463432725672825e-02 7.977833973265781309e-02 7.827064245598146230e-02 7.663078405922808811e-02 7.492771786091965980e-02 7.321841416510870004e-02 7.154755491043493509e-02 6.994849352878101945e-02 6.844522966349382564e-02 6.705505193148493526e-02 6.579144491203825496e-02 6.466684455354296257e-02 6.369485991637315048e-02 6.289165442694484576e-02 6.227628799705850482e-02 6.186995040117302530e-02 6.169415202180156266e-02 6.176806573063877565e-02 6.210531957553788729e-02 6.271061290714005643e-02 6.357656109851124449e-02 6.468116300297654941e-02 6.598623234167559637e-02 6.743704529015866200e-02 6.896334127150452464e-02 7.048168452412141571e-02 7.189906373217595792e-02 7.311748895611994148e-02 7.403925072486865211e-02 7.457244413600111477e-02 7.463633629246434198e-02 7.416616959252857189e-02 7.311704362125145962e-02 7.146659859323410691e-02 6.921632477888055301e-02 6.639143482686957198e-02 6.303934862302702780e-02 5.922694318199415997e-02 5.503680452783347998e-02 5.056277837775530193e-02 4.590514824778842151e-02 4.116577276972192140e-02 3.644349065019941020e-02 3.183005616469685578e-02 2.740680632586275922e-02 2.324218974532919410e-02 1.939021370414253584e-02 1.588979649465227517e-02 1.276495202845890319e-02 1.002568686902582246e-02 7.669458419890305342e-03 5.683027486809440199e-03 4.044537841996336328e-03 2.725667557339270849e-03 1.693718725997486827e-03 9.135403306455551096e-04 3.492099947339252861e-04 -3.456895993691779499e-05 -2.713708906317488512e-04 -3.922442384451371505e-04 -4.251761437313150271e-04 -3.947890922278833072e-04 -3.222277584438823679e-04 -2.251934461999477010e-04 -1.180865147414466177e-04
5.461839753271898867e-04 5.488279184256478118e-04 5.008618617973854218e-04 4.090954200423970767e-04 2.898160479483842273e-04 1.699042261139478965e-04 8.731857928572796766e-05 9.080761941568685994e-05 2.387485264044681907e-04 5.970719463168685246e-04 1.236301794680670207e-03 2.227815548926693773e-03 3.639507298526423358e-03 5.531105913876324144e-03 7.949456944332449621e-03 1.092411263872970946e-02 1.446358442664398732e-02 1.855259285836149269e-02 2.315060039549494270e-02 2.819183439754820511e-02 3.358690587087505980e-02 3.922601140928949626e-02 4.498358078215058953e-02 5.072411169909316758e-02 5.630882765031090809e-02 6.160271489394337358e-02 6.648144928874288873e-02 7.083771855314856258e-02 7.458648286811704609e-02 7.766879470097665106e-02 8.005391143715159807e-02 8.173957235845126512e-02 8.275046237882255351e-02 8.313503476188645325e-02 8.296099954715073499e-02 8.230989054652285142e-02 8.127119107016306243e-02 7.993652027781926461e-02 7.839435604045022488e-02 7.672569910181895048e-02 7.500097446663682443e-02 7.327833056582219728e-02 7.160334890068348335e-02 7.001003189614216082e-02 6.852280962131257480e-02 6.715920994386707921e-02 6.593278129688578959e-02 6.485584787257329953e-02 6.394171406552282000e-02 6.320601373239684295e-02 6.266701122768075782e-02 6.234479270335157447e-02 6.225942328068916065e-02 6.242827344854676858e-02 6.286282265840721639e-02 6.356531850424861074e-02 6.452569886952055911e-02 6.571916932263188738e-02 6.710477092208616545e-02 6.862518094467315311e-02 7.020787097663785947e-02 7.176761584269636396e-02 7.321021655269555062e-02 7.443718394066825561e-02 7.535103826770118973e-02 7.586082214395825640e-02 7.588740440003703680e-02 7.536817169794178539e-02 7.426075951836763611e-02 7.254555812462921971e-02 7.022683309594719703e-02 6.733241350218947818e-02 6.391201291594003631e-02 6.003434919053725338e-02 5.578330999344543323e-02 5.125346664211848785e-02 4.654526585243713710e-02 4.176022748945681928e-02 3.699644888211797711e-02 3.234466747558832622e-02 2.788506979868728836e-02 2.368496291737371903e-02 1.979735171571585933e-02 1.626039779277079975e-02 1.309767856688587133e-02 1.031912184923382964e-02 7.922463481075836533e-03 5.895063748544532647e-03 4.215920857496648945e-03 2.857734301967651633e-03 1.788894297729153038e-03 9.753020748774715674e-04 3.819563123265454045e-04 -2.572965565970430164e-05 -2.808893904564322016e-04 -4.144324465528712378e-04 -4.545149560731433355e-04 -4.262167383864975479e-04 -3.513864609646852322e-04 -2.486172651576549694e-04 -1.333193201975891619e-04
6.065388096785963041e-04 6.059725665213768799e-04 5.502995364778304459e-04 4.463501523173365668e-04 3.107617254316703565e-04 1.711090138300022656e-04 6.638100044086990212e-05 4.665865022263223326e-05 1.718940435328499775e-04 5.097519589159075267e-04 1.132547122428768536e-03 2.113388805756440201e-03 3.521722843083374081e-03 5.418532285626932038e-03 7.851514527548061201e-03 1.085058810560279169e-02 1.442409110671841882e-02 1.855601182392876969e-02 2.320454013742568461e-02 2.830214709444969778e-02 3.375729528581444122e-02 3.945776152883137544e-02 4.527542587541959901e-02 5.107225820983456177e-02 5.670712712918082876e-02 6.204297603109750620e-02 6.695386703064140632e-02 7.133139020202544645e-02 7.508997569538264361e-02 7.817072741119573953e-02 8.054351292508950266e-02 8.220718539216323451e-02 8.318796657881921686e-02 8.353617172907125410e-02 8.332159224773071082e-02 8.262795805884744216e-02 8.154696756757436049e-02 8.017239287252640734e-02 7.859473932894200932e-02 7.689686475078004457e-02 7.515085213459961333e-02 7.341629237714684952e-02 7.173998434768717736e-02 7.015691437843728229e-02 6.869225081320154414e-02 6.736399469181721111e-02 6.618587445453351370e-02 6.517006573302965011e-02 6.432935683332062504e-02 6.367846139483435142e-02 6.323429250392084700e-02 6.301514448403314206e-02 6.303886500617900124e-02 6.332022610930379547e-02 6.386780459518509590e-02 6.468074928819066149e-02 6.574583798937477797e-02 6.703520837409393529e-02 6.850508709518357553e-02 7.009574683188271593e-02 7.173280234510716336e-02 7.332982643075922069e-02 7.479213853972124793e-02 7.602150568918895901e-02 7.692140810858842659e-02 7.740246879718010176e-02 7.738763103474778637e-02 7.681669108764280218e-02 7.564985125873868732e-02 7.387004414535526531e-02 7.148388321989478100e-02 6.852120706798305039e-02 6.503329410413852263e-02 6.108992158360559283e-02 5.677551935514547898e-02 5.218471968394619576e-02 4.741762710075694831e-02 4.257512695380207685e-02 3.775452108590451883e-02 3.304572881656493710e-02 2.852822752819459892e-02 2.426883659022499931e-02 2.032037791336585575e-02 1.672118212193104275e-02 1.349535588459146139e-02 1.065368647236336619e-02 8.195035530447845190e-03 6.108065148849638540e-03 4.373144005106942463e-03 2.964297010988748825e-03 1.851085285002580924e-03 1.000330954189096021e-03 3.776299989451650709e-04 -5.137668987980210629e-05 -3.199807699290543048e-04 -4.596212145877631499e-04 -4.993129402014904669e-04 -4.652591304058551532e-04 -3.806151863495683182e-04 -2.653740425009004471e-04 -1.363468566557715731e-04
6.693185864828934094e-04 6.602722247420593233e-04 5.916616579349951669e-04 4.708047131520085981e-04 3.151733888793421118e-04 1.535080934585077595e-04 2.625302161205866729e-05 -1.483201400722484672e-05 9.201964230505678541e-05 4.163176950346093256e-04 1.032135589191123404e-03 2.014135057196407997e-03 3.432993142115951888e-03 5.350501675856489392e-03 7.814665289283567740e-03 1.085515815347964409e-02 1.447950647195284622e-02 1.867034000768974869e-02 2.338400098626153625e-02 2.855071483574979016e-02 3.407641963341705160e-02 3.984622774610751400e-02 4.572936401236758069e-02 5.158530122955795605e-02 5.727070721907075168e-02 6.264673897016651005e-02 6.758617688136023260e-02 7.197989145945965506e-02 7.574217775692558552e-02 7.881457693241865348e-02 8.116792310132871224e-02 8.280249696800427717e-02 8.374632272658585896e-02 8.405179699466164278e-02 8.379097363430218492e-02 8.304993316465859865e-02 8.192272983537997322e-02 8.050542701039396787e-02 7.889070068845925598e-02 7.716341507126479871e-02 7.539746103933468724e-02 7.365401002058594160e-02 7.198118647115046842e-02 7.041501756366753961e-02 6.898139365683490787e-02 6.769868048285489215e-02 6.658057295871880332e-02 6.563877577930354867e-02 6.488513713283676487e-02 6.433294368846997902e-02 6.399719781166320065e-02 6.389382891161785039e-02 6.403792528599361322e-02 6.444119602329353991e-02 6.510897114597320734e-02 6.603711182115321043e-02 6.720922470339577015e-02 6.859455347087400900e-02 7.014685922131938534e-02 7.180450671000271345e-02 7.349185590855253358e-02 7.512193064868857850e-02 7.660021151336919576e-02 7.782929124244443442e-02 7.871404828167891110e-02 7.916694519918004991e-02 7.911304727078850851e-02 7.849438239935312145e-02 7.727332275793519223e-02 7.543475408793165471e-02 7.298690117622036455e-02 6.996078728386753709e-02 6.640841080664855456e-02 6.239981487507081925e-02 5.801929753318468136e-02 5.336105667837993255e-02 4.852458301429234816e-02 4.361010655786993345e-02 3.871437089828729666e-02 3.392695948891206320e-02 2.932733604100007385e-02 2.498269332461637571e-02 2.094663786263080418e-02 1.725867775562145434e-02 1.394443150644123289e-02 1.101643994604774475e-02 8.475442269864259109e-03 6.311970314519254471e-03 4.508120802900390280e-03 3.039380712404419690e-03 1.876403021763485991e-03 9.866556060092509378e-04 3.358919662841083377e-04 -1.105836871932042859e-04 -3.868645273421719385e-04 -5.255948582218688929e-04 -5.573121461159029257e-04 -5.099549573742258660e-04 -4.085134536062020759e-04 -2.748010450123255458e-04 -1.273294681349967233e-04
7.318486408172037751e-04 7.104093253730645995e-04 6.251159438630791466e-04 4.841394986508111477e-04 3.061646183220728418e-04 1.214643394273954256e-04 -2.772987841262865120e-05 -8.770533226204338742e-05 5.314763463958364041e-06 3.227858507544407660e-04 9.405354785691454056e-04 1.934663640036137465e-03 3.376857629149238819e-03 5.329400066365024349e-03 7.840203769407458334e-03 1.093823951440774794e-02 1.462972723345356933e-02 1.889543474909792173e-02 2.368937032693026537e-02 2.893906865257432279e-02 3.454755978933466559e-02 4.039698539519042536e-02 4.635369619120659201e-02 5.227454080196585612e-02 5.801395020390300028e-02 6.343134468531703984e-02 6.839834987403813071e-02 7.280531034408697921e-02 7.656663506577562894e-02 7.962459583591798007e-02 8.195132103797740653e-02 8.354887227060985022e-02 8.444744751192169441e-02 8.470190709236966042e-02 8.438695338298740634e-02 8.359139882716890013e-02 8.241201970137881916e-02 8.094750872792993990e-02 7.929300702975651538e-02 7.753561847755911784e-02 7.575119539799128610e-02 7.400254582896256816e-02 7.233906349719496087e-02 7.079763792191859362e-02 6.940457832369183178e-02 6.817819389176735245e-02 6.713162338889364089e-02 6.627550344987948039e-02 6.562010666653191049e-02 6.517666217212177149e-02 6.495768324080490597e-02 6.497625558783579058e-02 6.524437211942617221e-02 6.577052031230203044e-02 6.655682422048883606e-02 6.759610426068565769e-02 6.886923833376923376e-02 7.034318594937918889e-02 7.196997587020297071e-02 7.368686454763755111e-02 7.541775767422045917e-02 7.707586292623114232e-02 7.856742140855212109e-02 7.979626062742189996e-02 8.066883311189548822e-02 8.109935912895804844e-02 8.101468267536018897e-02 8.035847662890124865e-02 7.909449156168470163e-02 7.720862624825332310e-02 7.470969726626262852e-02 7.162889020832742537e-02 6.801797592013267280e-02 6.394646297888115227e-02 5.949792537928524222e-02 5.476578762640173931e-02 4.984886638549342747e-02 4.484695939849504126e-02 3.985674174612014592e-02 3.496818167896491303e-02 3.026162920916997470e-02 2.580566685733760857e-02 2.165574947873903644e-02 1.785360414855693273e-02 1.442731556671516917e-02 1.139198972295562065e-02 8.750869458427157008e-03 6.496769465855969580e-03 4.613703429335763370e-03 3.078589863997267459e-03 1.862942817058467568e-03 9.344759483543494099e-04 2.585709278643668957e-04 -2.004185888444867116e-04 -4.780394026687066278e-04 -6.087872288201281665e-04 -6.253228157521821540e-04 -5.578434071198540289e-04 -4.335964115239970221e-04 -2.765234220940117425e-04 -1.070250154584530527e-04
7.911978562850092555e-04 7.549986172334017566e-04 6.509702266025113419e-04 4.883821844871741140e-04 2.873787444169638612e-04 8.000060376729895353e-05 -8.952401514487223246e-05 -1.653581677940282359e-04 -8.159254578175224502e-05 2.352391586033430668e-04 8.627211719874107454e-04 1.878329767575450879e-03 3.354637262486792875e-03 5.354232974047539242e-03 7.924701967022284438e-03 1.109403288471902740e-02 1.486682825857672113e-02 1.922166153801682306e-02 2.410986446673489547e-02 2.945593910694798562e-02 3.515967648770432913e-02 4.109993687405465862e-02 4.713991538747813043e-02 5.313359266085641852e-02 5.893296496142282764e-02 6.439557225748572533e-02 6.939180433001239379e-02 7.381146936100854705e-02 7.756915773157398164e-02 8.060802311637589590e-02 8.290172636924490746e-02 8.445443461273825780e-02 8.529892522040691261e-02 8.549299750626945804e-02 8.511452949376920041e-02 8.425562028458466468e-02 8.301632038457994189e-02 8.149846699511824333e-02 7.980010757463631976e-02 7.801091664244254320e-02 7.620889611206826952e-02 7.445851039757572787e-02 7.281025858700725106e-02 7.130154250569134544e-02 6.995856616701605357e-02 6.879891131329274323e-02 6.783438426327059734e-02 6.707372535931917235e-02 6.652481325837750203e-02 6.619607664005171255e-02 6.609693597227234152e-02 6.623722511112471734e-02 6.662567245630776624e-02 6.726763987364113573e-02 6.816241192375362135e-02 6.930038830332330146e-02 7.066055292084957862e-02 7.220857224724402945e-02 7.389581653270102524e-02 7.565950720542258257e-02 7.742408242140870478e-02 7.910375238597051883e-02 8.060609932847355441e-02 8.183647566571122800e-02 8.270287767223992448e-02 8.312092763781302185e-02 8.301858823021547595e-02 8.234025809099035365e-02 8.104995362224298727e-02 7.913336169563449374e-02 7.659864290035679757e-02 7.347596529499945961e-02 6.981584492234373107e-02 6.568645316519702848e-02 6.117011580897668138e-02 5.635927024871724422e-02 5.135216403472875335e-02 4.624857079620987854e-02 4.114577158558978959e-02 3.613500555106544110e-02 3.129853925645346979e-02 2.670744491125836423e-02 2.242011989669805486e-02 1.848152805722031236e-02 1.492310081860110868e-02 1.176320541360685937e-02 9.008069025929666893e-03 6.653040889331318479e-03 4.684077657995322323e-03 3.079348360824238524e-03 1.810871304413102937e-03 8.461137515203779463e-04 1.495037339634673092e-04 -3.161798679108185546e-04 -5.885590378935947296e-04 -7.045599040121177693e-04 -6.994705824340947649e-04 -6.061528245134088213e-04 -4.544051848277823758e-04 -2.704752209428454551e-04 -7.671844398047405512e-05
8.443884261322303665e-04 7.926490094570092654e-04 6.695772018076103123e-04 4.856575378000167753e-04 2.625975975654878079e-04 3.429237161213473037e-05 -1.529665424786553519e-04 -2.411728947089902190e-04 -1.622614812165540420e-04 1.592475841486961589e-04 8.026790916146240261e-04 1.846852798687343648e-03 3.365178479649485414e-03 5.420490967294678414e-03 8.059972758222792161e-03 1.131054049406859247e-02 1.517507158730984837e-02 1.962981569358617645e-02 2.462327261800250841e-02 3.007672652792336976e-02 3.588651192316465177e-02 4.192795819330428359e-02 4.806082725765285779e-02 5.413593431115643062e-02 6.000253667880780378e-02 6.551600066258700394e-02 7.054521924521847676e-02 7.497925958503094679e-02 7.873276950657369377e-02 8.174976358647838282e-02 8.400553480798796102e-02 8.550658644663707009e-02 8.628863761785661446e-02 8.641291021438464448e-02 8.596104036625307199e-02 8.502906125604473009e-02 8.372096626509507866e-02 8.214237619361342002e-02 8.039480056955408682e-02 7.857090459123368398e-02 7.675107831724431451e-02 7.500146529009973917e-02 7.337345826085636680e-02 7.190452539000417864e-02 7.062010584202184360e-02 6.953622140845353017e-02 6.866239945990475213e-02 6.800449643832855162e-02 6.756704967047712229e-02 6.735486317258596034e-02 6.737364088929208294e-02 6.762960603115847347e-02 6.812817382129338073e-02 6.887186298005551488e-02 6.985772611601252791e-02 7.107464112678343882e-02 7.250082882700092934e-02 7.410194473028414164e-02 7.583003800601910427e-02 7.762358481919742759e-02 7.940869630814001434e-02 8.110148501530660414e-02 8.261145987871165719e-02 8.384572036920062699e-02 8.471364452943251633e-02 8.513172018579388822e-02 8.502815671073923887e-02 8.434693610061061442e-02 8.305101318084948114e-02 8.112444910697622080e-02 7.857335175657470527e-02 7.542559195711966147e-02 7.172935671511304623e-02 6.755068166277722330e-02 6.297016852064259151e-02 5.807913541327417578e-02 5.297546672306249760e-02 4.775942552732977131e-02 4.252966827646292164e-02 3.737966251167309378e-02 3.239465929641217878e-02 2.764931814511235528e-02 2.320602877867062458e-02 1.911392543614875289e-02 1.540854902216553038e-02 1.211208207042375855e-02 9.234062054610303605e-03 6.772469511400170186e-03 4.715087367776319566e-03 3.041034785565516901e-03 1.722390466250492717e-03 7.258344394780677240e-04 1.425190697469809996e-05 -4.517437995225402972e-04 -7.124006485884617698e-04 -8.075522754387273912e-04 -7.754933136455098835e-04 -6.520172213519337054e-04 -4.696250054216459784e-04 -2.569107762560121112e-04 -3.812758875842742375e-05
8.886177793129487745e-04 8.220435276284081445e-04 6.812610952110320466e-04 4.779608078256075525e-04 2.353738417574724115e-04 -1.081659046733721499e-05 -2.123410406366925841e-04 -3.091198032114593182e-04 -2.310273844733631084e-04 9.934528023465690957e-05 7.630004890110944279e-04 1.840067823799525909e-03 3.404795040106350056e-03 5.520297774378304934e-03 8.233421806023972708e-03 1.157009911663500583e-02 1.553157735740991717e-02 2.009186893123112924e-02 2.519670081300749709e-02 3.076415254442294717e-02 3.668705356398620915e-02 4.283708078737295810e-02 4.907036371269821867e-02 5.523427892975349418e-02 6.117501038817293318e-02 6.674537658859645839e-02 7.181238918845452013e-02 7.626401432227784827e-02 8.001465929596680848e-02 8.300900010303488563e-02 8.522389223431903194e-02 8.666825779737367952e-02 8.738100274035227877e-02 8.742717438098536464e-02 8.689270698788061076e-02 8.587820895706076152e-02 8.449230922353807849e-02 8.284509701359793477e-02 8.104215663067276809e-02 7.917962129517891468e-02 7.734055527672945018e-02 7.559283352223519770e-02 7.398853702749121075e-02 7.256473562543606926e-02 7.134540233050089275e-02 7.034410735702054107e-02 6.956708440288303374e-02 6.901625133583931537e-02 6.869180178718953256e-02 6.859405836964023451e-02 6.872438321412047135e-02 6.908506514378558172e-02 6.967823128472708238e-02 7.050395032511629079e-02 7.155779241757762033e-02 7.282817699609173134e-02 7.429386833643630839e-02 7.592196752975666207e-02 7.766670094524055767e-02 7.946922538965996152e-02 8.125856825201729916e-02 8.295370812430102880e-02 8.446668956259406613e-02 8.570656603166565413e-02 8.658388712792074171e-02 8.701539669891852902e-02 8.692859104273227555e-02 8.626580114080875661e-02 8.498750681051436828e-02 8.307465803819205630e-02 8.052986195139738568e-02 7.737738431379211079e-02 7.366200345625874280e-02 6.944683442064750190e-02 6.481030557219305543e-02 5.984251485066224840e-02 5.464121624553162221e-02 4.930768926907085070e-02 4.394272736829824000e-02 3.864294905458403456e-02 3.349759266628753868e-02 2.858590709613951023e-02 2.397520129897945385e-02 1.971956908915369067e-02 1.585926581691559853e-02 1.242068202114309829e-02 9.416836978484622797e-03 6.848302049510696446e-03 4.704458868558691886e-03 2.964999177263107251e-03 1.601579624055058607e-03 5.795542929485850148e-04 -1.402815583489110726e-04 -5.999923628017848551e-04 -8.428936722051768790e-04 -9.120715278103980108e-04 -8.490598652098142653e-04 -6.926997995049374770e-04 -4.781990166415730006e-04 -2.364040494581400118e-04 6.707440184578784825e-06
9.214716518774618281e-04 8.420294908189768224e-04 6.862726672719234033e-04 4.669755624510550304e-04 2.087212037380223664e-04 -5.122998910765739870e-05 -2.628659534600792658e-04 -3.642745816533685252e-04 -2.834965830296466943e-04 5.861497841977165307e-05 7.446027238739876854e-04 1.855838270405643468e-03 3.467418753996844884e-03 5.642834061269114999e-03 8.428763770183599763e-03 1.185038977510914637e-02 1.590760815268339387e-02 2.057248940329405029e-02 2.578826990712127648e-02 3.147006237527379818e-02 3.750735531437562192e-02 4.376823972032180265e-02 5.010516600209570515e-02 5.636190720888299699e-02 6.238129769037932537e-02 6.801323990455698798e-02 7.312243447693064780e-02 7.759529487254378244e-02 8.134555933759970991e-02 8.431820607150007640e-02 8.649140577876819613e-02 8.787639814656461601e-02 8.851534209810386911e-02 8.847734920748584475e-02 8.785305080337979522e-02 8.674815894131071570e-02 8.527654937432940785e-02 8.355341465773803711e-02 8.168900600641608445e-02 7.978340677923360935e-02 7.792266636377460920e-02 7.617648242896278565e-02 7.459746623950651301e-02 7.322187532298828072e-02 7.207156508734462175e-02 7.115680879798441660e-02 7.047957307069813160e-02 7.003681883912117601e-02 6.982342595196151802e-02 6.983440875306803908e-02 7.006619163695454455e-02 7.051683593122595739e-02 7.118523897711104276e-02 7.206944905995975315e-02 7.316434313300219927e-02 7.445898780250478910e-02 7.593404100757940312e-02 7.755954952216993770e-02 7.929345733295511955e-02 8.108106749112080347e-02 8.285560373021592928e-02 8.453990862075218271e-02 8.604920381121418382e-02 8.729473613161739531e-02 8.818805064418736017e-02 8.864557532409589324e-02 8.859317612485108351e-02 8.797034665026484679e-02 8.673373130606815140e-02 8.485973974319165058e-02 8.234608675076848794e-02 7.921217749705192213e-02 7.549834490450463287e-02 7.126402634522528701e-02 6.658503442871353817e-02 6.155012690404354503e-02 5.625711114969822457e-02 5.080872898409699578e-02 4.530855907092368184e-02 3.985714997825679645e-02 3.454856094767605468e-02 2.946744408764971970e-02 2.468675544984843054e-02 2.026613725069226560e-02 1.625097256845322441e-02 1.267207943159320144e-02 9.545984566919468381e-03 6.875698511650043046e-03 4.651902850574356034e-03 2.854455997724408833e-03 1.454124859765332494e-03 4.144544601181355137e-04 -3.063051712726527331e-04 -7.532869370168822007e-04 -9.731723655070995344e-04 -1.012488735999815537e-03 -9.160821991625611466e-04 -7.258024829546199817e-04 -4.794258331487486792e-04 -2.098338012176770382e-04 5.554371338242791202e-05
9.411083418912960519e-04 8.517095597537619779e-04 6.847751041736496215e-04 4.539508112107451185e-04 1.848890982419633226e-04 -8.390972364312357205e-05 -3.010622970634061531e-04 -4.032039233256477458e-04 -3.169013766004107622e-04 3.841942702805965434e-05 7.466073141303114329e-04 1.890141616732998568e-03 3.544950843259274745e-03 5.775005271124582576e-03 8.627046358007317561e-03 1.212584314204620366e-02 1.627036355264310438e-02 2.103121411672785948e-02 2.634963498345990751e-02 3.213824155041059005e-02 3.828358526086823171e-02 4.465047298652131957e-02 5.108784744320893356e-02 5.743590205633256757e-02 6.353399439307552687e-02 6.922884340665497183e-02 7.438245577218513538e-02 7.887923083371770061e-02 8.263174355295106743e-02 8.558479756708474440e-02 8.771746911046690576e-02 8.904301659369541488e-02 8.960669680868918463e-02 8.948169228762425931e-02 8.876350046276541839e-02 8.756325053093672039e-02 8.600048767413781547e-02 8.419598977430163556e-02 8.226515686355131973e-02 8.031244104529522421e-02 7.842717193113085683e-02 7.668099110449663747e-02 7.512695284703733989e-02 7.380019276258339977e-02 7.271992614333969152e-02 7.189242724506751669e-02 7.131456918555430236e-02 7.097747787425558175e-02 7.086987340463724028e-02 7.098073511035227212e-02 7.130102412887633079e-02 7.182431859799093266e-02 7.254634820446939636e-02 7.346354274880474711e-02 7.457082057358306593e-02 7.585892621264042623e-02 7.731167480312541029e-02 7.890346995218155968e-02 8.059743232027655191e-02 8.234441256931421260e-02 8.408307222136499059e-02 8.574110942056527296e-02 8.723759480700467306e-02 8.848627688045421213e-02 8.939962635414069880e-02 8.989332294243571053e-02 8.989085086330522723e-02 8.932786301821961372e-02 8.815599719568460724e-02 8.634587683771925704e-02 8.388909787491209691e-02 8.079908446865276261e-02 7.711078226936990410e-02 7.287924037604188998e-02 6.817720594172509141e-02 6.309191323000824803e-02 5.772128866420569299e-02 5.216981375135369692e-02 4.654428926668863903e-02 4.094972885628534592e-02 3.548558149920365279e-02 3.024244398172118778e-02 2.529938079790966174e-02 2.072192361764170834e-02 1.656077903504671323e-02 1.285123435652040305e-02 9.613218486135995805e-03 6.851949453655546696e-03 4.559081995082570581e-03 2.714257434979919139e-03 1.286953124500066908e-03 2.385288308029338313e-04 -4.756283307540607169e-04 -9.039515918684128473e-04 -1.096616602918226973e-03 -1.103608701155391622e-03 -9.729942580087467749e-04 -7.494424000506411717e-04 -4.730304314618694224e-04 -1.783531807715717753e-04 1.060564925040021964e-04
9.463972479918591162e-04 8.505238924743376526e-04 6.768594155521128267e-04 4.396450111075504361e-04 1.652379998560746070e-04 -1.070576172778705572e-04 -3.249712238859556353e-04 -4.241874955577592935e-04 -3.302850635405091034e-04 3.830360956902281039e-05 7.663869382977957743e-04 1.937323516288738667e-03 3.627787258373108004e-03 5.902300388321197328e-03 8.807899153627186603e-03 1.236932556407755596e-02 1.658513738689172332e-02 2.142509527878550674e-02 2.682912019093068937e-02 3.270801891969626202e-02 3.894605673907353821e-02 4.540532194903956070e-02 5.193168847693915846e-02 5.836205114147173523e-02 6.453239573902223858e-02 7.028618364442566768e-02 7.548248690938694216e-02 8.000331055818317438e-02 8.375958575227315794e-02 8.669540834032203602e-02 8.879022546499132362e-02 9.005882808087858904e-02 9.054917631116818355e-02 9.033825273016343749e-02 8.952629084141523752e-02 8.822984838281722197e-02 8.657427640441056615e-02 8.468616788667056305e-02 8.268635113219365007e-02 8.068392532790227833e-02 7.877172534955464989e-02 7.702346097172138584e-02 7.549261606362800414e-02 7.421303159678835359e-02 7.320094788232037186e-02 7.245816035245399023e-02 7.197586039664907731e-02 7.173869520843449699e-02 7.172859055801174277e-02 7.192793531396145246e-02 7.232181937453364962e-02 7.289913679058351859e-02 7.365250019520744318e-02 7.457704711756354965e-02 7.566833974354504611e-02 7.691965544845424940e-02 7.831902722310135623e-02 7.984641598405901874e-02 8.147137987367653045e-02 8.315155222242212596e-02 8.483215658794726610e-02 8.644668358116569529e-02 8.791874098403465454e-02 8.916497727381954286e-02 9.009887962485627066e-02 9.063516950018793428e-02 9.069446826687029006e-02 9.020788508281631091e-02 8.912118973956556500e-02 8.739827147263098950e-02 8.502364586922407652e-02 8.200384913369883344e-02 7.836764445220013864e-02 7.416505129210886060e-02 6.946528809909308100e-02 6.435378618377612936e-02 5.892848344096653090e-02 5.329563858099038709e-02 4.756541927250822199e-02 4.184751214305663242e-02 3.624698142587521460e-02 3.086056956875866605e-02 2.577359121116681168e-02 2.105752554601855037e-02 1.676836489623934057e-02 1.294573250059649280e-02 9.612742465332162201e-03 6.776541277691962815e-03 4.429444128497966870e-03 2.550560827878373387e-03 1.107795065514940221e-03 6.009652639691644149e-05 -6.401529502835648974e-04 -1.044731374972996361e-03 -1.207248446455745595e-03 -1.180985390991651880e-03 -1.016975362020418891e-03 -7.623800418525882375e-04 -4.592005610025572289e-04 -1.433433607893473856e-04 1.559552349257365723e-04
9.369994828840686601e-04 8.383143009468032279e-04 6.625844107920478634e-04 4.243369166353283886e-04 1.502205928698369455e-04 -1.201585614507350627e-04 -3.342085869420317705e-04 -4.272623578218158816e-04 -3.245051456670776813e-04 5.607357799456433659e-05 7.997764776050352541e-04 1.990499407489924356e-03 3.705475468707967145e-03 6.009772099158894668e-03 8.950905587167027125e-03 1.255396770854781512e-02 1.681766027217275472e-02 2.171160219388660120e-02 2.717520993948810415e-02 3.311835837789964265e-02 3.942391084255020967e-02 4.595207280012555268e-02 5.254638339946977876e-02 5.904102505399031614e-02 6.526901510612043156e-02 7.107075667449681833e-02 7.630237713769920382e-02 8.084327850184427899e-02 8.460236650050657892e-02 8.752251284977252688e-02 8.958293156347156561e-02 9.079930572628627794e-02 9.122167270135161932e-02 9.093024861026594019e-02 9.002953176588890383e-02 8.864115524401430801e-02 8.689604904071182578e-02 8.492651399814794833e-02 8.285879911848442747e-02 8.080671218646992560e-02 7.886668682171581179e-02 7.711458752117070214e-02 7.560437156086291521e-02 7.436855836488701077e-02 7.342029905105557086e-02 7.275670603280814941e-02 7.236300681317565930e-02 7.221703560387617016e-02 7.229357467319040553e-02 7.256810300877795938e-02 7.301959696254636811e-02 7.363214607770859899e-02 7.439528451481920712e-02 7.530308017800459164e-02 7.635215561640333604e-02 7.753892433147445418e-02 7.885640325263112982e-02 8.029100045245575468e-02 8.181967436108698866e-02 8.340781866192137350e-02 8.500815133524552980e-02 8.656078561616037392e-02 8.799454560985195406e-02 8.922947146601256652e-02 9.018034952232771573e-02 9.076101144117643127e-02 9.088908057085899606e-02 9.049080820805746606e-02 8.950563867974477283e-02 8.789016875068299262e-02 8.562121970999554688e-02 8.269781347048958675e-02 7.914192970450113773e-02 7.499801151989127224e-02 7.033127480044921997e-02 6.522495438174330529e-02 5.977668342888265568e-02 5.409424719670906379e-02 4.829097711317820868e-02 4.248105594221354003e-02 3.677499131361131740e-02 3.127548602591152804e-02 2.607389291396344441e-02 2.124739380123141091e-02 1.685699021238955611e-02 1.294634187552887519e-02 9.541440811899726260e-03 6.651066506016730870e-03 4.267933013477670165e-03 2.370412886074538955e-03 9.247057779820911337e-04 -1.126887262816772713e-04 -7.923348652890301047e-04 -1.169195229377595303e-03 -1.300057913539295722e-03 -1.241161369972060106e-03 -1.046102149607719368e-03 -7.640889899701475314e-04 -4.385843066583004247e-04 -1.063521404166462882e-04 2.030890676711642924e-04
9.133841386998920071e-04 8.153629393794423197e-04 6.420335329316985244e-04 4.078960428163889290e-04 1.394624903178660891e-04 -1.238901081642028359e-04 -3.298607690004108379e-04 -4.140944441105707434e-04 -3.020616441523872532e-04 8.803975694313907058e-05 8.414269061910741553e-04 2.042068650949445136e-03 3.767448550315922670e-03 6.083058997960627892e-03 9.036987368002041832e-03 1.265498786420235500e-02 1.693643680043663280e-02 2.185154107231130488e-02 2.734010889568914277e-02 3.331210070806898960e-02 3.965006165939658628e-02 4.621340332347897289e-02 5.284436133494344739e-02 5.937531923165599579e-02 6.563706892359932876e-02 7.146748628906872403e-02 7.672004596003743904e-02 8.127158907986942182e-02 8.502879470179214305e-02 8.793288838103359428e-02 8.996224496263162396e-02 9.113269719815929315e-02 9.149553504246986380e-02 9.113335756842647073e-02 9.015410490255183762e-02 8.868373663960529840e-02 8.685812320766379824e-02 8.481476842980174846e-02 8.268498026287249281e-02 8.058705252154262089e-02 7.862091843153996840e-02 7.686459673880702281e-02 7.537258607101006425e-02 7.417618885053729738e-02 7.328557860984616368e-02 7.269327953213355897e-02 7.237861753483032512e-02 7.231263768940626724e-02 7.246296815454128515e-02 7.279814606827342272e-02 7.329100112348661822e-02 7.392080870393029357e-02 7.467406410140528528e-02 7.554387815916593918e-02 7.652813793819232546e-02 7.762669996642133918e-02 7.883797695719368948e-02 8.015533362845375653e-02 8.156371953348827419e-02 8.303693701490691415e-02 8.453587494962036542e-02 8.600794171898482054e-02 8.738781415599160274e-02 8.859949478257825306e-02 8.955954929369780437e-02 9.018129080951640952e-02 9.037959576645189508e-02 9.007598462356256053e-02 8.920358190031600631e-02 8.771158434500289647e-02 8.556891024142977697e-02 8.276677154820996640e-02 7.931999654425260504e-02 7.526702579412085370e-02 7.066860027822552404e-02 6.560524979119340683e-02 6.017376575089649487e-02 5.448290058882226256e-02 4.864857301150037755e-02 4.278887366962844802e-02 3.701915998358220466e-02 3.144750441183792600e-02 2.617072082318512918e-02 2.127114308268077125e-02 1.681427302524190343e-02 1.284735612180159907e-02 9.398886380661870474e-03 6.478990756683704853e-03 4.080600143748887125e-03 2.181280613273246707e-03 7.455757896216094749e-04 -2.723008029502094196e-04 -9.255865165613830214e-04 -1.272059486769192092e-03 -1.371239055294373472e-03 -1.281817640061544764e-03 -1.059420497263133167e-03 -7.547630751290263559e-04 -4.122483199166218810e-04 -6.901984515449198845e-05 2.455374287725826422e-04
8.767800302261837160e-04 7.824004785236351490e-04 6.153790689461622471e-04 3.898995080455088490e-04 1.319263370677674525e-04 -1.199169039857229425e-04 -3.142418972889961856e-04 -3.876989586479330768e-04 -2.667748075297215354e-04 1.293964066950042176e-04 8.852670450667735752e-04 2.084295779697652260e-03 3.803775862457085474e-03 6.109367980538829047e-03 9.049691747552247867e-03 1.265136540806444110e-02 1.691489092148017528e-02 2.181175764809184861e-02 2.728308129884096309e-02 3.324000740523694319e-02 3.956599506239238950e-02 4.612096463571975502e-02 5.274715236163517867e-02 5.927637675168044573e-02 6.553829847517370077e-02 7.136915850218107649e-02 7.662041866027502479e-02 8.116671163331563854e-02 8.491253750218234753e-02 8.779722078698082299e-02 8.979776090396057731e-02 9.092936125568552852e-02 9.124359569112652779e-02 9.082435129073340718e-02 8.978185776759679826e-02 8.824526103852203818e-02 8.635430838268551290e-02 8.425077494363585051e-02 8.207027026373760192e-02 7.993501808560719846e-02 7.794810689470928200e-02 7.618957142106962122e-02 7.471449928635746918e-02 7.355317758643196979e-02 7.271311804164026782e-02 7.218264259816783990e-02 7.193558818122457177e-02 7.193661045733544535e-02 7.214653832425328706e-02 7.252725480511437728e-02 7.304565243954852516e-02 7.367632392042233747e-02 7.440278972919942002e-02 7.521721956770599515e-02 7.611875821551858379e-02 7.711070438601051735e-02 7.819690053737131386e-02 7.937776292011362866e-02 8.064640890175761578e-02 8.198532166823097045e-02 8.336393393168893551e-02 8.473741926088740328e-02 8.604686204403462491e-02 8.722084671490425156e-02 8.817837618599465299e-02 8.883291032996541714e-02 8.909721806112690101e-02 8.888866879505998020e-02 8.813455541999662413e-02 8.677704269360202172e-02 8.477737026302004097e-02 8.211900355783806338e-02 7.880951170421764129e-02 7.488105103331130219e-02 7.038943683533323281e-02 6.541188614030994664e-02 6.004360287968489585e-02 5.439344775038042895e-02 4.857898434358325773e-02 4.272121858253950105e-02 3.693935025524491822e-02 3.134583528490343662e-02 2.604201870115986292e-02 2.111454546661434978e-02 1.663269437707789664e-02 1.264671432630952094e-02 9.187177167452403870e-03 6.265301466713092682e-03 3.874150034872102417e-03 1.990563656260833317e-03 5.776652985225506388e-04 -4.122463259931992419e-04 -1.034598154651828307e-03 -1.349415594600915889e-03 -1.418326148479169633e-03 -1.301829000436435400e-03 -1.056936639901409278e-03 -7.352629540647941629e-04 -3.816001448580558404e-04 -3.299621060533306643e-05 2.816828648435692681e-04
8.290687994743552863e-04 7.405816573398788481e-04 5.829436780935420837e-04 3.697777962274485103e-04 1.261353934154550369e-04 -1.105990979808075658e-04 -2.905455484301106960e-04 -3.520457207024577768e-04 -2.233506337601398346e-04 1.746962028161651304e-04 9.250282495287033037e-04 2.109907541138655862e-03 3.805868746459464130e-03 6.078339796037957217e-03 8.976282650344894615e-03 1.252723606295227075e-02 1.673315360103374769e-02 2.156741084096108416e-02 2.697330406644472475e-02 3.286428024373372336e-02 3.912602874769249839e-02 4.562043628934069062e-02 5.219126717284525152e-02 5.867129252085232644e-02 6.489046637644362014e-02 7.068464526350701216e-02 7.590428110395254502e-02 8.042249311189436645e-02 8.414194679746435368e-02 8.700003790347399235e-02 8.897199209155901012e-02 9.007163949796252733e-02 9.034979534386200495e-02 8.989035944895094887e-02 8.880442323005607874e-02 8.722282710527683169e-02 8.528773025275489250e-02 8.314382740222382717e-02 8.092986683265034065e-02 7.877108788647008142e-02 7.677310806904494300e-02 7.501765705204498091e-02 7.356038970152249667e-02 7.243082772356344845e-02 7.163429639079596511e-02 7.115555580176996520e-02 7.096369032146153388e-02 7.101772725357506644e-02 7.127241416647148164e-02 7.168359644639689388e-02 7.221270023336967547e-02 7.282993370005357014e-02 7.351596038832781954e-02 7.426195786183358016e-02 7.506813766381578712e-02 7.594095299970013424e-02 7.688934482068310317e-02 7.792046411030133235e-02 7.903535109510474721e-02 8.022504817055182980e-02 8.146757443618771188e-02 8.272610191976703664e-02 8.394855630454123308e-02 8.506873008928853008e-02 8.600885657324233713e-02 8.668346169044245653e-02 8.700419900291671282e-02 8.688529024259868117e-02 8.624914575455493171e-02 8.503172868706050658e-02 8.318725297485134174e-02 8.069186407326903177e-02 7.754603642200458280e-02 7.377552431289695345e-02 6.943081381722718270e-02 6.458513324584090609e-02 5.933117958944709308e-02 5.377680128927473518e-02 4.803993824074345026e-02 4.224315508031077637e-02 3.650811277305532343e-02 3.095030766153262017e-02 2.567436962492618616e-02 2.077015637786150740e-02 1.630981462721806802e-02 1.234590656810041591e-02 8.910627660155878704e-03 6.016073843586457887e-03 3.655457505114362640e-03 1.805124663608865740e-03 4.271928913436745003e-04 -5.273888915577275467e-04 -1.115561817890713863e-03 -1.398854097444722153e-03 -1.440228641163257247e-03 -1.301228507522122829e-03 -1.039534077804215922e-03 -7.070097478300888492e-04 -3.482815834677096753e-04 1.469153353365199033e-07 3.102642319414679675e-04
7.726305232993333980e-04 6.914292353773251847e-04 5.452497991308511566e-04 3.469698883273759915e-04 1.204279381960258501e-04 -9.865097306217623062e-05 -2.624329350502051759e-04 -3.115952858054354849e-04 -1.768822167668255229e-04 2.183708003314702162e-04 9.547819117638419763e-04 2.112653538041273354e-03 3.767084438190577110e-03 5.982732208054073256e-03 8.808555672191971386e-03 1.227290733058302059e-02 1.637936119790868450e-02 2.110364689653059303e-02 2.639201484960504093e-02 3.216128064625634747e-02 3.830069275640615722e-02 4.467564319579729604e-02 5.113310436726131031e-02 5.750853784189660645e-02 6.363389396707880286e-02 6.934621650609336385e-02 7.449629446612748840e-02 7.895677205378265340e-02 8.262914233434191791e-02 8.544911183606762606e-02 8.738992901515735268e-02 8.846341202318259989e-02 8.871857976639999088e-02 8.823797116558840248e-02 8.713191552162595499e-02 8.553117641666377335e-02 8.357851830171371399e-02 8.141982713090771540e-02 7.919544621036440912e-02 7.703236261366688820e-02 7.503779993287186534e-02 7.329464663352362741e-02 7.185898712450189407e-02 7.075981947833899499e-02 7.000085618348581007e-02 6.956412942143057332e-02 6.941497594519463465e-02 6.950787173372134642e-02 6.979253223494184810e-02 7.021969434963054590e-02 7.074605028441061094e-02 7.133790488948901776e-02 7.197326657186797760e-02 7.264224351012142644e-02 7.334578596184349042e-02 7.409297587949108255e-02 7.489720198674280904e-02 7.577165969191224093e-02 7.672467223164432248e-02 7.775533818258650864e-02 7.884997156238962579e-02 7.997971922937131828e-02 8.109962505249319886e-02 8.214927304210328796e-02 8.305499557905605956e-02 8.373349159727204449e-02 8.409657559325731113e-02 8.405668205659518055e-02 8.353268875440604535e-02 8.245560016902743483e-02 8.077364952182918001e-02 7.845643098199882315e-02 7.549775665183651452e-02 7.191703730984941312e-02 6.775910192389511533e-02 6.309248849018411764e-02 5.800634822287679959e-02 5.260619825997963489e-02 4.700882855233463886e-02 4.133671247592868997e-02 3.571228643348330067e-02 3.025245215101211166e-02 2.506361948727413649e-02 2.023755197591400184e-02 1.584820775128214024e-02 1.194969125587277622e-02 8.575352462596566583e-03 5.737996029524200341e-03 3.431097687659213566e-03 1.630872902936686582e-03 2.990057720090580004e-04 -6.141748347587949568e-04 -1.166289996221329646e-03 -1.419485160893977239e-03 -1.437171672838787832e-03 -1.281092090153258074e-03 -1.008829106069650825e-03 -6.718380186691110846e-04 -3.140428105444163613e-04 2.900142691311365442e-05 3.304096965084787549e-04
7.101569275963131103e-04 6.367503672501592660e-04 5.030491923288054300e-04 3.210683745457762125e-04 1.132123822855123953e-04 -8.678898374139191844e-05 -2.336036277064417084e-04 -2.708162521512072528e-04 -1.323391642866466049e-04 2.552454594424841388e-04 9.694396110603111828e-04 2.087782396021585149e-03 3.683181151783263690e-03 5.818872054598271323e-03 8.543322121381952128e-03 1.188542699502358364e-02 1.585037746382175067e-02 2.041655800010034813e-02 2.553380048150024478e-02 3.112324597340256765e-02 3.707897005269242957e-02 4.327140843839241691e-02 4.955248792239457661e-02 5.576223292909016083e-02 6.173649175355974683e-02 6.731532004942995806e-02 7.235148294393042856e-02 7.671849974130592886e-02 8.031766209227844677e-02 8.308350965454269765e-02 8.498734447851710727e-02 8.603850035523827322e-02 8.628324616077034936e-02 8.580137985343334883e-02 8.470074737526192554e-02 8.311008287390336813e-02 8.117069888176804693e-02 7.902764515344964935e-02 7.682099409617523800e-02 7.467789492298114451e-02 7.270596858505375126e-02 7.098849698162380817e-02 6.958170323728501971e-02 6.851423894105422574e-02 6.778880545491119958e-02 6.738565680570382521e-02 6.726757750644972444e-02 6.738581372882006260e-02 6.768637063853293057e-02 6.811607777221762028e-02 6.862786824110930772e-02 6.918481128336462227e-02 6.976257160795779066e-02 7.035012979171664793e-02 7.094877011678282774e-02 7.156950932088819439e-02 7.222928626353553039e-02 7.294634528268162388e-02 7.373531534542197841e-02 7.460250765446024834e-02 7.554192556991790042e-02 7.653240659864996021e-02 7.753620494853828704e-02 7.849918608187959890e-02 7.935265515577055728e-02 8.001669318580457990e-02 8.040474150302005796e-02 8.042906798694121617e-02 8.000667617890699912e-02 7.906518572853671323e-02 7.754822093268708139e-02 7.541989092738124456e-02 7.266802466645197467e-02 6.930592789483565330e-02 6.537254797926940475e-02 6.093105511486841819e-02 5.606596482277190902e-02 5.087902772907443305e-02 4.548419120465845705e-02 4.000198875895719097e-02 3.455373492506067651e-02 2.925589612742801257e-02 2.421497438703952218e-02 1.952318528405194709e-02 1.525514029499204852e-02 1.146566310340152786e-02 8.188786510749621397e-03 5.437897456780070929e-03 3.206927788150871865e-03 1.472431933250043824e-03 1.963522468474330172e-04 -6.707503182836948782e-04 -1.186228593014086730e-03 -1.411863429917050491e-03 -1.410555839485049586e-03 -1.243360220217459931e-03 -9.669823969142355476e-04 -6.318235584209718966e-04 -2.806086915358805417e-04 5.240142482549345684e-05 3.416499251844722952e-04
6.444496380865766955e-04 5.785319814550628041e-04 4.573274090319888290e-04 2.919374314456009596e-04 1.031948175982048792e-04 -7.740704915537468915e-05 -2.073939298916321720e-04 -2.337333142573997996e-04 -9.409602625947566116e-05 2.809983883154786987e-04 9.651706625866088470e-04 2.032393948688268528e-03 3.552590994817821438e-03 5.586847948888059960e-03 8.182536116970125228e-03 1.136867636720991989e-02 1.515190213313004353e-02 1.951337173952494980e-02 2.440694655608198135e-02 2.975888813622381418e-02 3.546923749739609721e-02 4.141492817430073026e-02 4.745455919009048534e-02 5.343462415051659919e-02 5.919686900433584337e-02 6.458634467677243363e-02 6.945964211551383660e-02 7.369275490012948404e-02 7.718801439012007437e-02 7.987958693634529539e-02 8.173711058440828736e-02 8.276717459345338257e-02 8.301249990177562987e-02 8.254885025874278415e-02 8.147987791974901917e-02 7.993026956817630979e-02 7.803769306699917530e-02 7.594414130577625821e-02 7.378731657301997038e-02 7.169269252859655772e-02 6.976683075368794729e-02 6.809241973256986713e-02 6.672535527932406396e-02 6.569400595756828831e-02 6.500062063489669972e-02 6.462465476460420299e-02 6.452763360804815440e-02 6.465904865844368521e-02 6.496270882477989117e-02 6.538294683106588012e-02 6.587011505327658445e-02 6.638488975297690553e-02 6.690102971354779104e-02 6.740639210787763291e-02 6.790217987237064101e-02 6.840056465859170598e-02 6.892098177467220754e-02 6.948551458528984259e-02 7.011386504613108250e-02 7.081843803858575703e-02 7.160004827235456892e-02 7.244469278967176351e-02 7.332172687375065889e-02 7.418364722311325543e-02 7.496753669579619972e-02 7.559807383053700203e-02 7.599187141586563610e-02 7.606279365875129317e-02 7.572782036424131891e-02 7.491298490221628970e-02 7.355891271841373535e-02 7.162552704393838898e-02 6.909556311936289330e-02 6.597663373632932371e-02 6.230170736339431942e-02 5.812798480808020751e-02 5.353428062656220843e-02 4.861712172228993545e-02 4.348585998585420553e-02 3.825715299418738086e-02 3.304919393647099551e-02 2.797606898130905809e-02 2.314258963382665596e-02 1.863989370436171245e-02 1.454203728156608019e-02 1.090371840279898662e-02 7.759187995892135106e-03 5.122321797675781323e-03 2.987754111860935896e-03 1.332914954552883932e-03 1.207693481883650305e-04 -6.969673202884946704e-04 -1.176370967692470359e-03 -1.377831209547835615e-03 -1.362754902669247167e-03 -1.190617337395586013e-03 -9.164866682782500055e-04 -5.891029731416445089e-04 -2.495493237001929036e-04 6.948855270367008605e-05 3.439126634205906356e-04
5.782214361917739631e-04 5.188236229362289294e-04 4.092810426970456064e-04 2.597905719793915623e-04 8.955546323416397822e-05 -7.231172764408781185e-05 -1.864424606849285609e-04 -2.035497236398083661e-04 -6.554422835460601161e-05 2.925229056668556676e-04 9.397010207224821415e-04 1.945639961848138772e-03 3.376493601758169278e-03 5.290437423685960712e-03 7.733068490564156197e-03 1.073299928717728370e-02 1.429797995708374792e-02 1.841188199970391487e-02 2.303284788746572456e-02 2.809285481001117663e-02 3.349885879838469110e-02 3.913558229201160449e-02 4.486989060262044915e-02 5.055657945613112325e-02 5.604527689959895587e-02 6.118805884489958435e-02 6.584729838643552102e-02 6.990322329855074013e-02 7.326064991376635138e-02 7.585439788125136751e-02 7.765296843848676356e-02 7.866018431639353048e-02 7.891463413801937110e-02 7.848692700427491176e-02 7.747493056573959147e-02 7.599732392895407196e-02 7.418593121590141837e-02 7.217740011111745124e-02 7.010484280085621522e-02 6.809005872634542322e-02 6.623690846893033612e-02 6.462630955225072416e-02 6.331318620392999141e-02 6.232553821919620263e-02 6.166561381352958504e-02 6.131299391562874956e-02 6.122923674907064517e-02 6.136360609540397054e-02 6.165932555430574113e-02 6.205977147741468386e-02 6.251404125951014190e-02 6.298140847940252030e-02 6.343429439548188553e-02 6.385953493354987187e-02 6.425788914273310171e-02 6.464190331628658082e-02 6.503239889050181632e-02 6.545397780057965464e-02 6.593002509967346714e-02 6.647772820702405050e-02 6.710362256033364226e-02 6.780011679815731163e-02 6.854335332498612265e-02 6.929263224813399236e-02 6.999148078393481465e-02 7.057030012678174036e-02 7.095038117922969345e-02 7.104896179758317387e-02 7.078491118426577522e-02 7.008457834269879450e-02 6.888733395021728878e-02 6.715036762961169858e-02 6.485237090794411519e-02 6.199583270957027131e-02 5.860778951556638861e-02 5.473899570304326806e-02 5.046160033811823015e-02 4.586552499331641303e-02 4.105382483926048320e-02 3.613737645425851158e-02 3.122926726999114208e-02 2.643926280791444178e-02 2.186870088586527830e-02 1.760611097755867410e-02 1.372378770131769954e-02 1.027546679730381371e-02 7.295167047444532649e-03 4.797179218574930230e-03 2.777109244480278731e-03 1.213822231480645233e-03 7.208968759802409851e-05 -6.942837646320811421e-04 -1.139085996894813194e-03 -1.320298465302518001e-03 -1.296873074077052688e-03 -1.125851293542981134e-03 -8.599509727927244713e-04 -5.457018182030348372e-04 -2.221661883261040471e-04 7.975921326792718286e-05 3.375005318380012824e-04
5.139172787762096017e-04 4.596172459843893797e-04 3.602688394798532132e-04 2.252203173313707500e-04 7.205743673151070172e-05 -7.254156392170704216e-05 -1.724531547112901492e-04 -1.823777500694182029e-04 -4.882135539473268478e-05 2.881618515803634033e-04 8.924698870323322531e-04 1.828760127290385284e-03 3.158690526720824964e-03 4.936783933853621312e-03 7.206159166399609545e-03 9.994414277948348441e-03 1.330997116202817590e-02 1.713919207088270349e-02 2.144455507161034322e-02 2.616412616654502019e-02 3.121249225449782699e-02 3.648322513418312402e-02 4.185283840432033747e-02 4.718608432360207189e-02 5.234232568879609859e-02 5.718261835315430891e-02 6.157706259951179623e-02 6.541193442102397060e-02 6.859609695195864609e-02 7.106622108972822371e-02 7.279041266222259499e-02 7.376994765917682662e-02 7.403894995623322428e-02 7.366199753405050510e-02 7.272980116544586204e-02 7.135325050731586294e-02 6.965625316470942796e-02 6.776789060866436620e-02 6.581447137673174241e-02 6.391207083695750468e-02 6.216010622541152941e-02 6.063640843737515967e-02 5.939412527143052983e-02 5.846063536997177928e-02 5.783848164928460933e-02 5.750816279115877200e-02 5.743246670781909646e-02 5.756190476485546770e-02 5.784072121431120539e-02 5.821291620807247935e-02 5.862773585495911766e-02 5.904414716694366544e-02 5.943392290797215594e-02 5.978310084433674509e-02 6.009174030240888725e-02 6.037206126314392796e-02 6.064520231324179583e-02 6.093695979330725904e-02 6.127296021577891688e-02 6.167376389517953417e-02 6.215039645484279895e-02 6.270075766180606414e-02 6.330726937423732104e-02 6.393600536432217374e-02 6.453740715053019050e-02 6.504854492960011891e-02 6.539674458407188085e-02 6.550428279003278620e-02 6.529376248565707530e-02 6.469372735615425141e-02 6.364405995464353372e-02 6.210073331179786355e-02 6.003954659326872501e-02 5.745856477953524555e-02 5.437909151642272843e-02 5.084512301322793165e-02 4.692134868950109672e-02 4.268987142809155255e-02 3.824590853906686266e-02 3.369279778181568513e-02 2.913666746756968934e-02 2.468113486404087398e-02 2.042237447053738691e-02 1.644485103595728220e-02 1.281794694182086976e-02 9.593636320632595998e-03 6.805275991143665791e-03 4.467502716406761970e-03 2.577153415578854745e-03 1.115064585916038156e-03 4.856265014393634089e-05 -6.655700200469236334e-04 -1.077877859388674678e-03 -1.242980767237187277e-03 -1.216484290873506803e-03 -1.052214469210200525e-03 -7.999006490861814865e-04 -5.033861905666581378e-04 -1.994035723995751276e-04 8.308990007581482790e-05 3.230543308009366926e-04
4.535690997163224596e-04 4.027335489021205417e-04 3.117407700372575030e-04 1.891777609610667370e-04 5.107959926273762143e-05 -7.828451766714750876e-05 -1.660739643902877684e-04 -1.710977926336114071e-04 -4.467810223735861554e-05 2.677975304142628157e-04 8.246345782630852897e-04 1.684954992537845975e-03 2.905296905006807262e-03 4.535858388545936995e-03 6.616603446156252982e-03 9.173487604434725495e-03 1.221508371107297986e-02 1.572989182074443354e-02 1.968459776908600134e-02 2.402350228200678117e-02 2.866927736419198208e-02 3.352512250484557949e-02 3.847829522906249383e-02 4.340488576679416011e-02 4.817560242941225368e-02 5.266224159549977302e-02 5.674444274299605268e-02 6.031628242796728545e-02 6.329224737075295204e-02 6.561214921125246846e-02 6.724460235606632974e-02 6.818877872012067687e-02 6.847427293015827254e-02 6.815904976481965138e-02 6.732559118988472313e-02 6.607550104976617211e-02 6.452294894727066132e-02 6.278742980368573479e-02 6.098637294448884527e-02 5.922814833544521457e-02 5.760598563678921702e-02 5.619324601636530025e-02 5.504037319191101840e-02 5.417370857077662832e-02 5.359619798376443617e-02 5.328985835045256525e-02 5.321972595851634513e-02 5.333888712848550845e-02 5.359410777668599524e-02 5.393153829906109642e-02 5.430197766582311319e-02 5.466523457099294048e-02 5.499321849987460348e-02 5.527152042470397791e-02 5.549938937367923653e-02 5.568816348863613042e-02 5.585835817630490502e-02 5.603573635872725195e-02 5.624677568945012085e-02 5.651399723967329147e-02 5.685162582435911161e-02 5.726201428889685779e-02 5.773318722531228797e-02 5.823775176321632774e-02 5.873329496589631965e-02 5.916425119334538935e-02 5.946509115690636060e-02 5.956456902145484955e-02 5.939067463173704903e-02 5.887588181639229201e-02 5.796226453119408123e-02 5.660607062650873517e-02 5.478139519931602558e-02 5.248267585724218642e-02 4.972583262329978437e-02 4.654798615463924538e-02 4.300579954882371297e-02 3.917259189564591126e-02 3.513445785149371670e-02 3.098569076596245295e-02 2.682384352878811745e-02 2.274477009272201852e-02 1.883797275809744043e-02 1.518253910621902326e-02 1.184389294326099532e-02 8.871511867470389251e-03 6.297686686270538917e-03 4.137321351029191185e-03 2.388702153182097141e-03 1.035106360930850358e-03 4.707662561432429671e-05 -6.148398025323529095e-04 -9.970983930391876492e-04 -1.150117030218733311e-03 -1.125374687957322352e-03 -9.728056837015378565e-04 -7.386087960782382420e-04 -4.635495041797222261e-04 -1.817923054872750809e-04 7.973848679550645316e-05 3.015044613505980971e-04
3.986945003128200375e-04 3.497236488642155305e-04 2.651516618694209609e-04 1.529057325182524903e-04 2.757392877929861624e-05 -8.889617556327570648e-05 -1.668964519172689426e-04 -1.693524851015817349e-04 -5.248836375220555144e-05 2.327953108223725564e-04 7.389287269625476919e-04 1.519111695407316005e-03 2.624281204559100571e-03 4.099755205740849770e-03 5.981745359718260505e-03 8.293967033333210503e-03 1.104459642629014755e-02 1.422382874975735775e-02 1.780227543229155260e-02 2.173040146930580938e-02 2.593914710984107641e-02 3.034180383192452285e-02 3.483712757634681301e-02 3.931357866545355517e-02 4.365448507870009487e-02 4.774384173370915807e-02 5.147239097474402142e-02 5.474358560021982956e-02 5.747902089730000386e-02 5.962293952288132137e-02 6.114546323692116730e-02 6.204428611029434021e-02 6.234466967200059245e-02 6.209770374166009854e-02 6.137692764355896086e-02 6.027353417919910361e-02 5.889049200918632793e-02 5.733601066761177811e-02 5.571682785874295524e-02 5.413181524500539077e-02 5.266637426767290658e-02 5.138802898520532236e-02 5.034352348654406312e-02 4.955760545654423060e-02 4.903353584369972429e-02 4.875521981327257670e-02 4.869071920582133256e-02 4.879679371459602621e-02 4.902403713754194953e-02 4.932213359207870268e-02 4.964476008475895291e-02 4.995370587139782992e-02 5.022186122144196158e-02 5.043484056682866201e-02 5.059113686130283644e-02 5.070084287600691575e-02 5.078310817737934080e-02 5.086261547653904425e-02 5.096544660099732588e-02 5.111475906176300710e-02 5.132670511785315109e-02 5.160699622796075664e-02 5.194845040718550772e-02 5.232976514905787052e-02 5.271564365067161334e-02 5.305827809133104728e-02 5.330007215217984207e-02 5.337737670798923389e-02 5.322492695114279526e-02 5.278061299490501707e-02 5.199019317887813851e-02 5.081157062020742049e-02 4.921829668156314785e-02 4.720203489775951639e-02 4.477380833343207883e-02 4.196395380027074379e-02 3.882080880889773183e-02 3.540825287519835246e-02 3.180230625067557299e-02 2.808705041138855399e-02 2.435017193864143573e-02 2.067844326588690398e-02 1.715344091036830401e-02 1.384776702549853598e-02 1.082198778044357254e-02 8.122437673537635100e-03 5.779968425269640594e-03 3.809650556065302240e-03 2.211370582307199684e-03 9.712114671249875986e-04 6.346181868794502703e-05 -5.469277606882420005e-04 -9.016342957696961771e-04 -1.046187882759384543e-03 -1.027306597054557669e-03 -8.904879985928084059e-04 -6.779707113524945572e-04 -4.271420634713277327e-04 -1.694296576680326839e-04 7.032115290822593678e-05 2.740132705269450637e-04
3.502448124144096064e-04 3.017933182899662850e-04 2.218677098843563171e-04 1.178343045178168163e-04 2.956010889367021235e-06 -1.030106539717445466e-04 -1.735686348252844921e-04 -1.756680468121803521e-04 -7.039337908691623794e-05 1.858132714088903212e-04 6.393922597921169841e-04 1.337410522537153118e-03 2.324894852844504312e-03 3.641883145460170657e-03 5.320361794025670749e-03 7.381288435877909025e-03 9.831918171269724352e-03 1.266365511455461342e-02 1.585063752280273242e-02 1.934923295187208903e-02 2.309857060153820696e-02 2.702217355865262419e-02 3.103067795637856618e-02 3.502554445955295692e-02 3.890358631856243726e-02 4.256206440459572166e-02 4.590403999030302773e-02 4.884363671477806590e-02 5.131084898188006255e-02 5.325554791176985436e-02 5.465037852241884375e-02 5.549231116469149211e-02 5.580270196297592439e-02 5.562582445700538919e-02 5.502594936630290229e-02 5.408316189903047966e-02 5.288820655625922629e-02 5.153672886043093870e-02 5.012333433075969596e-02 4.873590212600643901e-02 4.745057176124713172e-02 4.632776707874142197e-02 4.540953634022088653e-02 4.471837796132910325e-02 4.425759741058363922e-02 4.401311301699600831e-02 4.395650822994089796e-02 4.404902602420622537e-02 4.424612679831731871e-02 4.450219092886403133e-02 4.477494461928128999e-02 4.502922282236739709e-02 4.523975232391163476e-02 4.539273488920735761e-02 4.548612551914468088e-02 4.552862353917844912e-02 4.553751307560844480e-02 4.553559359531703793e-02 4.554752127486436791e-02 4.559593110445303576e-02 4.569772392161736835e-02 4.586088143444187748e-02 4.608211846450189358e-02 4.634560080747118088e-02 4.662285730935759182e-02 4.687390553969409540e-02 4.704950193108887319e-02 4.709432917139589475e-02 4.695085441413631572e-02 4.656353792412221831e-02 4.588304697388005671e-02 4.487013524755672361e-02 4.349888203595185521e-02 4.175904399732080496e-02 3.965734912912272786e-02 3.721765045676884986e-02 3.447994784373112354e-02 3.149837249418755564e-02 2.833830325258944807e-02 2.507284122620727015e-02 2.177890590124724121e-02 1.853323013197114011e-02 1.540852350183714338e-02 1.247004575430563783e-02 9.772787926733845706e-03 7.359403204039809826e-03 5.258967608813646007e-03 3.486587790989485042e-03 2.043814305627505643e-03 9.197680284810253251e-04 9.284786319279248606e-05 -4.671384549444137103e-04 -7.965911889608635887e-04 -9.356530093276940480e-04 -9.258183084662043125e-04 -8.077525377959563282e-04 -6.194276171942838301e-04 -3.946464805830642453e-04 -1.619958001651371216e-04 5.576652114629284882e-05 2.419112342255144536e-04
3.086031833187871925e-04 2.597548292202853798e-04 1.830749647253756239e-04 8.545121185018545763e-05 -2.105603021625981550e-05 -1.187268317747610345e-04 -1.840022266218579484e-04 -1.876827011719655377e-04 -9.555806035972474154e-05 1.305025512282439364e-04 5.310025626484666996e-04 1.146849358608722494e-03 2.017040331526857508e-03 3.176115798067606112e-03 4.651524049721961554e-03 6.461069628807929177e-03 8.610631363232635477e-03 1.109233915734806827e-02 1.388338626147382626e-02 1.694562607123841630e-02 2.022606007460517330e-02 2.365826838275032415e-02 2.716476970437727706e-02 3.066022817227756839e-02 3.405535548980619109e-02 3.726129426252360044e-02 4.019421789030173248e-02 4.277984919535120223e-02 4.495758810360793445e-02 4.668395064179944876e-02 4.793505778346150020e-02 4.870797167377611397e-02 4.902075476808705201e-02 4.891121881038651420e-02 4.843442823948257425e-02 4.765911851040289388e-02 4.666327571095813670e-02 4.552919203640758833e-02 4.433835574389826534e-02 4.316654966676706368e-02 4.207951718117650119e-02 4.112950934307689488e-02 4.035295513793519390e-02 3.976940427910528875e-02 3.938178661676316333e-02 3.917792313819326577e-02 3.913312036994427007e-02 3.921359190936658107e-02 3.938038568081197316e-02 3.959345912577229287e-02 3.981554006207236457e-02 4.001543861051695683e-02 4.017053264812984331e-02 4.026823026252787652e-02 4.030631003181417427e-02 4.029214457602496580e-02 4.024091508507782883e-02 4.017301513603341312e-02 4.011091300111091495e-02 4.007578671252889913e-02 4.008426179039338566e-02 4.014556694783075197e-02 4.025938026131052616e-02 4.041457177970901593e-02 4.058896494201624100e-02 4.075014645490470516e-02 4.085726100993922194e-02 4.086364173020809454e-02 4.072005686955233739e-02 4.037830375429238977e-02 3.979485587684122166e-02 3.893426971080855142e-02 3.777208316403432575e-02 3.629698443231554189e-02 3.451209343923233169e-02 3.243527192345652815e-02 3.009845585767188109e-02 2.754607859526606028e-02 2.483271892200821993e-02 2.202016014806404062e-02 1.917408110203386654e-02 1.636061565238686871e-02 1.364301415915963531e-02 1.107861960752139045e-02 8.716335975752532994e-03 6.594720493955451290e-03 4.740779267278520150e-03 3.169491817195629283e-03 1.884038726845923932e-03 8.766614578530050085e-04 1.300473868913092426e-04 -3.808919578402892442e-04 -6.869947956426409805e-04 -8.227222305515662429e-04 -8.240690332206672929e-04 -7.266330928843317029e-04 -5.639407485957571853e-04 -3.660974407832996323e-04 -1.588038934928492647e-04 3.725036004383844995e-05 2.066299175118267717e-04
2.736287730228145320e-04 2.240089154443292152e-04 1.496986949813072874e-04 5.716202802693833365e-05 -4.263413985158815388e-05 -1.338456929747115255e-04 -1.956468646566511321e-04 -2.024524034227279416e-04 -1.245078268655719356e-04 7.113221682820459763e-05 4.192438475584575781e-04 9.547283468464347767e-04 1.710628607616443767e-03 2.715965550084216331e-03 3.993519093851743279e-03 5.557698562111072771e-03 7.412658770769455993e-03 9.550818480525247178e-03 1.195192603942116065e-02 1.458279251980356545e-02 1.739777612917198929e-02 2.034005494713518949e-02 2.334367098829241011e-02 2.633627101587895925e-02 2.924241290144416819e-02 3.198725542656876558e-02 3.450040894404394348e-02 3.671969841483126162e-02 3.859458221147445828e-02 4.008898159972472397e-02 4.118330725340891424e-02 4.187551906664378071e-02 4.218112073471511070e-02 4.213206638721904429e-02 4.177463709955742122e-02 4.116642380200240953e-02 4.037262323579223627e-02 3.946190893863452120e-02 3.850217461856136197e-02 3.755645913142030556e-02 3.667934903259126994e-02 3.591411694227315821e-02 3.529079456437818341e-02 3.482530295156256728e-02 3.451967593390788819e-02 3.436332298357254456e-02 3.433519299034420991e-02 3.440662792894828848e-02 3.454464160176635990e-02 3.471532826577217873e-02 3.488710160580078823e-02 3.503348643296110010e-02 3.513523150768661091e-02 3.518157766354235855e-02 3.517059481960049805e-02 3.510858720648885045e-02 3.500865039021140712e-02 3.488853889518003792e-02 3.476806278379602350e-02 3.466627037067712691e-02 3.459868925215480590e-02 3.457488816947965754e-02 3.459658931504819984e-02 3.465650802882994791e-02 3.473802960730312805e-02 3.481575751722391920e-02 3.485689057428009024e-02 3.482331540818253690e-02 3.467424086255233018e-02 3.436915769144993638e-02 3.387088319888138799e-02 3.314844765280473837e-02 3.217959683063527365e-02 3.095272060919078416e-02 2.946806733348472651e-02 2.773816297720067131e-02 2.578741747407716639e-02 2.365096262964438978e-02 2.137282171616753518e-02 1.900355604261812562e-02 1.659756544830818040e-02 1.421023608924820540e-02 1.189512974201485662e-02 9.701395115150678733e-03 7.671555427220729320e-03 5.839790732225451364e-03 4.230791631834578820e-03 2.859216793569070627e-03 1.729743653148980379e-03 8.376629677289406870e-04 1.699360247229067533e-04 -2.933899573152299288e-04 -5.775264703702794825e-04 -7.111708345540839436e-04 -7.247335231292605876e-04 -6.486711079119103886e-04 -5.120120275323606718e-04 -3.411402567192320032e-04 -1.588779610994738543e-04 1.611569965773618392e-05 1.696346090391336828e-04
2.447392976453514023e-04 1.945567216497922497e-04 1.223413899309930795e-04 3.415550569732831929e-05 -6.004216621554887140e-05 -1.461306722239566870e-04 -2.057987584314210027e-04 -2.167981942057963353e-04 -1.535082492005855224e-04 1.217775727956808916e-05 3.096554282886814728e-04 7.681382589220858356e-04 1.414974588230421670e-03 2.273838610721468003e-03 3.362902011258306866e-03 4.693107507930455689e-03 6.266672616626643884e-03 8.075949800997355918e-03 1.010275698103934271e-02 1.231827005811734869e-02 1.468353745930969616e-02 1.715063738565733575e-02 1.966445397218135466e-02 2.216500211939994441e-02 2.459018597976200121e-02 2.687883678744117794e-02 2.897384555063856060e-02 3.082518821716773161e-02 3.239263757926676840e-02 3.364796860263730149e-02 3.457649196058108082e-02 3.517779287602161575e-02 3.546560615528716182e-02 3.546681962966378998e-02 3.521966234734329876e-02 3.477119556340954598e-02 3.417427863546405181e-02 3.348422359082055266e-02 3.275537754933039586e-02 3.203787882597631392e-02 3.137481943644504501e-02 3.080001463373789952e-02 3.033653144855625802e-02 2.999606692970553309e-02 2.977919799820827676e-02 2.967645438461028254e-02 2.967010006301754738e-02 2.973645263199616029e-02 2.984852905491728464e-02 2.997878357486537942e-02 3.010170133025389175e-02 3.019602926650169841e-02 3.024646259568963477e-02 3.024465687825111243e-02 3.018949803978735608e-02 3.008662966307279821e-02 2.994730272598859766e-02 2.978667180311002707e-02 2.962170854725262523e-02 2.946893412484652766e-02 2.934218480654894948e-02 2.925061841089288475e-02 2.919714477374579439e-02 2.917742345423500819e-02 2.917952036936018873e-02 2.918425676283371850e-02 2.916622409435259619e-02 2.909538228209310878e-02 2.893911094247631627e-02 2.866454764740962793e-02 2.824102636188976362e-02 2.764242435898371653e-02 2.684923683756085949e-02 2.585022365605048680e-02 2.464350937090972402e-02 2.323706261283365465e-02 2.164852973149975282e-02 1.990444645142786309e-02 1.803889610524144968e-02 1.609172049877967067e-02 1.410641707032180697e-02 1.212787215265405914e-02 1.020008428098045233e-02 8.364024063640724052e-03 6.655759489518801170e-03 5.104949741742238062e-03 3.733779165223583951e-03 2.556368779346473042e-03 1.578668413885007515e-03 7.988007229081739782e-04 2.078011300105061295e-04 -2.093232365664515152e-04 -4.723063855583592473e-04 -6.042051778534667829e-04 -6.299461209082370247e-04 -5.749261253003941016e-04 -4.637435408191568410e-04 -3.191194334616765781e-04 -1.610504913423357800e-04 -6.215715483876092101e-06 1.323594135959451148e-04
2.210213211639613755e-04 1.710391177506142722e-04 1.012452689868843314e-04 1.728837932403535886e-05 -7.182480840211690355e-05 -1.535621947569720423e-04 -2.119097328316317834e-04 -2.276575933514665446e-04 -1.789479503872105459e-04 -4.208652579849349318e-05 2.073992612073085337e-04 5.934933027239941514e-04 1.138273128668068363e-03 1.860418180618337962e-03 2.773735443428616571e-03 3.885803280407050184e-03 5.196837019082930706e-03 6.698874838603189989e-03 8.375369413237299110e-03 1.020124982175113146e-02 1.214349039198915972e-02 1.416219004897888330e-02 1.621212960762553543e-02 1.824473798380999226e-02 2.021036442555099871e-02 2.206072552948323481e-02 2.375137568999634990e-02 2.524403989456367944e-02 2.650864984782544051e-02 2.752493877530170704e-02 2.828347639856351389e-02 2.878606192621003049e-02 2.904543695792754718e-02 2.908432866828820559e-02 2.893388272393831312e-02 2.863159109625169549e-02 2.821885841709520157e-02 2.773837844429295416e-02 2.723150702683731564e-02 2.673581822288438256e-02 2.628301568243466765e-02 2.589734308753550984e-02 2.559459757416409145e-02 2.538180189214331653e-02 2.525753858820899145e-02 2.521289711455894367e-02 2.523293687014272965e-02 2.529852978923449042e-02 2.538841847331333584e-02 2.548131225652438062e-02 2.555784501189063349e-02 2.560223464382504338e-02 2.560351349789153491e-02 2.555623865666129674e-02 2.546063771942813983e-02 2.532219508305828121e-02 2.515073168320917929e-02 2.495907356298727661e-02 2.476143801702277922e-02 2.457168777727763292e-02 2.440161219342613930e-02 2.425938922089783401e-02 2.414836404477283330e-02 2.406625119099987248e-02 2.400482973889717445e-02 2.395015909450394498e-02 2.388329936125172664e-02 2.378147928194912497e-02 2.361961932650176108e-02 2.337209047158350997e-02 2.301457247263809930e-02 2.252586995286131460e-02 2.188955045188722276e-02 2.109528479171651760e-02 2.013979503032684026e-02 1.902734656461781831e-02 1.776975589578555503e-02 1.638592130903780003e-02 1.490091746038061868e-02 1.334472412856607497e-02 1.175068219199585512e-02 1.015378485900475525e-02 8.588918635149404499e-03 7.089166470824966731e-03 5.684275664677822248e-03 4.399376623241243317e-03 3.254017132637015627e-03 2.261552280323234250e-03 1.428904561377177538e-03 7.566839323895741508e-04 2.396353417941277011e-04 -1.326370530394373280e-04 -3.747332004663473303e-04 -5.043802288093329365e-04 -5.412900125913341605e-04 -5.060232880958027242e-04 -4.189251927738352026e-04 -2.991863466887163684e-04 -1.640703642720633525e-04 -2.833414702770693447e-05 9.614740020301914755e-05
2.013560865167235555e-04 1.527986375916660922e-04 8.628272135708953822e-05 7.001359094655130490e-06 -7.696408480004806370e-05 -1.545599437131180360e-04 -2.118647798050201205e-04 -2.324044894981743003e-04 -1.976874227159450856e-04 -8.795380224735794422e-05 1.168829994053238079e-04 4.361428810612266206e-04 8.871888067260459004e-04 1.484209316255899729e-03 2.237052901470371231e-03 3.150198101188609028e-03 4.221941849039116679e-03 5.443880767452809535e-03 6.800745760355205415e-03 8.270630000843754923e-03 9.825625387207130232e-03 1.143285440823827576e-02 1.305585517477905917e-02 1.465624944258593805e-02 1.619559913165474763e-02 1.763733834569623099e-02 1.894865705705117004e-02 2.010221074119986767e-02 2.107753791732306509e-02 2.186208458484330958e-02 2.245175993874353251e-02 2.285097974121615833e-02 2.307218993737259610e-02 2.313490070337131596e-02 2.306429708095577083e-02 2.288952372115689304e-02 2.264176539880737374e-02 2.235225980534603224e-02 2.205038337962992104e-02 2.176194418266232111e-02 2.150779858297133598e-02 2.130288220834996443e-02 2.115571242085431680e-02 2.106838224720911090e-02 2.103702734097177840e-02 2.105271132047917271e-02 2.110264365590062627e-02 2.117162063865529395e-02 2.124356565046156900e-02 2.130304093335178006e-02 2.133660943870258411e-02 2.133394132590320583e-02 2.128858373357332689e-02 2.119834237809825606e-02 2.106525674562987477e-02 2.089518434736257688e-02 2.069704096878833416e-02 2.048177060368659361e-02 2.026113883307794142e-02 2.004645541009902540e-02 1.984733506273536272e-02 1.967060006775628311e-02 1.951941470654748947e-02 1.939272160857071978e-02 1.928502500708363654e-02 1.918653816400089918e-02 1.908368388326920143e-02 1.895991029328623900e-02 1.879676089629149505e-02 1.857511986562568329e-02 1.827654187766636004e-02 1.788457103501876755e-02 1.738595577267690664e-02 1.677167561917601232e-02 1.603771042311796791e-02 1.518550188366351097e-02 1.422207940150147475e-02 1.315984570585724753e-02 1.201604070475580967e-02 1.081192294556582514e-02 9.571725571508156449e-03 8.321456633756330046e-03 7.087621354749467327e-03 5.895946128289000950e-03 4.770180786717736696e-03 3.731047448297271189e-03 2.795391891188946792e-03 1.975577950283357274e-03 1.279148128544070053e-03 7.087557489832557733e-04 2.623568063032564145e-04 -6.636565667084669273e-05 -2.873843896745362485e-04 -4.135668587785781207e-04 -4.598244153691067389e-04 -4.422272558676773125e-04 -3.771383891493572762e-04 -2.804142385543171309e-04 -1.667113016308599885e-04 -4.892825447784824797e-05 6.219813591882964766e-05
1.845483442959968594e-04 1.389577267908222863e-04 7.697538867095388843e-05 3.274373607038260497e-06 -7.498814123662591799e-05 -1.481513188457373137e-04 -2.042014949067541335e-04 -2.291074791326900260e-04 -2.073421939861793144e-04 -1.225785183710022958e-04 4.146758138292129872e-05 3.000879521601607092e-04 6.665812485688593636e-04 1.151263897208518227e-03 1.760562641235212085e-03 2.496259026174557118e-03 3.354951403586951299e-03 4.327789601307717449e-03 5.400521722571391750e-03 6.553872478480364354e-03 7.764249377837265792e-03 9.004748716799234470e-03 1.024640958941527326e-02 1.145964311364517686e-02 1.261574765893748971e-02 1.368841069559034902e-02 1.465509512064008292e-02 1.549821310799799276e-02 1.620600355954894892e-02 1.677304927776952781e-02 1.720039556845451637e-02 1.749526110872867690e-02 1.767036221063874799e-02 1.774290055091307453e-02 1.773328957744129894e-02 1.766371400322268997e-02 1.755662842750837713e-02 1.743330421286589868e-02 1.731252808115625250e-02 1.720954202842348707e-02 1.713529337159427207e-02 1.709603789206451743e-02 1.709331040556777426e-02 1.712424812942073965e-02 1.718222536429884345e-02 1.725773542621577769e-02 1.733943917605539065e-02 1.741529003347684276e-02 1.747364350110899855e-02 1.750426476259862515e-02 1.749916003448934165e-02 1.745317471784000110e-02 1.736432232216044910e-02 1.723383074610316396e-02 1.706591491077680961e-02 1.686730521964360796e-02 1.664657841765019089e-02 1.641335007735292978e-02 1.617739552003763168e-02 1.594776829378144467e-02 1.573198259446018793e-02 1.553531879133496045e-02 1.536030032971730241e-02 1.520637672318695885e-02 1.506983219015515379e-02 1.494392380521661345e-02 1.481923782658906528e-02 1.468423901013399605e-02 1.452597595987611956e-02 1.433089645758801531e-02 1.408572064779039373e-02 1.377831714366183763e-02 1.339852761013692745e-02 1.293888905902514617e-02 1.239520969224938360e-02 1.176696324764010468e-02 1.105747790457272881e-02 1.027390825332846584e-02 9.426991898914613768e-03 8.530605184383116546e-03 7.601144499338042919e-03 6.656769944025727262e-03 5.716556094712780395e-03 4.799599746137893537e-03 3.924136456041550820e-03 3.106716361256927836e-03 2.361485178812498201e-03 1.699608879591147986e-03 1.128870762575736849e-03 6.534582676158066754e-04 2.739446598056204368e-04 -1.254143672758728165e-05 -2.119769395913750866e-04 -3.329635388308755653e-04 -3.861405028901417329e-04 -3.835309731717144194e-04 -3.378634441973558597e-04 -2.619090490566081163e-04 -1.678715687704880567e-04 -6.686118076314250067e-05 3.152458266150292687e-05
1.694465079000481537e-04 1.285060629065108576e-04 7.253991185991964883e-05 5.624795274354588669e-06 -6.602294064363356746e-05 -1.340713768044981234e-04 -1.882523947051776940e-04 -2.167047522284495779e-04 -2.064772782235593665e-04 -1.441754288491545600e-04 -1.672106407482436274e-05 1.878171300225351184e-04 4.793754157963387493e-04 8.650887723174120313e-04 1.348589128085673442e-03 1.929468253030087923e-03 2.602958004299085228e-03 3.359868080794779950e-03 4.186804534120068186e-03 5.066672144566341032e-03 5.979441929387057167e-03 6.903143312227659131e-03 7.815020773120299330e-03 8.692778984624288316e-03 9.515830142280762988e-03 1.026645361707532490e-02 1.093078183198666932e-02 1.149953737620403212e-02 1.196846411497254001e-02 1.233841807767820965e-02 1.261511031736650863e-02 1.280852146212134619e-02 1.293203389005677037e-02 1.300134999467656739e-02 1.303328181239326276e-02 1.304450682067189241e-02 1.305038611957847275e-02 1.306393438343808958e-02 1.309501659372947283e-02 1.314982603105195255e-02 1.323067327349729261e-02 1.333608934914964558e-02 1.346122017945934439e-02 1.359846636671070870e-02 1.373830421087362912e-02 1.387021203660820066e-02 1.398362125011533980e-02 1.406881408757178382e-02 1.411769912736857667e-02 1.412441008731037638e-02 1.408569154832767234e-02 1.400105513119622933e-02 1.387270936720353016e-02 1.370528428600728023e-02 1.350538617458084747e-02 1.328102808119407431e-02 1.304098700714982281e-02 1.279413941852643351e-02 1.254882324195000579e-02 1.231226774460840966e-02 1.209012370508590235e-02 1.188611618152251616e-02 1.170183202240082307e-02 1.153664490107652457e-02 1.138777268794507851e-02 1.125045571811328013e-02 1.111824001125822151e-02 1.098334657800979254e-02 1.083710628375238703e-02 1.067043895894965316e-02 1.047435519371532446e-02 1.024045927559614003e-02 9.961431901290741450e-03 9.631471641044334758e-03 9.246674814509085044e-03 8.805334691575720032e-03 8.308143030339137924e-03 7.758280136221607989e-03 7.161383998609023929e-03 6.525394612268724769e-03 5.860276124475051994e-03 5.177626597093614412e-03 4.490192423878639275e-03 3.811311192264835515e-03 3.154312395950825774e-03 2.531909308432294184e-03 1.955617057531135444e-03 1.435231215644927616e-03 9.783979777487966309e-04 5.903014108987148997e-04 2.734857193402481356e-04 2.782155879073973034e-05 -1.493841376362444340e-04 -2.631448206018745782e-04 -3.204360672246802559e-04 -3.297480607918362337e-04 -3.005794679940027459e-04 -2.429059930225561307e-04 -1.666570053815769796e-04 -8.123135525905055259e-05 4.920896178603928646e-06
1.550443497605180350e-04 1.203894808212569844e-04 7.195596118060891208e-05 1.314789671719141483e-05 -5.078372256437377677e-05 -1.127874220894184735e-04 -1.642001310327951625e-04 -1.950833857354033920e-04 -1.947000188065943732e-04 -1.521119421848787486e-04 -5.686720904913352293e-05 1.002665801585178032e-04 3.265740969622037224e-04 6.267259682241571681e-04 1.002231609336472033e-03 1.451064193871694913e-03 1.967501402428100364e-03 2.542211584142715051e-03 3.162597157429582456e-03 3.813386786885438091e-03 4.477446770994705089e-03 5.136762047057319425e-03 5.773520195859376328e-03 6.371219590070869784e-03 6.915716817005756155e-03 7.396129646322551453e-03 7.805520394507645121e-03 8.141300139465944621e-03 8.405315731944971655e-03 8.603607177609417719e-03 8.745850484787865559e-03 8.844527974753721780e-03 8.913891792868286826e-03 8.968804631289109888e-03 9.023552645783377082e-03 9.090728068591440864e-03 9.180272749390745377e-03 9.298759326766988659e-03 9.448965298345903679e-03 9.629768968870671547e-03 9.836367649056085294e-03 1.006079031527061171e-02 1.029265191758315864e-02 1.052007699082962815e-02 1.073070793806514198e-02 1.091270930660334822e-02 1.105568369120100633e-02 1.115142684765166835e-02 1.119446769675039657e-02 1.118236108129614693e-02 1.111572501123032214e-02 1.099803723558094234e-02 1.083522606389354659e-02 1.063510561838408586e-02 1.040671494683298101e-02 1.015962320035856785e-02 9.903259644365901976e-03 9.646318544282118587e-03 9.396276375829862304e-03 9.159044085410131958e-03 8.938762085561328258e-03 8.737731992139334547e-03 8.556468145959512939e-03 8.393844601000713737e-03 8.247309859504826229e-03 8.113142015537571500e-03 7.986720494419485492e-03 7.862796268276444484e-03 7.735749129405630406e-03 7.599827144902869189e-03 7.449368780077783234e-03 7.279011626151033094e-03 7.083892823646647900e-03 6.859845151797891796e-03 6.603589735531810792e-03 6.312922073724267467e-03 5.986883462256588177e-03 5.625905768124202753e-03 5.231914719247275289e-03 4.808376025101855113e-03 4.360270072724842932e-03 3.893984665790189113e-03 3.417120985411442602e-03 2.938215067010040843e-03 2.466384825701840085e-03 2.010920142683801648e-03 1.580839878619310452e-03 1.184444156107086234e-03 8.288923063630427007e-04 5.198362252800531585e-04 2.611355436838553278e-04 5.467528316769557778e-05 -9.970091571938973114e-05 -2.041376211452221312e-04 -2.625991498970262398e-04 -2.805989923834878983e-04 -2.648475528906796034e-04 -2.228440348029520068e-04 -1.624414446438840888e-04 -9.141440829172145250e-05 -1.705784914312550703e-05
1.405570814735845279e-04 1.135934673159606626e-04 7.405027975497448667e-05 2.459461272523780478e-05 -3.050939086053487161e-05 -8.544946008601542967e-05 -1.330450095276323021e-04 -1.650611769048450860e-04 -1.726491309258286434e-04 -1.468926360965202129e-04 -7.942908053372248721e-05 3.689716657866040726e-05 2.073989323698648222e-04 4.349818894455916973e-04 7.197052173223506075e-04 1.058515493811552736e-03 1.445191768338735701e-03 1.870525035494312403e-03 2.322737094779818608e-03 2.788123465309337926e-03 3.251884377137457573e-03 3.699088829860408805e-03 4.115701245957760490e-03 4.489590106075058359e-03 4.811434495606151454e-03 5.075448507965344032e-03 5.279855038600463069e-03 5.427059012192650238e-03 5.523494127341347856e-03 5.579144757674051394e-03 5.606773234707563072e-03 5.620909648788850223e-03 5.636683878626739044e-03 5.668595462347790492e-03 5.729324403843705921e-03 5.828684108912648640e-03 5.972806327296116199e-03 6.163628152021794447e-03 6.398724590645897374e-03 6.671499480490802533e-03 6.971715539252557395e-03 7.286314244717961505e-03 7.600450968577136812e-03 7.898652805212152961e-03 8.165997539108295691e-03 8.389212951014116473e-03 8.557605926041374905e-03 8.663749369584399646e-03 8.703879695631700983e-03 8.677985961945152912e-03 8.589600621878447362e-03 8.445328405976147007e-03 8.254171449406159239e-03 8.026723477915671812e-03 7.774312508670009995e-03 7.508169882981126017e-03 7.238694201667777474e-03 6.974863348558683201e-03 6.723828321616647646e-03 6.490701430557473985e-03 6.278530989589322861e-03 6.088437116640399091e-03 5.919870347296376373e-03 5.770947531828280429e-03 5.638818220420876298e-03 5.520019040949697767e-03 5.410782389772566918e-03 5.307277578716770687e-03 5.205775649779840336e-03 5.102741603597382193e-03 4.994868211494122093e-03 4.879072702233071095e-03 4.752480751228250512e-03 4.612421232790365339e-03 4.456450548830323023e-03 4.282417900809268492e-03 4.088573824055091385e-03 3.873715001080774156e-03 3.637350128299755500e-03 3.379865547646754894e-03 3.102666263105580743e-03 2.808268223727600297e-03 2.500321312781314965e-03 2.183548869566978752e-03 1.863597983365252331e-03 1.546804212198838943e-03 1.239883676496974325e-03 9.495735888961137280e-04 6.822483041583364202e-04 4.435412696784082811e-04 2.380035133150457203e-04 6.882655018456286088e-05 -6.234782581676049252e-05 -1.555158601205414723e-04 -2.122919630708715636e-04 -2.357833985853818653e-04 -2.303708250786782089e-04 -2.014132098921618151e-04 -1.549009654378371214e-04 -9.708419600645520117e-05 -3.410356147697543670e-05
1.254677098399221763e-04 1.072151915023932846e-04 7.758925583573874837e-05 3.847822958140173413e-05 -6.848540842801045282e-06 -5.377509134531883398e-05 -9.649299601359768584e-05 -1.282788477616894152e-04 -1.418878667359729697e-04 -1.300448748409132574e-04 -8.600254506697176289e-05 -4.126886991361457084e-06 1.195374778437318861e-04 2.867735193409305444e-04 4.968201778446228482e-04 7.461681921655609860e-04 1.028558360158631380e-03 1.335202538801699181e-03 1.655229606864817328e-03 1.976338551234368274e-03 2.285620572176830147e-03 2.570493599873167716e-03 2.819677843697146469e-03 3.024131720946228712e-03 3.177865087164955579e-03 3.278551882262269526e-03 3.327877165690743162e-03 3.331573314037986587e-03 3.299125413249886542e-03 3.243154461314153372e-03 3.178516302761478802e-03 3.121181418540546620e-03 3.086983031872264117e-03 3.090336059573793766e-03 3.143035466815546040e-03 3.253238646238007861e-03 3.424722595344140141e-03 3.656483976749756899e-03 3.942720615557887900e-03 4.273199368008635812e-03 4.633980814613684017e-03 5.008439263740237929e-03 5.378490261916163764e-03 5.725919807893978600e-03 6.033701535585691937e-03 6.287191010739427710e-03 6.475099605620807629e-03 6.590172725884263331e-03 6.629526097259288465e-03 6.594626352888417406e-03 6.490934947953158965e-03 6.327264162864489234e-03 6.114917737442233242e-03 5.866704313021152764e-03 5.595918085920605772e-03 5.315377677380445608e-03 5.036602021528342743e-03 4.769182794731392089e-03 4.520388972648566039e-03 4.295013310085062964e-03 4.095445756111445665e-03 3.921937638879987448e-03 3.773004929473557523e-03 3.645910317067312979e-03 3.537162631831201019e-03 3.442977905525561495e-03 3.359657864189955542e-03 3.283857121029091098e-03 3.212727658137320974e-03 3.143946159496403391e-03 3.075644382967751035e-03 3.006273451002224126e-03 2.934438693036223178e-03 2.858742144369635658e-03 2.777665316029006258e-03 2.689516298864285618e-03 2.592453990997137421e-03 2.484589827459068000e-03 2.364155473544265161e-03 2.229714992312418261e-03 2.080393162280314446e-03 1.916088613653907889e-03 1.737641482417884341e-03 1.546930070294591075e-03 1.346878834276449060e-03 1.141369880939087887e-03 9.350607958422929274e-04 7.331218546955200772e-04 5.409143120646735595e-04 3.636376511543392039e-04 2.059768302859094373e-04 7.178046639114534291e-05 -3.620229699466095052e-05 -1.165043099233871058e-04 -1.690281274142592599e-04 -1.950334858915877081e-04 -1.970280112168567058e-04 -1.785727713606609975e-04 -1.440209557166213686e-04 -9.821262335622506440e-05 -4.615082019415240634e-05
1.095426979351784170e-04 1.005194761620545330e-04 8.137207912798977063e-05 5.319919693862418470e-05 1.828984476292530234e-05 -1.988341743794944062e-05 -5.677971097779841055e-05 -8.701864791289606340e-05 -1.047178008452074173e-04 -1.039229152570895717e-04 -7.910399845679257774e-05 -2.568062944612091534e-05 5.946765644913810846e-05 1.775541943724838348e-04 3.275494674908419404e-04 5.060003364305208596e-04 7.070382146722887368e-04 9.225963169470930564e-04 1.142838788061669711e-03 1.356785111761299326e-03 1.553093427595600168e-03 1.720948185493909868e-03 1.850982906882462937e-03 1.936159480982463290e-03 1.972522800595100621e-03 1.959754456663956399e-03 1.901461780291990433e-03 1.805158081415540608e-03 1.681915053659004729e-03 1.545696891381863987e-03 1.412415098592478564e-03 1.298770409686885634e-03 1.220970874273158467e-03 1.193430505356900522e-03 1.227559093588493754e-03 1.330749839687132754e-03 1.505657337147450455e-03 1.749835172005215992e-03 2.055771991422843201e-03 2.411330117715040997e-03 2.800554961315947656e-03 3.204790112253025347e-03 3.604005379612649010e-03 3.978225977995596997e-03 4.308942461374862427e-03 4.580383750239221813e-03 4.780549396826891048e-03 4.901920657110814261e-03 4.941800571528088409e-03 4.902267957603887762e-03 4.789765460031280946e-03 4.614374058688712824e-03 4.388852551882510555e-03 4.127538072500653091e-03 3.845211182902509833e-03 3.556026155080436232e-03 3.272594413534781269e-03 3.005288536663674060e-03 2.761808192451739152e-03 2.547020913039203804e-03 2.363062802904297710e-03 2.209660015012669503e-03 2.084613470921353046e-03 1.984378423839693560e-03 1.904667735132751843e-03 1.841012881215330901e-03 1.789228596295996000e-03 1.745743870727292472e-03 1.707781511162434658e-03 1.673388219690808993e-03 1.641334888573854839e-03 1.610920644544850712e-03 1.581722800794506476e-03 1.553337668837346305e-03 1.525154250165792515e-03 1.496194933746721606e-03 1.465045762745497294e-03 1.429885236844497670e-03 1.388606747511289758e-03 1.339017278501733466e-03 1.279085342815772415e-03 1.207205250439563008e-03 1.122443183946223800e-03 1.024733152020438666e-03 9.149971623052543818e-04 7.951729851027238092e-04 6.681434936842837232e-04 5.375724870585530443e-04 4.076618970404362070e-04 2.828533060651363534e-04 1.675019938173161150e-04 6.555387617451292111e-05 -1.974534709529645552e-05 -8.608346200966938196e-05 -1.322383108079414667e-04 -1.581463391021303410e-04 -1.648802448183414962e-04 -1.545410823880884676e-04 -1.300773987026610369e-04 -9.504957583455781595e-05 -5.336112368671585074e-05
9.281887576254401785e-05 9.297582418526492741e-05 8.431683328399624481e-05 6.717603447637158186e-05 4.290526771173064228e-05 1.390336006390632210e-05 -1.645114517072053290e-05 -4.397137435412396965e-05 -6.393604232314233820e-05 -7.145403418450617513e-05 -6.189725178159128380e-05 -3.136960897460083948e-05 2.282773810256301383e-05 1.017796648976920012e-04 2.046345726255195717e-04 3.284183685281592954e-04 4.680191363290606360e-04 6.163643085672089982e-04 7.647961976861207154e-04 9.036334544047478108e-04 1.022887007012593949e-03 1.113081145450549748e-03 1.166115570740514432e-03 1.176094224122943436e-03 1.140042995386106837e-03 1.058441916584894164e-03 9.355084355841023587e-04 7.791863386061984899e-04 6.008185943707669389e-04 4.145098798854102715e-04 2.362133460681392974e-04 8.260351577012668960e-05 -3.017972120559467199e-05 -8.781476743072608735e-05 -7.900085412746230256e-05 3.526927186595736272e-06 1.622639524711622181e-04 3.945557724494402332e-04 6.926138858318595971e-04 1.043936072900886582e-03 1.432103954344677394e-03 1.837896449877458090e-03 2.240629030235232778e-03 2.619607987655553187e-03 2.955578512106021155e-03 3.232046248865977876e-03 3.436364171509674430e-03 3.560498821399258121e-03 3.601419997097474266e-03 3.561092787441855288e-03 3.446086925507374846e-03 3.266852202198186790e-03 3.036736817977036748e-03 2.770845414601728895e-03 2.484843380380036965e-03 2.193813214554998520e-03 1.911257752901177141e-03 1.648325430405653356e-03 1.413306872412162718e-03 1.211422911352319975e-03 1.044894793223952656e-03 9.132609047304752646e-04 8.138833969673297218e-04 7.425744605830154887e-04 6.942666834784990814e-04 6.636549038644846271e-04 6.457473622769677657e-04 6.362801039400715290e-04 6.319683081041772670e-04 6.305890922768983380e-04 6.309099622936553773e-04 6.324933645590407553e-04 6.354191767653186596e-04 6.399725451510047871e-04 6.463440597280570039e-04 6.543833670648855662e-04 6.634370525027014163e-04 6.722884982051217408e-04 6.792031731474596629e-04 6.820691697874325856e-04 6.786113057505951691e-04 6.666489347592032466e-04 6.443634703719645874e-04 6.105417181167096868e-04 5.647651401720339779e-04 5.075224223171728201e-04 4.402321468025389116e-04 3.651727995946784256e-04 2.853275373879006049e-04 2.041600064542352551e-04 1.253441684554979212e-04 5.247498066376942751e-05 -1.121232489580305117e-05 -6.308860389099197100e-05 -1.013215020948192273e-04 -1.249954916172780063e-04 -1.341535946693580010e-04 -1.297607559516613534e-04 -1.135959088329163941e-04 -8.808569216414957170e-05 -5.609704150461833393e-05
7.556598162795880817e-05 8.427541876399838750e-05 8.553285655669691599e-05 7.897032728454016519e-05 6.507739995584890368e-05 4.527000331700097610e-05 2.187538041125894729e-05 -1.977197093640410946e-06 -2.256228883779846494e-05 -3.585364656822845201e-05 -3.789201765392469093e-05 -2.519873553787088400e-05 4.799714926556749792e-06 5.337664411399320637e-05 1.201823866643412066e-04 2.030348129227298854e-04 2.978579863229965886e-04 3.987934432919808562e-04 4.984945158908560096e-04 5.885974282610318374e-04 6.603450056669492307e-04 7.053214487297192539e-04 7.162415770985025056e-04 6.877270038051254419e-04 6.169963689234591372e-04 5.043980937179557908e-04 3.537225640954579520e-04 1.722459589661418621e-04 -2.952088732987971382e-05 -2.383798391676280074e-04 -4.392629728852523365e-04 -6.162675324751650755e-04 -7.538323013004659835e-04 -8.379619246366403883e-04 -8.573962120461331091e-04 -8.046212320498062837e-04 -6.766285529412356323e-04 -4.753477707817737891e-04 -2.077040162203384020e-04 1.147158889991814956e-04 4.763705178794482497e-04 8.587924757210547121e-04 1.241857482805491840e-03 1.605190507219444659e-03 1.929592679378541210e-03 2.198370620511906019e-03 2.398458765634740517e-03 2.521244404393755204e-03 2.563032603948342102e-03 2.525121174294784731e-03 2.413491091502922240e-03 2.238151809925057432e-03 2.012210344187116695e-03 1.750755083349835820e-03 1.469658025549978571e-03 1.184401516132305371e-03 9.090277542154767167e-04 6.552924739143032272e-04 4.320803769645564633e-04 2.451118098566760833e-04 9.694088881992011988e-05 -1.278218204833964696e-05 -8.683478109372511598e-05 -1.297980218326530693e-04 -1.473603101584657765e-04 -1.456234132390732752e-04 -1.304786331696147815e-04 -1.071068012562656968e-04 -7.963750461376312498e-05 -5.098251167328260881e-05 -2.283813867410769286e-05 4.166534706810404859e-06 3.021238562989726545e-05 5.596907781888133589e-05 8.225776899037525163e-05 1.097424569164726690e-04 1.386869165552950464e-04 1.688028450789237373e-04 1.992015364981898195e-04 2.284478145443715174e-04 2.547026223957397527e-04 2.759308929408395110e-04 2.901450032489941806e-04 2.956516898901515359e-04 2.912717333621325875e-04 2.765065469403767085e-04 2.516332241078892773e-04 2.177185843457719568e-04 1.765521965662677790e-04 1.305071833094123297e-04 8.234490518609278477e-05 3.498472595077925604e-05 -8.737409258286854379e-06 -4.629795177922167368e-05 -7.568116742057842748e-05 -9.552435018263193112e-05 -1.052019958450775951e-04 -1.048445435626544828e-04 -9.529367198317156493e-05 -7.800182188320723070e-05 -5.488811403241589549e-05
5.823098912654861483e-05 7.432874756423498612e-05 8.437422999682655861e-05 8.739498164791488890e-05 8.312454912806860417e-05 7.210953279270822377e-05 5.574621792273656926e-05 3.623368666576454915e-05 1.643707561423612355e-05 -3.370135824413717646e-07 -1.064168423739757143e-05 -1.124690627372779616e-05 4.763321227976478021e-07 2.618038363652028027e-05 6.621297222013155853e-05 1.193761388640097857e-04 1.828074120035372979e-04 2.520104946002779374e-04 3.210510263839603780e-04 3.829183348459048509e-04 4.300377365162356708e-04 4.549014051645713409e-04 4.507707768417803249e-04 4.123916137667484874e-04 3.366557255580146513e-04 2.231421151099239383e-04 7.447562833061188627e-05 -1.035469398551306123e-04 -3.020955655553942917e-04 -5.097205058198165523e-04 -7.130256053478915487e-04 -8.975611378415136558e-04 -1.048872853784823828e-03 -1.153625489834578200e-03 -1.200707338783811627e-03 -1.182219113217936306e-03 -1.094256014686811711e-03 -9.374065024216381506e-04 -7.169136786287814370e-04 -4.424735607841034295e-04 -1.276762073321799232e-04 2.108723122132522909e-04 5.546798921672948818e-04 8.846596096274516978e-04 1.182476125672839986e-03 1.431835587282123765e-03 1.619612109809753829e-03 1.736718650862319061e-03 1.778653358689401796e-03 1.745681992507313110e-03 1.642649840394391813e-03 1.478449456643278048e-03 1.265200286200233396e-03 1.017219988028214344e-03 7.498828251096289511e-04 4.784665540666651435e-04 2.170855240583190377e-04 -2.220510347808029314e-05 -2.300693536117182580e-04 -4.002753689070054333e-04 -5.297937192730200247e-04 -6.186247403277778329e-04 -6.693945240492543171e-04 -6.867777021537849452e-04 -6.768166805217973401e-04 -6.462107792057204900e-04 -6.016449371435653604e-04 -5.492171748851808373e-04 -4.940084386918951924e-04 -4.398197771306669316e-04 -3.890822186210431567e-04 -3.429263556769832164e-04 -3.013833391729976957e-04 -2.636781133067038008e-04 -2.285700618164651296e-04 -1.946959427420998177e-04 -1.608746200659210042e-04 -1.263417128229118915e-04 -9.089357694031343412e-05 -5.493253104812240942e-05 -1.941745102081182412e-05 1.426553241138278942e-05 4.448951955707714390e-05 6.960309285015514038e-05 8.814770787947629003e-05 9.904970737250099432e-05 1.017653331043367288e-04 9.636399761190359362e-05 8.354302497445766518e-05 6.457511462382788288e-05 4.119704109050716882e-05 1.545386178429769379e-05 -1.048331926800107582e-05 -3.450641505231257173e-05 -5.474723412864554418e-05 -6.972567723699864565e-05 -7.845674441456628053e-05 -8.050876018225156081e-05 -7.601047655391069855e-05 -6.560974022583885082e-05 -5.039073069356537040e-05
4.137138564964948362e-05 6.324601417372646651e-05 8.047114834807339101e-05 9.159704809395417726e-05 9.573509667071497553e-05 9.269751075484730781e-05 8.308063542384579441e-05 6.827647794840954992e-05 5.040250676837626878e-05 3.214684906657284177e-05 1.653434250329418719e-05 6.627714309552848460e-06 5.186607059135613269e-06 1.431430722646505165e-05 3.512694602582073881e-05 6.748184563572245682e-05 1.098000213915914730e-04 1.590123842335459015e-04 2.106500617035900430e-04 2.590870229550380115e-04 2.979287990559452014e-04 3.205258102271932243e-04 3.205751468278191353e-04 2.927621834949299304e-04 2.333846355813777845e-04 1.408978391963538633e-04 1.632198297228524197e-05 -1.365399659042415472e-04 -3.111111397080901860e-04 -4.982953991655489747e-04 -6.869748435280825880e-04 -8.647242271978717188e-04 -1.018694162016538750e-03 -1.136596086503704507e-03 -1.207708424981846634e-03 -1.223816796384526650e-03 -1.180002584152218658e-03 -1.075203887037727828e-03 -9.124902380478693530e-04 -6.990160947100725790e-04 -4.456458631642667804e-04 -1.662725199099981607e-04 1.231200991083276648e-04 4.055773418099853280e-04 6.643846866202735100e-04 8.842690457448414273e-04 1.052490062320741559e-03 1.159730580094890185e-03 1.200713469259705049e-03 1.174496705195203147e-03 1.084427583700327009e-03 9.377673602898948645e-04 7.450264460263882190e-04 5.190747961201802076e-04 2.741099925053268674e-04 2.457516848674927944e-05 -2.158803562987128642e-04 -4.353128522387679283e-04 -6.241990939381430493e-04 -7.759065267799489067e-04 -8.868956202116861113e-04 -9.566569899389272286e-04 -9.874097756675599864e-04 -9.836076534974881689e-04 -9.513130026023984033e-04 -8.975070812583558089e-04 -8.294043066570367349e-04 -7.538323358514358160e-04 -6.767277286448812081e-04 -6.027811519521312578e-04 -5.352482668721017783e-04 -4.759246013080583779e-04 -4.252666817491857409e-04 -3.826289738102858643e-04 -3.465777892592823185e-04 -3.152397412799102117e-04 -2.866435015380698094e-04 -2.590189653047499443e-04 -2.310265023887944722e-04 -2.018995435547118328e-04 -1.714950049365649614e-04 -1.402567188657540399e-04 -1.091060356573926831e-04 -7.928028995869622710e-05 -5.214343502298111714e-05 -2.899374714105632401e-05 -1.089133361129967885e-05 1.476241330120205142e-06 7.877859777058568609e-06 8.566633406645925847e-06 4.252566450237138529e-06 -3.973014365539137560e-06 -1.474979936907688978e-05 -2.658322691590574269e-05 -3.798611035585775127e-05 -4.761227516423871585e-05 -5.436941186073958527e-05 -5.750154985213295870e-05 -5.663541702933026041e-05 -5.178900395414528113e-05 -4.334446711663195216e-05
2.558480194449772385e-05 5.130368324016707296e-05 7.373799149194414527e-05 9.110923252289733747e-05 1.020614964398143575e-04 1.058248589575120599e-04 1.023365768190572986e-04 9.230327153276979355e-05 7.719122345436453612e-05 5.913763427660556214e-05 4.078289105079229088e-05 2.503190797210154200e-05 1.476079700074480741e-05 1.249258319548161422e-05 2.007156761405084556e-05 3.836944823885072480e-05 6.705679831786528090e-05 1.044705837860123777e-04 1.476020113609550783e-04 1.922194356904138250e-04 2.331289877671235554e-04 2.645620238964683873e-04 2.806647005080299684e-04 2.760523670630446111e-04 2.463814550060447212e-04 1.888853944293736754e-04 1.028197812272544157e-04 -1.023391547747156240e-05 -1.462473589030362621e-04 -2.988340224838925067e-04 -4.595564708039580641e-04 -6.184409831411507869e-04 -7.646678090961682266e-04 -8.873866887187419668e-04 -9.765923939335039577e-04 -1.023985661749052516e-03 -1.023742221762928778e-03 -9.731172653980664933e-04 -8.728245287698510558e-04 -7.271472863090391219e-04 -5.437614177051801508e-04 -3.332762149473359435e-04 -1.085243019393118029e-04 1.163445785995159514e-04 3.268924454587366431e-04 5.094590409988331015e-04 6.521750407150437049e-04 7.458367959657926727e-04 7.845690373272294583e-04 7.662209688646882044e-04 6.924651909812125795e-04 5.685955435637053039e-04 4.030466511206833068e-04 2.066820885827452218e-04 -8.082626261885200031e-06 -2.282433387162244916e-04 -4.411730009560066489e-04 -6.355089562447757603e-04 -8.018912354229787431e-04 -9.334978414965856668e-04 -1.026343792360206401e-03 -1.079333570807310301e-03 -1.094079272768506321e-03 -1.074516957191075069e-03 -1.026369645345566982e-03 -9.565157829894974702e-04 -8.723260929900111815e-04 -7.810296092458032542e-04 -6.891619298322628189e-04 -6.021365220454955600e-04 -5.239647914273523914e-04 -4.571343147764327748e-04 -4.026388502151875630e-04 -3.601400050714709169e-04 -3.282299602343102286e-04 -3.047581797824374435e-04 -2.871828604501969629e-04 -2.729098119695412984e-04 -2.595869134324724735e-04 -2.453303605017100649e-04 -2.288685164338073036e-04 -2.095991669730224143e-04 -1.875652893783651804e-04 -1.633621929285465776e-04 -1.379944417109273905e-04 -1.127039963138069768e-04 -8.879147606838475731e-05 -6.745058680350144668e-05 -4.963203686007995868e-05 -3.594827701281844753e-05 -2.662481288174807330e-05 -2.149830248483264924e-05 -2.005673645832310292e-05 -2.151314149910293037e-05 -2.490172320027459987e-05 -2.918427484140898726e-05 -3.335496410271746612e-05 -3.653307480226496541e-05 -3.803563234255127054e-05 -3.742473158117539962e-05 -3.452745497384285137e-05
1.144191122810073440e-05 3.890128864349797757e-05 6.435894198539087677e-05 8.586738554301461077e-05 1.017705576349256990e-04 1.108796336374089471e-04 1.126205914320527895e-04 1.071362559298801519e-04 9.532804553497105002e-05 7.882692436531713942e-05 5.988890911274175879e-05 4.121747477247715997e-05 2.572276249064971631e-05 1.623489838979046487e-05 1.519519913717015235e-05 2.435379216047172876e-05 4.450453463845417418e-05 7.528757442718686001e-05 1.150862109515635927e-04 1.610379462452383840e-04 2.091701609969783134e-04 2.546594273270831317e-04 2.922010765844004591e-04 3.164634698937096179e-04 3.225907485440810893e-04 3.067099002143238817e-04 2.663938101371080285e-04 2.010323047480608478e-04 1.120683526799885104e-04 3.066394293614008604e-06 -1.204064439308071390e-04 -2.510888631368350687e-04 -3.805082758313003966e-04 -4.996051285359049809e-04 -5.994503570682136080e-04 -6.719961617532791819e-04 -7.107940090533244404e-04 -7.116135928011512032e-04 -6.729027131714601087e-04 -5.960402977032926196e-04 -4.853521033695234283e-04 -3.478794555317419332e-04 -1.929137441120523178e-04 -3.133114133060054506e-05 1.252190295546382862e-04 2.652045799845359334e-04 3.781036136401335745e-04 4.552237324559390425e-04 4.903766399040024489e-04 4.803503116641380673e-04 4.251391367090356899e-04 3.279142926398775047e-04 1.947399648167310454e-04 3.406357213779122057e-05 -1.439722503112847440e-04 -3.283333852238470591e-04 -5.079425220814589529e-04 -6.724990326515332918e-04 -8.132024720531246280e-04 -9.233228721661408157e-04 -9.985769577229497082e-04 -1.037288492725869146e-03 -1.040331189219704817e-03 -1.010871983210164101e-03 -9.539491804173784624e-04 -8.759325298125117355e-04 -7.839197171240804961e-04 -6.851256700842446807e-04 -5.863175946501533817e-04 -4.933405051119138735e-04 -4.107662817915132638e-04 -3.416853797437929352e-04 -2.876457308939449234e-04 -2.487295955239100754e-04 -2.237473993571905979e-04 -2.105189031734006847e-04 -2.062069729144199370e-04 -2.076679181115698722e-04 -2.117846199617060129e-04 -2.157539165645904530e-04 -2.173071433677078133e-04 -2.148513924963673370e-04 -2.075279766051479002e-04 -1.951928566605168672e-04 -1.783306740663410830e-04 -1.579189911794931381e-04 -1.352621165247749977e-04 -1.118144493829786477e-04 -8.901182614048117146e-05 -6.812627024732783015e-05 -5.015534021315839596e-05 -3.575249047843846902e-05 -2.520005279747089284e-05 -1.842209068720308883e-05 -1.503085027954055960e-05 -1.439807046484578427e-05 -1.574112758615223877e-05 -1.821384789387826050e-05 -2.099268619345292120e-05 -2.335062131848472406e-05 -2.471328957349760514e-05
-5.715540528197825612e-07 2.651299003539076557e-05 5.275380441999844147e-05 7.619445347406095075e-05 9.504814984860225158e-05 1.078735793578452563e-04 1.137356874813863343e-04 1.123347683784182505e-04 1.040883418354184616e-04 9.015310741453867825e-05 7.237864662677849330e-05 5.319024732313776998e-05 3.540482500282522618e-05 2.199084478348605539e-05 1.578973668834427304e-05 1.922183712480674119e-05 3.400370421909130461e-05 6.090517548112533161e-05 9.957337563683298955e-05 1.484468947237806277e-04 2.047766781711729111e-04 2.647612333533470841e-04 3.237932698723377557e-04 3.768037888716014965e-04 4.186790013141911950e-04 4.447164099549708515e-04 4.510799831911259080e-04 4.352114356855928731e-04 3.961557644550479061e-04 3.347645412033058393e-04 2.537497749830590083e-04 1.575737467671062589e-04 5.217500784148915746e-05 -5.545363780547980293e-05 -1.578044105790516285e-04 -2.474676315957532579e-04 -3.177660546599334599e-04 -3.633535271941272906e-04 -3.807220130068041889e-04 -3.685674305529314525e-04 -3.279762032658167814e-04 -2.624099132459048033e-04 -1.774835793139691725e-04 -8.055211816418688785e-05 1.986237041012525479e-05 1.147545335616695979e-04 1.953719524785319558e-04 2.539390970251489922e-04 2.843050966829404583e-04 2.824579776924282743e-04 2.468600602143533108e-04 1.785755244972209816e-04 8.118014014875374589e-05 -3.953705589947338877e-05 -1.760516801168246059e-04 -3.197173239755520761e-04 -4.614587347489044447e-04 -5.924833848892814558e-04 -7.049498971937358249e-04 -7.925374533307345554e-04 -8.508709857788507910e-04 -8.777714502288961121e-04 -8.733172692214280020e-04 -8.397204286251561643e-04 -7.810370055919002574e-04 -7.027456001347897989e-04 -6.112370500912386005e-04 -5.132641809837325958e-04 -4.154009151815206413e-04 -3.235560634166177859e-04 -2.425792078921185416e-04 -1.759852655559578961e-04 -1.258118184950487344e-04 -9.261042332058748265e-05 -7.556111403431826044e-05 -7.268926560174927484e-05 -8.115668705369841890e-05 -9.759472915610637161e-05 -1.184464352238028765e-04 -1.402871122793828470e-04 -1.600976475997161440e-04 -1.754717293620921127e-04 -1.847460193964963002e-04 -1.870504182660301211e-04 -1.822830704374248708e-04 -1.710210299593581699e-04 -1.543820828677061868e-04 -1.338558540063444812e-04 -1.111229815817149549e-04 -8.787998624420275025e-05 -6.568481329206812130e-05 -4.583431401446890928e-05 -2.928063431293292593e-05 -1.658907274419009318e-05 -7.935884342790285831e-06 -3.141084351878932176e-06 -1.728782718108339391e-06 -3.006074275301246282e-06 -6.151026218692177625e-06 -1.030075065661437530e-05 -1.463175684307229307e-05
-1.009931130680776466e-05 1.463830668495545760e-05 3.952812810476127392e-05 6.275428681645520514e-05 8.256071109451592130e-05 9.741463412497588994e-05 1.061670364636171753e-04 1.081950354729101623e-04 1.035111703611408900e-04 9.282590261915849971e-05 7.755250147234844750e-05 5.974770747013116636e-05 4.198690608206499635e-05 2.717859359251459514e-05 1.832915620288383222e-05 1.827480801688043674e-05 2.940231870726922169e-05 5.338332130762823632e-05 9.094804532028635292e-05 1.417229592078488335e-04 2.041529369551683243e-04 2.755223433071104914e-04 3.520812761137998665e-04 4.292737632872635077e-04 5.020548261535179259e-04 5.652739460353891666e-04 6.140945859293959639e-04 6.444139248363915358e-04 6.532445791303581259e-04 6.390212637391269254e-04 6.018001994017413122e-04 5.433273427380960665e-04 4.669625770244178499e-04 3.774599028424171663e-04 2.806172162486867501e-04 1.828221355986041146e-04 9.053121849332708675e-05 9.727623054771685797e-06 -5.459408705190457040e-05 -9.886823532629447804e-05 -1.212812587297444362e-04 -1.219455438430722322e-04 -1.029047803797040702e-04 -6.796713502541917168e-05 -2.237862931810363212e-05 2.763571081113364220e-05 7.542260039534973994e-05 1.144937542479951861e-04 1.391078862384275555e-04 1.447884157747361157e-04 1.287296764899646933e-04 9.005477965364134564e-05 2.990215265396786205e-05 -4.866622170677582012e-05 -1.409252791192777904e-04 -2.408909869772625652e-04 -3.418301099043582906e-04 -4.368285260952559004e-04 -5.193664996143237088e-04 -5.838497852524542064e-04 -6.260507180317776560e-04 -6.434228822417578869e-04 -6.352655304083017901e-04 -6.027283162798013601e-04 -5.486616669123856515e-04 -4.773318132423942173e-04 -3.940308546229910483e-04 -3.046202644168701477e-04 -2.150503375065625699e-04 -1.308980406552503583e-04 -5.696177358201117823e-05 3.055725024693836406e-06 4.675480260031182004e-05 7.312620273909381432e-05 8.251912399146843317e-05 7.650135013200583169e-05 5.763145615570418323e-05 2.916931088258367839e-05 -5.245549013149363067e-06 -4.191769779480689333e-05 -7.739412667021749884e-05 -1.087141023798899556e-04 -1.335939224395529031e-04 -1.505371601522544262e-04 -1.588684122873705281e-04 -1.586954479139656674e-04 -1.508104220764989968e-04 -1.365450412243429104e-04 -1.175970162921255186e-04 -9.584577430065115838e-05 -7.317435654340110045e-05 -5.131199077443483617e-05 -3.170836685978148752e-05 -1.544660299803571400e-05 -3.197700249043039706e-06 4.784654049240291153e-06 8.633431043550431928e-06 8.808795619175482927e-06 6.018479193737745654e-06 1.127276793953823665e-06 -4.935302357756798496e-06
-1.694292953724376837e-05 3.756038723036112491e-06 2.541271570164144525e-05 4.648108267775655895e-05 6.537962139981415809e-05 8.063135191007503571e-05 9.101109971182262020e-05 9.568761943161797152e-05 9.434711573303358593e-05 8.728475004830631417e-05 7.545204578539749544e-05 6.045073684936947637e-05 4.446744828603662117e-05 3.014842280520460809e-05 2.041895485765802317e-05 1.825780155805000783e-05 2.644207455666591029e-05 4.728242499449548681e-05 8.237119511567977210e-05 1.323671974790626587e-04 1.968396153746121110e-04 2.741901066065104055e-04 3.616666672910592850e-04 4.554755294651584015e-04 5.509888929310696650e-04 6.430373639111822788e-04 7.262674331706464375e-04 7.955370433665254551e-04 8.463170760835189016e-04 8.750640879813720210e-04 8.795302657230222570e-04 8.589804818320359320e-04 8.142933242919879076e-04 7.479325225640007322e-04 6.637864931100497315e-04 5.668857488705848378e-04 4.630195054202241797e-04 3.582828083284671184e-04 2.585928506943085958e-04 1.692170238618065630e-04 9.435514850528918876e-05 3.681415633563684970e-05 -2.194463401772588518e-06 -2.311517724803020249e-05 -2.796069784150628421e-05 -2.008375298171336215e-05 -3.829344572180663894e-06 1.590008855367351561e-05 3.412584840756645267e-05 4.627531545034382476e-05 4.862021819940459504e-05 3.862995558135177109e-05 1.520740570366537012e-05 -2.121390381801474892e-05 -6.871897163017741308e-05 -1.241005073778537961e-04 -1.831685174644654475e-04 -2.411494952127362604e-04 -2.931363916906532126e-04 -3.345464194371320179e-04 -3.615438525437616926e-04 -3.713892293535502216e-04 -3.626842193975559486e-04 -3.354920138831270215e-04 -2.913253174030104977e-04 -2.330066079156334260e-04 -1.644170479194664988e-04 -9.016016056325061980e-05 -1.517326070186262991e-05 5.567689565659375908e-05 1.179778945297113840e-04 1.681020530157583933e-04 2.034570085042193967e-04 2.226386531599148719e-04 2.254783026641879679e-04 2.129859249407849413e-04 1.872004254934048293e-04 1.509655677061952882e-04 1.076554849451823300e-04 6.087655904154793546e-05 1.417261336489670067e-05 -2.924192287243328561e-05 -6.670057577449495787e-05 -9.624065499129165957e-05 -1.166885601928694055e-04 -1.276735815095398708e-04 -1.295755066350401732e-04 -1.234166001341382383e-04 -1.107123414158390747e-04 -9.329748156672453777e-05 -7.314446721481623632e-05 -5.219020600834436236e-05 -3.218477138359972537e-05 -1.457231731113518055e-05 -4.106006678436481191e-07 9.668499808439416968e-06 1.545884656385767056e-05 1.714488211957250702e-05 1.523847705544895560e-05 1.049635847706734170e-05 3.827299846826542635e-06
-2.107325621288151088e-05 -5.715318767036525055e-06 1.119806872348813294e-05 2.849191023564251078e-05 4.487732628318598675e-05 5.905903994810502312e-05 6.985837612321893605e-05 7.634274835080154253e-05 7.795072833853905416e-05 7.460068492072855590e-05 6.677085969579649779e-05 5.553976420490347151e-05 4.257799193366955740e-05 3.008587773776529029e-05 2.067572514126891827e-05 1.720225654636381267e-05 2.255011794170022187e-05 3.939221010539523159e-05 6.993681244529145161e-05 1.156844210839524142e-04 1.772165184581873032e-04 2.540378296637591697e-04 3.444908706033952871e-04 4.457568225093372838e-04 5.539502551342093259e-04 6.643074469308467636e-04 7.714596647154740167e-04 8.697745341117708948e-04 9.537413682383361199e-04 1.018370803279861243e-03 1.059575974250661582e-03 1.074502214031275741e-03 1.061775076268673930e-03 1.021642273188298061e-03 9.559934817167530007e-04 8.682522219946753762e-04 7.631452410330763231e-04 6.463659872615391041e-04 5.241587454002988224e-04 4.028577947163532267e-04 2.884207196405286526e-04 1.859961804927547611e-04 9.956383127235454884e-05 3.167781946664669553e-05 -1.666403764899413993e-05 -4.601486470315660883e-05 -5.833925642623777222e-05 -5.675437541449767156e-05 -4.517741069465469432e-05 -2.791382227010678289e-05 -9.226057085716778475e-06 7.076218819977394582e-06 1.798599620158236514e-05 2.155694104216665779e-05 1.704707038428706365e-05 4.937167249191923291e-06 -1.317452064886887302e-05 -3.478766428396826366e-05 -5.680118320841034355e-05 -7.586850421447912827e-05 -8.877021076892136452e-05 -9.276676756687864036e-05 -8.589695584196213162e-05 -6.719393795415423785e-05 -3.679975500765178716e-05 4.030426208576597114e-06 5.303197164489381697e-05 1.071295785677352490e-04 1.627096602711707225e-04 2.159384206739325019e-04 2.630943592066011623e-04 3.008837678862724165e-04 3.267106619317479334e-04 3.388780922072405716e-04 3.367052480763999944e-04 3.205533377285886987e-04 2.917620285050658100e-04 2.525063714274280915e-04 2.055908690703078670e-04 1.542021085197807116e-04 1.016438384843021750e-04 5.107843935324962433e-05 5.296575998699188216e-06 -3.346719831224241083e-05 -6.366048131565079813e-05 -8.447439167386680634e-05 -9.584014631396303805e-05 -9.836641873750887315e-05 -9.322776378294691645e-05 -8.201776796233877908e-05 -6.658242678035056900e-05 -4.884953269986507364e-05 -3.066870229442617110e-05 -1.367432558719771046e-05 8.194808231723135512e-07 1.188651199131154424e-05 1.901706670180600925e-05 2.210936246530462537e-05 2.142860030796239594e-05 1.754071095075673305e-05 1.122915470468772384e-05
-2.262563911325002862e-05 -1.344826061887727936e-05 -2.330720260890087412e-06 9.990640687352540621e-06 2.260586987378482445e-05 3.450000563905917779e-05 4.464324170570295068e-05 5.209745159503148375e-05 5.613144470635660034e-05 5.633527543373096670e-05 5.272251696766382806e-05 4.580888278919579464e-05 3.665611539562733511e-05 2.687176325679710084e-05 1.855832591273528370e-05 1.420913452372229296e-05 1.655299786573120706e-05 2.835471493065479069e-05 5.218357918744369068e-05 9.016646909825785472e-05 1.437455241937854108e-04 2.134622861286610853e-04 2.987901853771750401e-04 3.980351770991345448e-04 5.083201671361437229e-04 6.256628268549914050e-04 7.451488913331173964e-04 8.611946745570889196e-04 9.678840638391675863e-04 1.059357493384454306e-03 1.130224157047857126e-03 1.175964722948257511e-03 1.193290601867811078e-03 1.180427695401166073e-03 1.137297512773990374e-03 1.065576288091181706e-03 9.686226440690160399e-04 8.512755734538023176e-04 7.195360099401669658e-04 5.801559267621003886e-04 4.401676626887097770e-04 3.063921148775403721e-04 1.849668948133058126e-04 8.093419066383428402e-05 -2.077030755009935323e-06 -6.204828014241093670e-05 -9.863302579886997368e-05 -1.130796133100097451e-04 -1.080255520159944214e-04 -8.718481020501584085e-05 -5.495931505507224094e-05 -1.601230131301656541e-05 2.515613129943055758e-05 6.459214730937729628e-05 9.919594149845867813e-05 1.269283829886866648e-04 1.469014146255904888e-04 1.593489436784762021e-04 1.654868117485041429e-04 1.672810716300851368e-04 1.671521742950946889e-04 1.676479893888164693e-04 1.711203966517205579e-04 1.794384215275035208e-04 1.937658497442742251e-04 2.144235784879659074e-04 2.408475344511092162e-04 2.716428492064886565e-04 3.047252006215370092e-04 3.375317936495425336e-04 3.672781691667870944e-04 3.912334389139051662e-04 4.069858851195852717e-04 4.126730559633020375e-04 4.071551622498977355e-04 3.901171296601511516e-04 3.620923186980588848e-04 3.244088556915222929e-04 2.790669101823424329e-04 2.285614001603058880e-04 1.756689731301835846e-04 1.232203808754862363e-04 7.387945622898422658e-05 2.994795424656333501e-05 -6.788124877017990763e-06 -3.515997632806959917e-05 -5.465995447810438872e-05 -6.542840228784807793e-05 -6.818879651017883611e-05 -6.414084308995187528e-05 -5.482409883715208803e-05 -4.196622612356230939e-05 -2.733009157098809441e-05 -1.257272175521122139e-05 8.731333624920328135e-07 1.188708906331238904e-05 1.971452982569925870e-05 2.398443317019546567e-05 2.469387668286627830e-05 2.216410937743714749e-05 1.697496734912187040e-05
