4.876870275271972377e-11 1.235095659409457829e-10 2.946270178416242442e-10 6.636652030735743009e-10 1.415140091938352516e-09 2.863324868673685345e-09 5.510449127015071386e-09 1.010998279345768660e-08 1.772312228956431608e-08 2.975180287803908500e-08 4.792961071059442310e-08 7.425468928914614041e-08 1.108568501913527067e-07 1.598036271441377070e-07 2.228642699224074175e-07 3.012629559243868660e-07 3.954592434087402774e-07 5.049927794720364201e-07 6.284203760221890860e-07 7.633587704800674762e-07 9.066291500078182198e-07 1.054483688254560652e-06 1.202883092274236474e-06 1.347789242692937726e-06 1.485438555338922014e-06 1.612568439867576033e-06 1.726579100145502801e-06 1.825623645306351964e-06 1.908629131403244576e-06 1.975258453090829375e-06 2.025827404894309279e-06 2.061192815996513236e-06 2.082626946940249658e-06 2.091691046786154301e-06 2.090117850353267651e-06 2.079709482567855606e-06 2.062254191232735950e-06 2.039462825026955821e-06 2.012924122317398358e-06 1.984076669695619193e-06 1.954194742403400765e-06 1.924385030675340493e-06 1.895591357987891133e-06 1.868604792477645911e-06 1.844076946159104835e-06 1.822534677429520482e-06 1.804394813374638823e-06 1.789977861887963553e-06 1.779519977041994423e-06 1.773182672776891477e-06 1.771059955235932531e-06 1.773182672776891477e-06 1.779519977041994423e-06 1.789977861887963553e-06 1.804394813374638823e-06 1.822534677429520482e-06 1.844076946159104835e-06 1.868604792477645911e-06 1.895591357987891133e-06 1.924385030675340493e-06 1.954194742403400765e-06 1.984076669695619193e-06 2.012924122317398358e-06 2.039462825026955821e-06 2.062254191232735950e-06 2.079709482567855606e-06 2.090117850353267651e-06 2.091691046786154301e-06 2.082626946940249658e-06 2.061192815996516624e-06 2.025827404894309279e-06 1.975258453090829375e-06 1.908629131403244576e-06 1.825623645306348576e-06 1.726579100145505977e-06 1.612568439867576033e-06 1.485438555338922014e-06 1.347789242692937726e-06 1.202883092274238591e-06 1.054483688254560652e-06 9.066291500078199139e-07 7.633587704800687468e-07 6.284203760221890860e-07 5.049927794720364201e-07 3.954592434087402774e-07 3.012629559243878718e-07 2.228642699224074175e-07 1.598036271441377070e-07 1.108568501913535008e-07 7.425468928914614041e-08 4.792961071059467456e-08 2.975180287803908500e-08 1.772312228956435248e-08 1.010998279345768660e-08 5.510449127015091238e-09 2.863324868673685345e-09 1.415140091938352516e-09 6.636652030735765756e-10 2.946270178416242442e-10 1.235095659409470753e-10 4.876870275271972377e-11
1.235095659409457829e-10 3.127951333105785028e-10 7.461599967627846626e-10 1.680770587180645168e-09 3.583924292330892033e-09 7.251536163899301511e-09 1.395553175298147308e-08 2.560411731314209156e-08 4.488483427991768232e-08 7.534816495036397230e-08 1.213845167176178695e-07 1.880543037957024975e-07 2.807513974308222466e-07 4.047119466031019578e-07 5.644166788981754078e-07 7.629658945199747760e-07 1.001523451390649169e-06 1.278923479104121830e-06 1.591511020182268450e-06 1.933250324029778278e-06 2.296090862917811039e-06 2.670541049420583017e-06 3.046371140069100194e-06 3.413354363533847968e-06 3.761959224794532193e-06 4.083923024731388878e-06 4.372661628974491722e-06 4.623497679374718502e-06 4.833713883207885232e-06 5.002456501651101980e-06 5.130525302640238252e-06 5.220090255735340766e-06 5.274373434490492893e-06 5.297328792628466604e-06 5.293344581493071045e-06 5.266984786895945932e-06 5.222778250029366504e-06 5.165057794319273718e-06 5.097846991749577170e-06 5.024789146231648222e-06 4.949111433661470946e-06 4.873616611192522572e-06 4.800694966474913795e-06 4.732349925408151442e-06 4.670231733180857209e-06 4.615674689216307333e-06 4.569734432264912116e-06 4.533222667140888919e-06 4.506737467718314483e-06 4.490687877410618717e-06 4.485311972223473424e-06 4.490687877410618717e-06 4.506737467718314483e-06 4.533222667140881296e-06 4.569734432264912116e-06 4.615674689216307333e-06 4.670231733180857209e-06 4.732349925408151442e-06 4.800694966474913795e-06 4.873616611192522572e-06 4.949111433661470946e-06 5.024789146231648222e-06 5.097846991749577170e-06 5.165057794319273718e-06 5.222778250029366504e-06 5.266984786895945932e-06 5.293344581493071045e-06 5.297328792628466604e-06 5.274373434490492893e-06 5.220090255735358553e-06 5.130525302640238252e-06 5.002456501651101980e-06 4.833713883207885232e-06 4.623497679374718502e-06 4.372661628974491722e-06 4.083923024731388878e-06 3.761959224794532193e-06 3.413354363533847968e-06 3.046371140069105699e-06 2.670541049420583017e-06 2.296090862917814851e-06 1.933250324029781666e-06 1.591511020182268450e-06 1.278923479104121830e-06 1.001523451390649169e-06 7.629658945199747760e-07 5.644166788981754078e-07 4.047119466031019578e-07 2.807513974308242583e-07 1.880543037957024975e-07 1.213845167176182931e-07 7.534816495036397230e-08 4.488483427991792055e-08 2.560411731314209156e-08 1.395553175298154753e-08 7.251536163899301511e-09 3.583924292330892033e-09 1.680770587180651165e-09 7.461599967627846626e-10 3.127951333105795885e-10 1.235095659409457829e-10
2.946270178416242442e-10 7.461599967627846626e-10 1.779934153311220488e-09 4.009409489899106832e-09 8.549304811940420506e-09 1.729824292121532664e-08 3.329035019636411581e-08 6.107757460701500720e-08 1.070709363235125337e-07 1.797399656458906262e-07 2.895577998368003823e-07 4.485958500259158341e-07 6.697209754543356424e-07 9.654237953484713932e-07 1.346392902095960806e-06 1.820023935026748713e-06 2.389093229610756522e-06 3.050819649679972316e-06 3.796484443663089568e-06 4.611689575385480689e-06 5.477230840227610360e-06 6.370466444604215778e-06 7.266993753880500642e-06 8.142417223338922096e-06 8.973999861459737502e-06 9.742031337448460459e-06 1.043080546806580268e-05 1.102916460675732108e-05 1.153062676287052590e-05 1.193315537736248157e-05 1.223865826393262576e-05 1.245231179621169153e-05 1.258180209887566452e-05 1.263656116680821789e-05 1.262705699410442926e-05 1.256417678224468640e-05 1.245872389665742050e-05 1.232103411040673053e-05 1.216070548989064688e-05 1.198642898757363055e-05 1.180590289955962233e-05 1.162581308840162382e-05 1.145186148752298540e-05 1.128882718746404262e-05 1.114064678062504126e-05 1.101050318370547011e-05 1.090091457976738024e-05 1.081381725744523518e-05 1.075063789750363369e-05 1.071235225627488310e-05 1.069952825433281789e-05 1.071235225627488310e-05 1.075063789750363369e-05 1.081381725744523518e-05 1.090091457976738024e-05 1.101050318370547011e-05 1.114064678062504126e-05 1.128882718746404262e-05 1.145186148752298540e-05 1.162581308840162382e-05 1.180590289955962233e-05 1.198642898757361022e-05 1.216070548989064688e-05 1.232103411040673053e-05 1.245872389665742050e-05 1.256417678224468640e-05 1.262705699410442926e-05 1.263656116680819586e-05 1.258180209887566452e-05 1.245231179621171524e-05 1.223865826393262576e-05 1.193315537736248157e-05 1.153062676287052590e-05 1.102916460675732108e-05 1.043080546806582132e-05 9.742031337448460459e-06 8.973999861459718867e-06 8.142417223338922096e-06 7.266993753880513347e-06 6.370466444604215778e-06 5.477230840227619677e-06 4.611689575385490006e-06 3.796484443663089568e-06 3.050819649679977399e-06 2.389093229610756522e-06 1.820023935026758242e-06 1.346392902095960806e-06 9.654237953484713932e-07 6.697209754543380776e-07 4.485958500259158341e-07 2.895577998368008587e-07 1.797399656458906262e-07 1.070709363235127322e-07 6.107757460701500720e-08 3.329035019636429449e-08 1.729824292121532664e-08 8.549304811940420506e-09 4.009409489899120894e-09 1.779934153311220488e-09 7.461599967627873510e-10 2.946270178416242442e-10
6.636652030735743009e-10 1.680770587180645168e-09 4.009409489899106832e-09 9.031437723574141720e-09 1.925782691526368479e-08 3.896533992444492682e-08 7.498853019425653740e-08 1.375809362350988905e-07 2.411837692923976859e-07 4.048751593614522240e-07 6.522464824781507647e-07 1.010489323370365603e-06 1.508587061816767842e-06 2.174675574174319619e-06 3.032831562197938823e-06 4.099714151427850832e-06 5.381577205671045406e-06 6.872156047257310341e-06 8.551811160182632847e-06 1.038811009588302719e-05 1.233779422026564357e-05 1.434986152187951253e-05 1.636934358815658871e-05 1.834128797699670330e-05 2.021447823783552590e-05 2.194451565671524284e-05 2.349602110457509844e-05 2.484386130673913226e-05 2.597343518665220748e-05 2.688015527171692509e-05 2.756831902784643882e-05 2.804958655017389464e-05 2.834127130007609542e-05 2.846461941731868661e-05 2.844321069264127010e-05 2.830156920680972337e-05 2.806403019480509909e-05 2.775387561148599371e-05 2.739272568276317340e-05 2.700015730546874622e-05 2.659351135785814095e-05 2.618784815029081921e-05 2.579601163316541047e-05 2.542876699739095482e-05 2.509498165578590207e-05 2.480182532100338826e-05 2.455497035291546345e-05 2.435877835895124943e-05 2.421646302394611584e-05 2.413022229813956309e-05 2.410133545702278110e-05 2.413022229813956309e-05 2.421646302394611584e-05 2.435877835895124943e-05 2.455497035291546345e-05 2.480182532100338826e-05 2.509498165578590207e-05 2.542876699739095482e-05 2.579601163316541047e-05 2.618784815029081921e-05 2.659351135785814095e-05 2.700015730546874622e-05 2.739272568276317340e-05 2.775387561148599371e-05 2.806403019480509909e-05 2.830156920680972337e-05 2.844321069264127010e-05 2.846461941731868661e-05 2.834127130007609542e-05 2.804958655017396918e-05 2.756831902784643882e-05 2.688015527171692509e-05 2.597343518665220748e-05 2.484386130673913226e-05 2.349602110457514248e-05 2.194451565671524284e-05 2.021447823783548863e-05 1.834128797699670330e-05 1.636934358815664970e-05 1.434986152187953625e-05 1.233779422026568761e-05 1.038811009588306276e-05 8.551811160182632847e-06 6.872156047257323047e-06 5.381577205671045406e-06 4.099714151427865232e-06 3.032831562197938823e-06 2.174675574174319619e-06 1.508587061816778430e-06 1.010489323370365603e-06 6.522464824781542587e-07 4.048751593614522240e-07 2.411837692923985330e-07 1.375809362350988905e-07 7.498853019425678886e-08 3.896533992444492682e-08 1.925782691526368479e-08 9.031437723574173152e-09 4.009409489899106832e-09 1.680770587180651165e-09 6.636652030735743009e-10
1.415140091938352516e-09 3.583924292330892033e-09 8.549304811940420506e-09 1.925782691526368479e-08 4.106366105257132894e-08 8.308619235680335334e-08 1.598988089505992551e-07 2.933652357408865492e-07 5.142786149850977542e-07 8.633194381577400377e-07 1.390791837369048465e-06 2.154676706499762869e-06 3.216775602320856150e-06 4.637082941399847716e-06 6.466937720835328122e-06 8.741862364191779649e-06 1.147519204914889326e-05 1.465356853951596090e-05 1.823511429469750673e-05 2.215067327331902001e-05 2.630800464801171136e-05 3.059835630876673283e-05 3.490451854795581884e-05 3.910931571194255880e-05 4.310353844000625577e-05 4.679251490083612223e-05 5.010080581613338878e-05 5.297481924756708156e-05 5.538342117044676603e-05 5.731682967009140935e-05 5.878420827696677749e-05 5.981041993103480836e-05 6.043238230284797536e-05 6.069539875326101575e-05 6.064974871093857224e-05 6.034772512381414655e-05 5.984121826202554412e-05 5.917987247574553727e-05 5.840978879353740736e-05 5.757271123249658014e-05 5.670561592446624191e-05 5.584061612306911581e-05 5.500509911494267268e-05 5.422201962663007741e-05 5.351028573306585063e-05 5.288518548577980432e-05 5.235881411567107254e-05 5.194047192281488694e-05 5.163701148021417286e-05 5.145311949961685691e-05 5.139152379322082934e-05 5.145311949961685691e-05 5.163701148021417286e-05 5.194047192281488694e-05 5.235881411567107254e-05 5.288518548577980432e-05 5.351028573306585063e-05 5.422201962663007741e-05 5.500509911494267268e-05 5.584061612306911581e-05 5.670561592446633677e-05 5.757271123249658014e-05 5.840978879353740736e-05 5.917987247574553727e-05 5.984121826202554412e-05 6.034772512381414655e-05 6.064974871093857224e-05 6.069539875326107674e-05 6.043238230284797536e-05 5.981041993103475415e-05 5.878420827696677749e-05 5.731682967009140935e-05 5.538342117044676603e-05 5.297481924756708156e-05 5.010080581613338878e-05 4.679251490083612223e-05 4.310353844000629642e-05 3.910931571194255880e-05 3.490451854795581884e-05 3.059835630876664474e-05 2.630800464801171136e-05 2.215067327331905728e-05 1.823511429469750673e-05 1.465356853951598631e-05 1.147519204914889326e-05 8.741862364191794896e-06 6.466937720835328122e-06 4.637082941399847716e-06 3.216775602320873091e-06 2.154676706499762869e-06 1.390791837369051006e-06 8.633194381577400377e-07 5.142786149851006129e-07 2.933652357408865492e-07 1.598988089506001021e-07 8.308619235680335334e-08 4.106366105257132894e-08 1.925782691526378736e-08 8.549304811940420506e-09 3.583924292330916848e-09 1.415140091938352516e-09
2.863324868673685345e-09 7.251536163899301511e-09 1.729824292121532664e-08 3.896533992444492682e-08 8.308619235680335334e-08 1.681125156257707680e-07 3.235313865727858980e-07 5.935807909665173263e-07 1.040566058514324282e-06 1.746798095092154984e-06 2.814059807769644499e-06 4.359666885857294749e-06 6.508665560066206261e-06 9.382445582490859528e-06 1.308488375512601766e-05 1.768785440290054009e-05 2.321833926853785474e-05 2.964930995385733968e-05 3.689603350265969914e-05 4.481858298176379226e-05 5.323032283726462899e-05 6.191120939795035185e-05 7.062408630551159951e-05 7.913186610481099705e-05 8.721357994603304395e-05 9.467767350144771555e-05 1.013715066452765295e-04 1.071866440850295735e-04 1.120600907662483122e-04 1.159720544438195904e-04 1.189410761546461185e-04 1.210174623487442615e-04 1.222759104251835429e-04 1.228080849764016957e-04 1.227157189257311687e-04 1.221046192523731161e-04 1.210797781770793041e-04 1.197416436365943300e-04 1.181834941849692897e-04 1.164897926135197826e-04 1.147353546090162555e-04 1.129851565495819491e-04 1.112946125241551985e-04 1.097101679975624131e-04 1.082700806387700535e-04 1.070052835394125939e-04 1.059402495948750741e-04 1.050937965749626670e-04 1.044797896388951651e-04 1.041077116487417511e-04 1.039830819255560307e-04 1.041077116487417511e-04 1.044797896388951651e-04 1.050937965749626670e-04 1.059402495948750741e-04 1.070052835394125939e-04 1.082700806387700535e-04 1.097101679975624131e-04 1.112946125241551985e-04 1.129851565495819491e-04 1.147353546090164588e-04 1.164897926135197826e-04 1.181834941849692897e-04 1.197416436365941267e-04 1.210797781770793041e-04 1.221046192523731161e-04 1.227157189257311687e-04 1.228080849764018041e-04 1.222759104251835429e-04 1.210174623487442615e-04 1.189410761546461185e-04 1.159720544438195904e-04 1.120600907662484071e-04 1.071866440850294922e-04 1.013715066452765295e-04 9.467767350144771555e-05 8.721357994603304395e-05 7.913186610481099705e-05 7.062408630551165372e-05 6.191120939795024343e-05 5.323032283726462899e-05 4.481858298176387358e-05 3.689603350265969914e-05 2.964930995385739050e-05 2.321833926853785474e-05 1.768785440290057058e-05 1.308488375512601766e-05 9.382445582490859528e-06 6.508665560066241836e-06 4.359666885857294749e-06 2.814059807769654663e-06 1.746798095092154984e-06 1.040566058514329788e-06 5.935807909665173263e-07 3.235313865727865333e-07 1.681125156257707680e-07 8.308619235680335334e-08 3.896533992444499300e-08 1.729824292121532664e-08 7.251536163899366031e-09 2.863324868673685345e-09
5.510449127015071386e-09 1.395553175298147308e-08 3.329035019636411581e-08 7.498853019425653740e-08 1.598988089505992551e-07 3.235313865727858980e-07 6.226339407752170035e-07 1.142342172618879899e-06 2.002562263009229810e-06 3.361700987366769733e-06 5.415638854237069268e-06 8.390149105356941458e-06 1.252588235651833139e-05 1.805645235542263546e-05 2.518176929707830559e-05 3.404015482825067669e-05 4.468353512827861579e-05 5.705989422971482968e-05 7.100616413785645474e-05 8.625305642677949752e-05 1.024413922494253138e-04 1.191476990654607407e-04 1.359155710852710754e-04 1.522887351229244369e-04 1.678419381381925177e-04 1.822065351374303776e-04 1.950887712425084148e-04 2.062799634746366017e-04 2.156588782823427148e-04 2.231874256252685531e-04 2.289012876021287403e-04 2.328972786319256135e-04 2.353191533483008015e-04 2.363433196324910717e-04 2.361655617996822004e-04 2.349895046577149050e-04 2.330172050173682304e-04 2.304419742459260510e-04 2.274433262827125699e-04 2.241838091919604861e-04 2.208074052511821146e-04 2.174391610556913965e-04 2.141857206406652886e-04 2.111364679855129239e-04 2.083650297125101908e-04 2.059309363449511750e-04 2.038812858026301737e-04 2.022522927548394821e-04 2.010706406056715070e-04 2.003545790583235347e-04 2.001147300084155220e-04 2.003545790583235347e-04 2.010706406056715070e-04 2.022522927548394821e-04 2.038812858026301737e-04 2.059309363449511750e-04 2.083650297125101908e-04 2.111364679855129239e-04 2.141857206406652886e-04 2.174391610556913965e-04 2.208074052511821146e-04 2.241838091919604861e-04 2.274433262827125699e-04 2.304419742459256444e-04 2.330172050173682304e-04 2.349895046577149050e-04 2.361655617996822004e-04 2.363433196324910717e-04 2.353191533483008015e-04 2.328972786319256135e-04 2.289012876021287403e-04 2.231874256252685531e-04 2.156588782823427148e-04 2.062799634746366017e-04 1.950887712425085775e-04 1.822065351374303776e-04 1.678419381381926804e-04 1.522887351229244369e-04 1.359155710852714548e-04 1.191476990654607407e-04 1.024413922494251376e-04 8.625305642677972792e-05 7.100616413785645474e-05 5.705989422971497876e-05 4.468353512827861579e-05 3.404015482825083254e-05 2.518176929707830559e-05 1.805645235542263546e-05 1.252588235651842117e-05 8.390149105356941458e-06 5.415638854237087902e-06 3.361700987366769733e-06 2.002562263009237434e-06 1.142342172618879899e-06 6.226339407752192269e-07 3.235313865727858980e-07 1.598988089505992551e-07 7.498853019425678886e-08 3.329035019636411581e-08 1.395553175298157234e-08 5.510449127015071386e-09
1.010998279345768660e-08 2.560411731314209156e-08 6.107757460701500720e-08 1.375809362350988905e-07 2.933652357408865492e-07 5.935807909665173263e-07 1.142342172618879899e-06 2.095847260942583164e-06 3.674087094388600174e-06 6.167689485128760991e-06 9.936035043585661017e-06 1.539334837043514664e-05 2.298114948134415489e-05 3.312804789890090189e-05 4.620081747133187623e-05 6.245323596457365214e-05 8.198057197970471364e-05 1.046873921820267041e-04 1.302745168526803850e-04 1.582478843843778825e-04 1.879485118376465497e-04 2.185994570798969474e-04 2.493633555745028429e-04 2.794030860718976642e-04 3.079384397686823582e-04 3.342930662518991416e-04 3.579280154840949421e-04 3.784604182514859135e-04 3.956678481980495485e-04 4.094804217909286709e-04 4.199636047291480817e-04 4.272950217557561128e-04 4.317384185000296398e-04 4.336174492781273617e-04 4.332913182151819430e-04 4.311336143338199739e-04 4.275150498633317276e-04 4.227902918284874101e-04 4.172886932086767469e-04 4.113084798099304342e-04 4.051138149181551687e-04 3.989341206544650830e-04 3.929650560905254019e-04 3.873706133934028020e-04 3.822858748163202448e-04 3.778200605974666717e-04 3.740595809636239333e-04 3.710708787173609561e-04 3.689029097150935111e-04 3.675891565606992806e-04 3.671491071724003940e-04 3.675891565606992806e-04 3.689029097150935111e-04 3.710708787173609561e-04 3.740595809636239333e-04 3.778200605974666717e-04 3.822858748163202448e-04 3.873706133934028020e-04 3.929650560905254019e-04 3.989341206544650830e-04 4.051138149181558734e-04 4.113084798099304342e-04 4.172886932086767469e-04 4.227902918284874101e-04 4.275150498633317276e-04 4.311336143338199739e-04 4.332913182151819430e-04 4.336174492781277412e-04 4.317384185000296398e-04 4.272950217557561128e-04 4.199636047291480817e-04 4.094804217909286709e-04 3.956678481980495485e-04 3.784604182514859135e-04 3.579280154840952673e-04 3.342930662518991416e-04 3.079384397686826293e-04 2.794030860718976642e-04 2.493633555745034935e-04 2.185994570798969474e-04 1.879485118376465497e-04 1.582478843843783162e-04 1.302745168526803850e-04 1.046873921820269752e-04 8.198057197970471364e-05 6.245323596457381477e-05 4.620081747133187623e-05 3.312804789890090189e-05 2.298114948134429719e-05 1.539334837043514664e-05 9.936035043585694898e-06 6.167689485128760991e-06 3.674087094388612879e-06 2.095847260942583164e-06 1.142342172618883923e-06 5.935807909665173263e-07 2.933652357408865492e-07 1.375809362350998699e-07 6.107757460701500720e-08 2.560411731314227354e-08 1.010998279345768660e-08
1.772312228956431608e-08 4.488483427991768232e-08 1.070709363235125337e-07 2.411837692923976859e-07 5.142786149850977542e-07 1.040566058514324282e-06 2.002562263009229810e-06 3.674087094388600174e-06 6.440791859556552771e-06 1.081215638267291004e-05 1.741818633606575679e-05 2.698503065619777818e-05 4.028668801258363891e-05 5.807452456859815389e-05 8.099150657824321818e-05 1.094825145593148006e-04 1.437145574080459626e-04 1.835203374449144908e-04 2.283753830805784703e-04 2.774135885596251444e-04 3.294797357712409523e-04 3.832118203768321144e-04 4.371419156363889696e-04 4.898025212998720953e-04 5.398259064505722248e-04 5.860264072427292473e-04 6.274592270711587755e-04 6.634531839926821389e-04 6.936183575110190652e-04 7.178322395641737906e-04 7.362095936105296935e-04 7.490618014898992733e-04 7.568512177024338877e-04 7.601452185871473456e-04 7.595735004320236603e-04 7.557909767091545257e-04 7.494475177801610682e-04 7.411648662513827934e-04 7.315203884002342187e-04 7.210368835764419245e-04 7.101774384455512281e-04 6.993442373031734946e-04 6.888802767423833542e-04 6.790730402624934074e-04 6.701593313617798444e-04 6.623306166013127969e-04 6.557383758646481101e-04 6.504990855038478379e-04 6.466985666966318077e-04 6.443955155155059065e-04 6.436240949026720681e-04 6.443955155155059065e-04 6.466985666966318077e-04 6.504990855038478379e-04 6.557383758646481101e-04 6.623306166013127969e-04 6.701593313617798444e-04 6.790730402624934074e-04 6.888802767423833542e-04 6.993442373031734946e-04 7.101774384455517702e-04 7.210368835764419245e-04 7.315203884002342187e-04 7.411648662513827934e-04 7.494475177801610682e-04 7.557909767091545257e-04 7.595735004320236603e-04 7.601452185871473456e-04 7.568512177024338877e-04 7.490618014898985143e-04 7.362095936105296935e-04 7.178322395641737906e-04 6.936183575110190652e-04 6.634531839926815968e-04 6.274592270711593176e-04 5.860264072427292473e-04 5.398259064505726585e-04 4.898025212998720953e-04 4.371419156363889696e-04 3.832118203768317892e-04 3.294797357712406813e-04 2.774135885596261202e-04 2.283753830805784703e-04 1.835203374449148161e-04 1.437145574080459626e-04 1.094825145593148955e-04 8.099150657824321818e-05 5.807452456859815389e-05 4.028668801258388963e-05 2.698503065619777818e-05 1.741818633606582117e-05 1.081215638267291004e-05 6.440791859556575640e-06 3.674087094388600174e-06 2.002562263009237434e-06 1.040566058514324282e-06 5.142786149850977542e-07 2.411837692923985330e-07 1.070709363235125337e-07 4.488483427991807937e-08 1.772312228956431608e-08
2.975180287803908500e-08 7.534816495036397230e-08 1.797399656458906262e-07 4.048751593614522240e-07 8.633194381577400377e-07 1.746798095092154984e-06 3.361700987366769733e-06 6.167689485128760991e-06 1.081215638267291004e-05 1.815036538867807880e-05 2.923990693607757122e-05 4.529976714169440150e-05 6.762925746245108385e-05 9.748969617041696942e-05 1.359604306251463196e-04 1.837882816888723107e-04 2.412536071720539294e-04 3.080755644837647922e-04 3.833737232412375733e-04 4.656941518354951355e-04 5.530975857874837398e-04 6.432976286068562690e-04 7.338300718830023574e-04 8.222314231539710463e-04 9.062056727235396226e-04 9.837624468617127849e-04 1.053315715641140295e-03 1.113738766028844708e-03 1.164377038542930426e-03 1.205024878917068101e-03 1.235874940552598566e-03 1.257449940099926618e-03 1.270526031992990409e-03 1.276055670811753048e-03 1.275095927625697787e-03 1.268746205587693637e-03 1.258097441981774868e-03 1.244193356033172770e-03 1.228003172430030187e-03 1.210404514366710243e-03 1.192174765363094571e-03 1.173989072139280943e-03 1.156423223027495950e-03 1.139959816537330006e-03 1.124996374667813119e-03 1.111854312307899387e-03 1.100787918716669136e-03 1.091992722729836227e-03 1.085612792346285060e-03 1.081746660654623639e-03 1.080451676981086274e-03 1.081746660654623639e-03 1.085612792346285060e-03 1.091992722729836227e-03 1.100787918716669136e-03 1.111854312307899387e-03 1.124996374667813119e-03 1.139959816537330006e-03 1.156423223027495950e-03 1.173989072139280943e-03 1.192174765363096306e-03 1.210404514366710243e-03 1.228003172430030187e-03 1.244193356033172770e-03 1.258097441981774868e-03 1.268746205587693637e-03 1.275095927625697787e-03 1.276055670811754783e-03 1.270526031992990409e-03 1.257449940099926184e-03 1.235874940552598566e-03 1.205024878917068101e-03 1.164377038542930426e-03 1.113738766028844708e-03 1.053315715641141162e-03 9.837624468617127849e-04 9.062056727235404899e-04 8.222314231539710463e-04 7.338300718830036585e-04 6.432976286068562690e-04 5.530975857874837398e-04 4.656941518354963281e-04 3.833737232412375733e-04 3.080755644837653343e-04 2.412536071720539294e-04 1.837882816888727986e-04 1.359604306251463196e-04 9.748969617041696942e-05 6.762925746245151753e-05 4.529976714169440150e-05 2.923990693607770336e-05 1.815036538867807880e-05 1.081215638267294901e-05 6.167689485128760991e-06 3.361700987366782015e-06 1.746798095092154984e-06 8.633194381577400377e-07 4.048751593614550827e-07 1.797399656458906262e-07 7.534816495036438258e-08 2.975180287803908500e-08
4.792961071059442310e-08 1.213845167176178695e-07 2.895577998368003823e-07 6.522464824781507647e-07 1.390791837369048465e-06 2.814059807769644499e-06 5.415638854237069268e-06 9.936035043585661017e-06 1.741818633606575679e-05 2.923990693607757122e-05 4.710495570319469177e-05 7.297709699416686502e-05 1.089494978206676266e-04 1.570541188679116119e-04 2.190297690066423883e-04 2.960795629974717039e-04 3.886551521493999159e-04 4.963041041809533984e-04 6.176080618357069783e-04 7.502247678627701859e-04 8.910301026272118624e-04 1.036340723167879490e-03 1.182186834769659864e-03 1.324599796097645577e-03 1.459880777491706205e-03 1.584823323247680537e-03 1.696872368137932992e-03 1.794212798057458333e-03 1.875790129643256426e-03 1.941273057630686768e-03 1.990971943128486132e-03 2.025728873107610160e-03 2.046794218176602436e-03 2.055702365257299630e-03 2.054156236524249529e-03 2.043926950364698559e-03 2.026771986805915755e-03 2.004372758445369801e-03 1.978290668542696199e-03 1.949939552025100253e-03 1.920571759536126742e-03 1.891274940103274170e-03 1.862976678207005875e-03 1.836454431226592146e-03 1.812348599837598946e-03 1.791176977552149264e-03 1.773349219719382898e-03 1.759180319720268868e-03 1.748902368468111153e-03 1.742674100967925689e-03 1.740587905936193504e-03 1.742674100967925689e-03 1.748902368468111153e-03 1.759180319720268868e-03 1.773349219719382898e-03 1.791176977552149264e-03 1.812348599837598946e-03 1.836454431226592146e-03 1.862976678207005875e-03 1.891274940103274170e-03 1.920571759536127609e-03 1.949939552025100253e-03 1.978290668542694464e-03 2.004372758445368934e-03 2.026771986805915755e-03 2.043926950364698559e-03 2.054156236524249529e-03 2.055702365257302232e-03 2.046794218176602436e-03 2.025728873107610160e-03 1.990971943128486132e-03 1.941273057630686768e-03 1.875790129643257077e-03 1.794212798057458333e-03 1.696872368137933643e-03 1.584823323247680537e-03 1.459880777491706855e-03 1.324599796097645577e-03 1.182186834769662466e-03 1.036340723167879490e-03 8.910301026272118624e-04 7.502247678627722459e-04 6.176080618357069783e-04 4.963041041809542657e-04 3.886551521493999159e-04 2.960795629974727881e-04 2.190297690066423883e-04 1.570541188679116119e-04 1.089494978206683042e-04 7.297709699416686502e-05 4.710495570319486118e-05 2.923990693607757122e-05 1.741818633606582117e-05 9.936035043585661017e-06 5.415638854237087902e-06 2.814059807769644499e-06 1.390791837369048465e-06 6.522464824781554233e-07 2.895577998368003823e-07 1.213845167176187430e-07 4.792961071059442310e-08
7.425468928914614041e-08 1.880543037957024975e-07 4.485958500259158341e-07 1.010489323370365603e-06 2.154676706499762869e-06 4.359666885857294749e-06 8.390149105356941458e-06 1.539334837043514664e-05 2.698503065619777818e-05 4.529976714169440150e-05 7.297709699416686502e-05 1.130593714863605562e-04 1.687894182519188570e-04 2.433152413553738079e-04 3.393306810035628864e-04 4.586996562103054075e-04 6.021218853150490848e-04 7.688964400609802014e-04 9.568259381657167858e-04 1.162281650294272675e-03 1.380423551056190025e-03 1.605545241357656189e-03 1.831496538279550872e-03 2.052129045770777552e-03 2.261712372053171181e-03 2.455278933027848533e-03 2.628870307756709605e-03 2.779674440562832083e-03 2.906057678818556138e-03 3.007506749640558464e-03 3.084502478292290573e-03 3.138349463443663567e-03 3.170984834974454984e-03 3.184785733496530314e-03 3.182390401947375342e-03 3.166542735876945805e-03 3.139965501679994192e-03 3.105263618698474431e-03 3.064856082458949742e-03 3.020933269049802354e-03 2.975435375909293943e-03 2.930047437390823940e-03 2.886206508716935432e-03 2.845117061513369790e-03 2.807771233051412508e-03 2.774971212119764670e-03 2.747351655044963457e-03 2.725400563613072664e-03 2.709477503412016132e-03 2.699828393786894189e-03 2.696596367455339482e-03 2.699828393786894189e-03 2.709477503412016132e-03 2.725400563613072664e-03 2.747351655044963457e-03 2.774971212119764670e-03 2.807771233051412508e-03 2.845117061513369790e-03 2.886206508716935432e-03 2.930047437390823940e-03 2.975435375909292642e-03 3.020933269049804089e-03 3.064856082458948441e-03 3.105263618698474431e-03 3.139965501679994192e-03 3.166542735876945805e-03 3.182390401947375342e-03 3.184785733496528579e-03 3.170984834974454984e-03 3.138349463443663567e-03 3.084502478292290573e-03 3.007506749640558464e-03 2.906057678818556138e-03 2.779674440562832083e-03 2.628870307756710906e-03 2.455278933027848533e-03 2.261712372053174217e-03 2.052129045770777552e-03 1.831496538279554125e-03 1.605545241357656189e-03 1.380423551056190025e-03 1.162281650294275928e-03 9.568259381657167858e-04 7.688964400609815024e-04 6.021218853150490848e-04 4.586996562103061665e-04 3.393306810035628864e-04 2.433152413553738079e-04 1.687894182519197514e-04 1.130593714863605562e-04 7.297709699416724449e-05 4.529976714169440150e-05 2.698503065619787305e-05 1.539334837043514664e-05 8.390149105356970257e-06 4.359666885857294749e-06 2.154676706499762869e-06 1.010489323370370897e-06 4.485958500259158341e-07 1.880543037957031592e-07 7.425468928914614041e-08
1.108568501913527067e-07 2.807513974308222466e-07 6.697209754543356424e-07 1.508587061816767842e-06 3.216775602320856150e-06 6.508665560066206261e-06 1.252588235651833139e-05 2.298114948134415489e-05 4.028668801258363891e-05 6.762925746245108385e-05 1.089494978206676266e-04 1.687894182519188570e-04 2.519903245460565922e-04 3.632519578012450906e-04 5.065960255097342983e-04 6.848052231869416117e-04 8.989241794196288406e-04 1.147906459302411178e-03 1.428471530914370360e-03 1.735201965294117226e-03 2.060871956573111664e-03 2.396962265959427102e-03 2.734291117688574836e-03 3.063679403660064717e-03 3.376572065749336091e-03 3.665552862214157149e-03 3.924712158509823662e-03 4.149851760045651823e-03 4.338532742272328650e-03 4.489988826107973140e-03 4.604937848698071809e-03 4.685327480966782442e-03 4.734049716927399981e-03 4.754653454612035694e-03 4.751077398833671202e-03 4.727417986071047115e-03 4.687740108511029291e-03 4.635932721262254509e-03 4.575607208700164553e-03 4.510033643007627276e-03 4.442108597839651216e-03 4.374347706924817079e-03 4.308896389186138605e-03 4.247552833153550415e-03 4.191798227609943965e-03 4.142830182069630329e-03 4.101596192266372849e-03 4.068824809371936191e-03 4.045052838656084185e-03 4.030647419814092393e-03 4.025822239582626388e-03 4.030647419814092393e-03 4.045052838656084185e-03 4.068824809371936191e-03 4.101596192266372849e-03 4.142830182069630329e-03 4.191798227609943965e-03 4.247552833153550415e-03 4.308896389186138605e-03 4.374347706924817079e-03 4.442108597839648614e-03 4.510033643007631612e-03 4.575607208700162819e-03 4.635932721262252774e-03 4.687740108511029291e-03 4.727417986071047115e-03 4.751077398833671202e-03 4.754653454612033960e-03 4.734049716927399981e-03 4.685327480966782442e-03 4.604937848698071809e-03 4.489988826107974874e-03 4.338532742272325181e-03 4.149851760045655293e-03 3.924712158509823662e-03 3.665552862214157149e-03 3.376572065749337392e-03 3.063679403660064717e-03 2.734291117688578739e-03 2.396962265959424934e-03 2.060871956573114266e-03 1.735201965294120262e-03 1.428471530914370360e-03 1.147906459302413130e-03 8.989241794196288406e-04 6.848052231869441054e-04 5.065960255097342983e-04 3.632519578012450906e-04 2.519903245460581643e-04 1.687894182519188570e-04 1.089494978206680061e-04 6.762925746245108385e-05 4.028668801258385575e-05 2.298114948134415489e-05 1.252588235651837713e-05 6.508665560066206261e-06 3.216775602320856150e-06 1.508587061816773136e-06 6.697209754543356424e-07 2.807513974308242583e-07 1.108568501913527067e-07
1.598036271441377070e-07 4.047119466031019578e-07 9.654237953484713932e-07 2.174675574174319619e-06 4.637082941399847716e-06 9.382445582490859528e-06 1.805645235542263546e-05 3.312804789890090189e-05 5.807452456859815389e-05 9.748969617041696942e-05 1.570541188679116119e-04 2.433152413553738079e-04 3.632519578012450906e-04 5.236390924299977974e-04 7.302740627531780285e-04 9.871682116497683141e-04 1.295827403997714452e-03 1.654743171054110298e-03 2.059186523144255522e-03 2.501348066474882049e-03 2.970811575212046682e-03 3.455296299387605480e-03 3.941566421203585545e-03 4.416389968383354139e-03 4.867434556267115180e-03 5.284009439735003720e-03 5.657595695204854259e-03 5.982141493476303938e-03 6.254131048302152655e-03 6.472459744347591228e-03 6.638162366376479905e-03 6.754046543124682042e-03 6.824281174684568643e-03 6.853982108898808157e-03 6.848827112312974932e-03 6.814721326616907278e-03 6.757524421414142293e-03 6.682842447490794889e-03 6.595881328713639261e-03 6.501354976716865360e-03 6.403438893290032234e-03 6.305759443368653613e-03 6.211409315632291338e-03 6.122980655256265135e-03 6.042608642336185637e-03 5.972019668556086645e-03 5.912579578739258178e-03 5.865338602254538229e-03 5.831070560737929877e-03 5.810304697577401735e-03 5.803349048907234346e-03 5.810304697577401735e-03 5.831070560737929877e-03 5.865338602254538229e-03 5.912579578739258178e-03 5.972019668556086645e-03 6.042608642336185637e-03 6.122980655256265135e-03 6.211409315632291338e-03 6.305759443368653613e-03 6.403438893290032234e-03 6.501354976716867962e-03 6.595881328713639261e-03 6.682842447490791420e-03 6.757524421414142293e-03 6.814721326616907278e-03 6.848827112312974932e-03 6.853982108898805554e-03 6.824281174684568643e-03 6.754046543124682042e-03 6.638162366376479905e-03 6.472459744347591228e-03 6.254131048302149186e-03 5.982141493476309142e-03 5.657595695204854259e-03 5.284009439735003720e-03 4.867434556267119516e-03 4.416389968383354139e-03 3.941566421203587280e-03 3.455296299387600710e-03 2.970811575212050151e-03 2.501348066474884651e-03 2.059186523144255522e-03 1.654743171054113117e-03 1.295827403997714452e-03 9.871682116497706994e-04 7.302740627531780285e-04 5.236390924299977974e-04 3.632519578012473674e-04 2.433152413553738079e-04 1.570541188679121811e-04 9.748969617041696942e-05 5.807452456859835718e-05 3.312804789890090189e-05 1.805645235542269644e-05 9.382445582490859528e-06 4.637082941399847716e-06 2.174675574174327666e-06 9.654237953484713932e-07 4.047119466031033872e-07 1.598036271441377070e-07
2.228642699224074175e-07 5.644166788981754078e-07 1.346392902095960806e-06 3.032831562197938823e-06 6.466937720835328122e-06 1.308488375512601766e-05 2.518176929707830559e-05 4.620081747133187623e-05 8.099150657824321818e-05 1.359604306251463196e-04 2.190297690066423883e-04 3.393306810035628864e-04 5.065960255097342983e-04 7.302740627531780285e-04 1.018449948523135517e-03 1.376717955103092927e-03 1.807178181737493540e-03 2.307726897797089671e-03 2.871768991204900947e-03 3.488413377212885597e-03 4.143133448338368399e-03 4.818802306871568589e-03 5.496961104768254697e-03 6.159156356999542607e-03 6.788189155425952519e-03 7.369150044307056814e-03 7.890158419187292063e-03 8.342774318342776468e-03 8.722094579378586454e-03 9.026578691015111830e-03 9.257669777886303603e-03 9.419283396476152773e-03 9.517233550459485228e-03 9.558654869474351654e-03 9.551465642476907048e-03 9.503901258832296237e-03 9.424133691927585876e-03 9.319981214964223257e-03 9.198704078804945464e-03 9.066876367490305302e-03 8.930321291510084913e-03 8.794096227772853908e-03 8.662514281162318752e-03 8.539190491914755779e-03 8.427102610671161759e-03 8.328658286301202432e-03 8.245762344213468722e-03 8.179879448294014033e-03 8.132088780517861271e-03 8.103128430773074570e-03 8.093427990361197824e-03 8.103128430773074570e-03 8.132088780517861271e-03 8.179879448294014033e-03 8.245762344213468722e-03 8.328658286301202432e-03 8.427102610671161759e-03 8.539190491914755779e-03 8.662514281162318752e-03 8.794096227772853908e-03 8.930321291510083179e-03 9.066876367490308772e-03 9.198704078804943729e-03 9.319981214964221522e-03 9.424133691927585876e-03 9.503901258832296237e-03 9.551465642476907048e-03 9.558654869474346449e-03 9.517233550459485228e-03 9.419283396476152773e-03 9.257669777886303603e-03 9.026578691015113565e-03 8.722094579378579515e-03 8.342774318342785142e-03 7.890158419187292063e-03 7.369150044307056814e-03 6.788189155425958590e-03 6.159156356999542607e-03 5.496961104768257299e-03 4.818802306871562517e-03 4.143133448338373603e-03 3.488413377212888633e-03 2.871768991204900947e-03 2.307726897797093574e-03 1.807178181737493540e-03 1.376717955103094878e-03 1.018449948523135517e-03 7.302740627531780285e-04 5.065960255097374425e-04 3.393306810035628864e-04 2.190297690066431743e-04 1.359604306251463196e-04 8.099150657824348923e-05 4.620081747133187623e-05 2.518176929707839707e-05 1.308488375512601766e-05 6.466937720835328122e-06 3.032831562197954917e-06 1.346392902095960806e-06 5.644166788981783724e-07 2.228642699224074175e-07
3.012629559243868660e-07 7.629658945199747760e-07 1.820023935026748713e-06 4.099714151427850832e-06 8.741862364191779649e-06 1.768785440290054009e-05 3.404015482825067669e-05 6.245323596457365214e-05 1.094825145593148006e-04 1.837882816888723107e-04 2.960795629974717039e-04 4.586996562103054075e-04 6.848052231869416117e-04 9.871682116497683141e-04 1.376717955103092927e-03 1.861016666210950831e-03 2.442903212353637454e-03 3.119533817325771587e-03 3.881993355523520595e-03 4.715559501176306428e-03 5.600595509859811368e-03 6.513949622740425847e-03 7.430669580190834601e-03 8.325810372188355984e-03 9.176122897804546083e-03 9.961452886867920228e-03 1.066574040290819113e-02 1.127757649366168714e-02 1.179033317341767438e-02 1.220192801334230547e-02 1.251431179717106025e-02 1.273277748694253038e-02 1.286518432332120140e-02 1.292117673973254381e-02 1.291145850281275737e-02 1.284716202846769399e-02 1.273933400829659925e-02 1.259854300986624001e-02 1.243460327857549320e-02 1.225640151479692394e-02 1.207180940476240520e-02 1.188766339792714753e-02 1.170979385340134050e-02 1.154308750205371333e-02 1.139156960087330493e-02 1.125849475597331777e-02 1.114643786791233958e-02 1.105737883670709215e-02 1.099277647651334365e-02 1.095362852080130484e-02 1.094051568152353167e-02 1.095362852080130484e-02 1.099277647651334365e-02 1.105737883670709215e-02 1.114643786791233958e-02 1.125849475597331777e-02 1.139156960087330493e-02 1.154308750205371333e-02 1.170979385340134050e-02 1.188766339792714753e-02 1.207180940476240173e-02 1.225640151479693435e-02 1.243460327857548973e-02 1.259854300986623481e-02 1.273933400829659925e-02 1.284716202846769399e-02 1.291145850281275737e-02 1.292117673973253861e-02 1.286518432332120140e-02 1.273277748694253211e-02 1.251431179717106025e-02 1.220192801334230893e-02 1.179033317341767612e-02 1.127757649366169235e-02 1.066574040290819980e-02 9.961452886867920228e-03 9.176122897804551287e-03 8.325810372188355984e-03 7.430669580190847612e-03 6.513949622740425847e-03 5.600595509859808765e-03 4.715559501176321174e-03 3.881993355523520595e-03 3.119533817325775490e-03 2.442903212353637454e-03 1.861016666210954301e-03 1.376717955103092927e-03 9.871682116497683141e-04 6.848052231869452980e-04 4.586996562103054075e-04 2.960795629974730049e-04 1.837882816888723107e-04 1.094825145593151936e-04 6.245323596457365214e-05 3.404015482825079866e-05 1.768785440290054009e-05 8.741862364191779649e-06 4.099714151427872008e-06 1.820023935026748713e-06 7.629658945199762583e-07 3.012629559243868660e-07
3.954592434087402774e-07 1.001523451390649169e-06 2.389093229610756522e-06 5.381577205671045406e-06 1.147519204914889326e-05 2.321833926853785474e-05 4.468353512827861579e-05 8.198057197970471364e-05 1.437145574080459626e-04 2.412536071720539294e-04 3.886551521493999159e-04 6.021218853150490848e-04 8.989241794196288406e-04 1.295827403997714452e-03 1.807178181737493540e-03 2.442903212353637454e-03 3.206728995650632956e-03 4.094922588150059876e-03 5.095781360116490195e-03 6.189979736679343363e-03 7.351741126524137700e-03 8.550674879715778817e-03 9.754026880557254559e-03 1.092905252969975441e-02 1.204523339903156021e-02 1.307611355603016667e-02 1.400061158261599152e-02 1.480375127430866473e-02 1.547683226432582451e-02 1.601712100805171429e-02 1.642717824335642243e-02 1.671395188973024554e-02 1.688775854702665932e-02 1.696125818644537292e-02 1.694850133551501284e-02 1.686410119736882207e-02 1.672255844730091701e-02 1.653774614089838571e-02 1.632254715666899350e-02 1.608862681136220829e-02 1.584631804177091818e-02 1.560459485905711305e-02 1.537111060843691229e-02 1.515227996139276688e-02 1.495338675734838099e-02 1.477870322442144564e-02 1.463160936073893206e-02 1.451470412427838946e-02 1.442990245855002400e-02 1.437851405966978843e-02 1.436130121156565555e-02 1.437851405966978843e-02 1.442990245855002400e-02 1.451470412427838946e-02 1.463160936073893206e-02 1.477870322442144564e-02 1.495338675734838099e-02 1.515227996139276688e-02 1.537111060843691229e-02 1.560459485905711305e-02 1.584631804177091471e-02 1.608862681136222217e-02 1.632254715666899003e-02 1.653774614089837877e-02 1.672255844730091701e-02 1.686410119736882207e-02 1.694850133551501284e-02 1.696125818644536251e-02 1.688775854702665932e-02 1.671395188973025248e-02 1.642717824335642243e-02 1.601712100805171776e-02 1.547683226432582104e-02 1.480375127430867167e-02 1.400061158261599499e-02 1.307611355603016667e-02 1.204523339903156541e-02 1.092905252969975441e-02 9.754026880557261497e-03 8.550674879715770144e-03 7.351741126524143771e-03 6.189979736679353771e-03 5.095781360116490195e-03 4.094922588150065081e-03 3.206728995650632956e-03 2.442903212353645260e-03 1.807178181737493540e-03 1.295827403997714452e-03 8.989241794196337195e-04 6.021218853150490848e-04 3.886551521494016506e-04 2.412536071720539294e-04 1.437145574080464776e-04 8.198057197970471364e-05 4.468353512827881907e-05 2.321833926853785474e-05 1.147519204914889326e-05 5.381577205671074205e-06 2.389093229610756522e-06 1.001523451390656369e-06 3.954592434087402774e-07
5.049927794720364201e-07 1.278923479104121830e-06 3.050819649679972316e-06 6.872156047257310341e-06 1.465356853951596090e-05 2.964930995385733968e-05 5.705989422971482968e-05 1.046873921820267041e-04 1.835203374449144908e-04 3.080755644837647922e-04 4.963041041809533984e-04 7.688964400609802014e-04 1.147906459302411178e-03 1.654743171054110298e-03 2.307726897797089671e-03 3.119533817325771587e-03 4.094922588150059876e-03 5.229126323329777622e-03 6.507201021388854013e-03 7.904468347122205543e-03 9.388012158828316217e-03 1.091902426315609180e-02 1.245567837281887427e-02 1.395616035269788523e-02 1.538149883951329955e-02 1.669791018774223479e-02 1.787847388891597097e-02 1.890406565841469544e-02 1.976357531869905523e-02 2.045351219325475950e-02 2.097714628817238039e-02 2.134334994423908033e-02 2.156529723317408484e-02 2.165915466050417210e-02 2.164286444168641785e-02 2.153508731658273709e-02 2.135434032947280958e-02 2.111833906803713481e-02 2.084353468554547839e-02 2.054482353560927593e-02 2.023540055186101583e-02 1.992672534971053414e-02 1.962857108312339102e-02 1.934912914687745775e-02 1.909514688801630666e-02 1.887207984813530498e-02 1.868424421070267322e-02 1.853495878804780131e-02 1.842666892102916634e-02 1.836104706285874785e-02 1.833906663339195456e-02 1.836104706285874785e-02 1.842666892102916634e-02 1.853495878804780131e-02 1.868424421070266975e-02 1.887207984813530498e-02 1.909514688801630666e-02 1.934912914687745775e-02 1.962857108312339102e-02 1.992672534971053414e-02 2.023540055186101236e-02 2.054482353560927593e-02 2.084353468554547839e-02 2.111833906803713481e-02 2.135434032947280958e-02 2.153508731658273709e-02 2.164286444168641785e-02 2.165915466050416169e-02 2.156529723317408484e-02 2.134334994423908033e-02 2.097714628817238039e-02 2.045351219325476297e-02 1.976357531869905176e-02 1.890406565841470585e-02 1.787847388891597097e-02 1.669791018774223479e-02 1.538149883951331169e-02 1.395616035269788523e-02 1.245567837281887948e-02 1.091902426315608139e-02 9.388012158828323156e-03 7.904468347122215952e-03 6.507201021388854013e-03 5.229126323329786295e-03 4.094922588150059876e-03 3.119533817325778526e-03 2.307726897797089671e-03 1.654743171054110298e-03 1.147906459302417250e-03 7.688964400609802014e-04 4.963041041809551331e-04 3.080755644837647922e-04 1.835203374449151414e-04 1.046873921820267041e-04 5.705989422971502619e-05 2.964930995385733968e-05 1.465356853951596090e-05 6.872156047257334905e-06 3.050819649679972316e-06 1.278923479104128606e-06 5.049927794720364201e-07
6.284203760221890860e-07 1.591511020182268450e-06 3.796484443663089568e-06 8.551811160182632847e-06 1.823511429469750673e-05 3.689603350265969914e-05 7.100616413785645474e-05 1.302745168526803850e-04 2.283753830805784703e-04 3.833737232412375733e-04 6.176080618357069783e-04 9.568259381657167858e-04 1.428471530914370360e-03 2.059186523144255522e-03 2.871768991204900947e-03 3.881993355523520595e-03 5.095781360116490195e-03 6.507201021388854013e-03 8.097655806066040782e-03 9.836435634084341600e-03 1.168257917889393288e-02 1.358779295898414168e-02 1.550002773275639678e-02 1.736724938094691070e-02 1.914096137100724376e-02 2.077912284198668580e-02 2.224823352072822363e-02 2.352449486867755346e-02 2.459408121895230101e-02 2.545264872281476770e-02 2.610426662351070584e-02 2.655997579124718538e-02 2.683617023290923304e-02 2.695296778363244841e-02 2.693269599787416826e-02 2.679857657233494089e-02 2.657365238683817230e-02 2.627996897693244890e-02 2.593799839755406289e-02 2.556627788828027409e-02 2.518122741686506724e-02 2.479710749577047554e-02 2.442607998025391608e-02 2.407833836138239397e-02 2.376227913617256701e-02 2.348469126011078559e-02 2.325094585482163911e-02 2.306517289874594409e-02 2.293041540969353864e-02 2.284875461282067852e-02 2.282140184598489482e-02 2.284875461282067852e-02 2.293041540969353864e-02 2.306517289874594409e-02 2.325094585482163564e-02 2.348469126011078559e-02 2.376227913617256354e-02 2.407833836138239397e-02 2.442607998025391608e-02 2.479710749577047554e-02 2.518122741686505683e-02 2.556627788828027409e-02 2.593799839755406289e-02 2.627996897693244890e-02 2.657365238683817230e-02 2.679857657233494089e-02 2.693269599787416826e-02 2.695296778363244841e-02 2.683617023290923304e-02 2.655997579124717844e-02 2.610426662351070584e-02 2.545264872281477464e-02 2.459408121895230795e-02 2.352449486867756734e-02 2.224823352072823751e-02 2.077912284198668580e-02 1.914096137100726111e-02 1.736724938094691070e-02 1.550002773275641239e-02 1.358779295898413300e-02 1.168257917889393115e-02 9.836435634084364152e-03 8.097655806066040782e-03 6.507201021388865289e-03 5.095781360116490195e-03 3.881993355523534039e-03 2.871768991204900947e-03 2.059186523144255522e-03 1.428471530914377950e-03 9.568259381657167858e-04 6.176080618357092551e-04 3.833737232412375733e-04 2.283753830805792834e-04 1.302745168526803850e-04 7.100616413785676645e-05 3.689603350265969914e-05 1.823511429469750673e-05 8.551811160182678587e-06 3.796484443663089568e-06 1.591511020182279885e-06 6.284203760221890860e-07
7.633587704800674762e-07 1.933250324029778278e-06 4.611689575385480689e-06 1.038811009588302719e-05 2.215067327331902001e-05 4.481858298176379226e-05 8.625305642677949752e-05 1.582478843843778825e-04 2.774135885596251444e-04 4.656941518354951355e-04 7.502247678627701859e-04 1.162281650294272675e-03 1.735201965294117226e-03 2.501348066474882049e-03 3.488413377212885597e-03 4.715559501176306428e-03 6.189979736679343363e-03 7.904468347122205543e-03 9.836435634084341600e-03 1.194857725503764567e-02 1.419113640853937423e-02 1.650544973153702036e-02 1.882829164034946837e-02 2.109645492079368495e-02 2.325102955837736116e-02 2.524094741280816234e-02 2.702551482057104562e-02 2.857582307051777931e-02 2.987507776120140041e-02 3.091800230523217632e-02 3.170953971948128197e-02 3.226310163957969018e-02 3.259860229717313762e-02 3.274047935609270682e-02 3.271585468438837491e-02 3.255293628822625990e-02 3.227971496020556885e-02 3.192296999258517620e-02 3.150756932931097348e-02 3.105603064318881307e-02 3.058829970121516514e-02 3.012169912320763684e-02 2.967100223484163066e-02 2.924859133800409433e-02 2.886466587861298214e-02 2.852747257957964286e-02 2.824353588370683704e-02 2.801787258450568266e-02 2.785417911580060843e-02 2.775498359656574168e-02 2.772175747077847835e-02 2.775498359656574168e-02 2.785417911580060843e-02 2.801787258450568266e-02 2.824353588370683357e-02 2.852747257957963939e-02 2.886466587861297867e-02 2.924859133800409433e-02 2.967100223484163066e-02 3.012169912320763684e-02 3.058829970121515821e-02 3.105603064318880266e-02 3.150756932931098042e-02 3.192296999258518314e-02 3.227971496020556885e-02 3.255293628822625990e-02 3.271585468438837491e-02 3.274047935609272070e-02 3.259860229717313762e-02 3.226310163957969018e-02 3.170953971948128197e-02 3.091800230523218326e-02 2.987507776120140041e-02 2.857582307051777931e-02 2.702551482057104562e-02 2.524094741280816234e-02 2.325102955837738197e-02 2.109645492079368495e-02 1.882829164034948224e-02 1.650544973153701689e-02 1.419113640853938117e-02 1.194857725503767343e-02 9.836435634084341600e-03 7.904468347122219421e-03 6.189979736679343363e-03 4.715559501176321174e-03 3.488413377212885597e-03 2.501348066474882049e-03 1.735201965294127851e-03 1.162281650294272675e-03 7.502247678627735469e-04 4.656941518354951355e-04 2.774135885596263370e-04 1.582478843843778825e-04 8.625305642677980923e-05 4.481858298176379226e-05 2.215067327331902001e-05 1.038811009588310003e-05 4.611689575385480689e-06 1.933250324029788866e-06 7.633587704800674762e-07
9.066291500078182198e-07 2.296090862917811039e-06 5.477230840227610360e-06 1.233779422026564357e-05 2.630800464801171136e-05 5.323032283726462899e-05 1.024413922494253138e-04 1.879485118376465497e-04 3.294797357712409523e-04 5.530975857874837398e-04 8.910301026272118624e-04 1.380423551056190025e-03 2.060871956573111664e-03 2.970811575212046682e-03 4.143133448338368399e-03 5.600595509859811368e-03 7.351741126524137700e-03 9.388012158828316217e-03 1.168257917889393288e-02 1.419113640853937423e-02 1.685458848088916897e-02 1.960326184657484178e-02 2.236206447887413226e-02 2.505592616822743118e-02 2.761488042124849579e-02 2.997827441463039866e-02 3.209777692720938019e-02 3.393905353953596826e-02 3.548215780637678507e-02 3.672082280826348410e-02 3.766091928823021850e-02 3.831837603400113645e-02 3.871684486384078389e-02 3.888535000494627164e-02 3.885610367145292399e-02 3.866260806657476068e-02 3.833810741240448183e-02 3.791440705122328669e-02 3.742104224712188704e-02 3.688475688429421889e-02 3.632924023504260913e-02 3.577506610121287262e-02 3.523978052827909935e-02 3.473808978054195723e-02 3.428210757875860965e-02 3.388162842542594144e-02 3.354440129816924770e-02 3.327638456337227157e-02 3.308196841708160862e-02 3.296415546625648674e-02 3.292469332165885720e-02 3.296415546625648674e-02 3.308196841708160862e-02 3.327638456337227157e-02 3.354440129816924077e-02 3.388162842542593450e-02 3.428210757875860271e-02 3.473808978054195723e-02 3.523978052827909935e-02 3.577506610121287262e-02 3.632924023504259525e-02 3.688475688429421195e-02 3.742104224712189398e-02 3.791440705122328669e-02 3.833810741240448183e-02 3.866260806657476068e-02 3.885610367145292399e-02 3.888535000494627164e-02 3.871684486384078389e-02 3.831837603400113645e-02 3.766091928823021850e-02 3.672082280826348410e-02 3.548215780637678507e-02 3.393905353953596826e-02 3.209777692720940101e-02 2.997827441463039866e-02 2.761488042124850967e-02 2.505592616822743118e-02 2.236206447887416002e-02 1.960326184657483484e-02 1.685458848088917591e-02 1.419113640853940546e-02 1.168257917889393288e-02 9.388012158828331830e-03 7.351741126524137700e-03 5.600595509859821776e-03 4.143133448338368399e-03 2.970811575212046682e-03 2.060871956573124240e-03 1.380423551056190025e-03 8.910301026272150066e-04 5.530975857874837398e-04 3.294797357712421449e-04 1.879485118376465497e-04 1.024413922494256797e-04 5.323032283726462899e-05 2.630800464801171136e-05 1.233779422026573166e-05 5.477230840227610360e-06 2.296090862917823321e-06 9.066291500078182198e-07
1.054483688254560652e-06 2.670541049420583017e-06 6.370466444604215778e-06 1.434986152187951253e-05 3.059835630876673283e-05 6.191120939795035185e-05 1.191476990654607407e-04 2.185994570798969474e-04 3.832118203768321144e-04 6.432976286068562690e-04 1.036340723167879490e-03 1.605545241357656189e-03 2.396962265959427102e-03 3.455296299387605480e-03 4.818802306871568589e-03 6.513949622740425847e-03 8.550674879715778817e-03 1.091902426315609180e-02 1.358779295898414168e-02 1.650544973153702036e-02 1.960326184657484178e-02 2.280019328037037260e-02 2.600890587785112396e-02 2.914208685908521376e-02 3.211835948254659900e-02 3.486717956506714400e-02 3.733233395229353796e-02 3.947388891249556386e-02 4.126864510210807857e-02 4.270931358236823572e-02 4.380272250651534582e-02 4.456739835456455245e-02 4.503085012129867670e-02 4.522683535151241635e-02 4.519281947896992141e-02 4.496776830000527581e-02 4.459034755785558357e-02 4.409754946111527074e-02 4.352372593219019231e-02 4.289998229087160775e-02 4.225387109404475650e-02 4.160932135221148687e-02 4.098674054812881384e-02 4.040323326730457104e-02 3.987288875553723910e-02 3.940709881852532542e-02 3.901487614961372113e-02 3.870315081514789923e-02 3.847702897139838180e-02 3.834000289529091582e-02 3.829410520075793301e-02 3.834000289529091582e-02 3.847702897139838180e-02 3.870315081514789923e-02 3.901487614961372113e-02 3.940709881852532542e-02 3.987288875553723216e-02 4.040323326730457104e-02 4.098674054812881384e-02 4.160932135221148687e-02 4.225387109404474956e-02 4.289998229087159387e-02 4.352372593219019925e-02 4.409754946111527074e-02 4.459034755785558357e-02 4.496776830000527581e-02 4.519281947896992141e-02 4.522683535151243023e-02 4.503085012129867670e-02 4.456739835456455245e-02 4.380272250651534582e-02 4.270931358236824266e-02 4.126864510210807857e-02 3.947388891249556386e-02 3.733233395229355184e-02 3.486717956506714400e-02 3.211835948254662676e-02 2.914208685908521376e-02 2.600890587785114824e-02 2.280019328037036219e-02 1.960326184657485565e-02 1.650544973153705852e-02 1.358779295898414168e-02 1.091902426315611262e-02 8.550674879715778817e-03 6.513949622740446664e-03 4.818802306871568589e-03 3.455296299387605480e-03 2.396962265959440980e-03 1.605545241357656189e-03 1.036340723167882959e-03 6.432976286068562690e-04 3.832118203768338492e-04 2.185994570798969474e-04 1.191476990654613912e-04 6.191120939795035185e-05 3.059835630876673283e-05 1.434986152187961417e-05 6.370466444604215778e-06 2.670541049420602498e-06 1.054483688254560652e-06
1.202883092274236474e-06 3.046371140069100194e-06 7.266993753880500642e-06 1.636934358815658871e-05 3.490451854795581884e-05 7.062408630551159951e-05 1.359155710852710754e-04 2.493633555745028429e-04 4.371419156363889696e-04 7.338300718830023574e-04 1.182186834769659864e-03 1.831496538279550872e-03 2.734291117688574836e-03 3.941566421203585545e-03 5.496961104768254697e-03 7.430669580190834601e-03 9.754026880557254559e-03 1.245567837281887427e-02 1.550002773275639678e-02 1.882829164034946837e-02 2.236206447887413226e-02 2.600890587785112396e-02 2.966918642506919182e-02 3.324330565454736847e-02 3.663843452817306529e-02 3.977410105179748911e-02 4.258618109179184569e-02 4.502912096985390439e-02 4.707645645667678930e-02 4.871987282791136187e-02 4.996715917519985173e-02 5.083944924372749141e-02 5.136812341905957341e-02 5.159169000656156634e-02 5.155288701851527128e-02 5.129616397852113791e-02 5.086562813006535733e-02 5.030347766242271312e-02 4.964889890641024234e-02 4.893737468994974887e-02 4.820033509128270055e-02 4.746507669400554241e-02 4.675487896297648299e-02 4.608925364307778216e-02 4.548427278525026679e-02 4.495293138469193261e-02 4.450551050744593062e-02 4.414991550067713655e-02 4.389197111929897532e-02 4.373566111470972989e-02 4.368330415429105829e-02 4.373566111470972989e-02 4.389197111929897532e-02 4.414991550067713655e-02 4.450551050744592368e-02 4.495293138469192568e-02 4.548427278525025985e-02 4.608925364307778216e-02 4.675487896297648299e-02 4.746507669400554241e-02 4.820033509128269361e-02 4.893737468994973500e-02 4.964889890641024928e-02 5.030347766242271312e-02 5.086562813006535733e-02 5.129616397852113791e-02 5.155288701851527128e-02 5.159169000656156634e-02 5.136812341905957341e-02 5.083944924372749141e-02 4.996715917519985173e-02 4.871987282791137575e-02 4.707645645667678930e-02 4.502912096985391827e-02 4.258618109179185957e-02 3.977410105179748911e-02 3.663843452817309304e-02 3.324330565454736847e-02 2.966918642506922305e-02 2.600890587785109967e-02 2.236206447887415655e-02 1.882829164034949959e-02 1.550002773275639678e-02 1.245567837281889509e-02 9.754026880557254559e-03 7.430669580190854551e-03 5.496961104768254697e-03 3.941566421203585545e-03 2.734291117688591750e-03 1.831496538279550872e-03 1.182186834769664852e-03 7.338300718830023574e-04 4.371419156363904874e-04 2.493633555745028429e-04 1.359155710852715632e-04 7.062408630551159951e-05 3.490451854795581884e-05 1.636934358815670730e-05 7.266993753880500642e-06 3.046371140069116287e-06 1.202883092274236474e-06
1.347789242692937726e-06 3.413354363533847968e-06 8.142417223338922096e-06 1.834128797699670330e-05 3.910931571194255880e-05 7.913186610481099705e-05 1.522887351229244369e-04 2.794030860718976642e-04 4.898025212998720953e-04 8.222314231539710463e-04 1.324599796097645577e-03 2.052129045770777552e-03 3.063679403660064717e-03 4.416389968383354139e-03 6.159156356999542607e-03 8.325810372188355984e-03 1.092905252969975441e-02 1.395616035269788523e-02 1.736724938094691070e-02 2.109645492079368495e-02 2.505592616822743118e-02 2.914208685908521376e-02 3.324330565454736847e-02 3.724798364905226172e-02 4.105210908968626171e-02 4.456551586741645810e-02 4.771635509014602455e-02 5.045358542395389501e-02 5.274755460769754711e-02 5.458894627796175014e-02 5.598648784474430373e-02 5.696385894457968446e-02 5.755622022306017965e-02 5.780671891540695856e-02 5.776324149835036781e-02 5.747559213834371045e-02 5.699319148871340862e-02 5.636332117302787770e-02 5.562988813076862743e-02 5.483264965346333619e-02 5.400682206564345889e-02 5.318299025288081294e-02 5.238723805699935232e-02 5.164142771883311472e-02 5.096356742014569036e-02 5.036821760729233433e-02 4.986689786210556780e-02 4.946846585490844578e-02 4.917944802377635649e-02 4.900430802549741310e-02 4.894564384733612189e-02 4.900430802549741310e-02 4.917944802377635649e-02 4.946846585490844578e-02 4.986689786210556086e-02 5.036821760729232739e-02 5.096356742014568342e-02 5.164142771883311472e-02 5.238723805699935232e-02 5.318299025288081294e-02 5.400682206564343807e-02 5.483264965346333619e-02 5.562988813076862743e-02 5.636332117302787076e-02 5.699319148871340862e-02 5.747559213834371045e-02 5.776324149835036781e-02 5.780671891540695856e-02 5.755622022306017965e-02 5.696385894457967752e-02 5.598648784474430373e-02 5.458894627796175014e-02 5.274755460769754711e-02 5.045358542395390888e-02 4.771635509014603843e-02 4.456551586741645810e-02 4.105210908968629641e-02 3.724798364905226172e-02 3.324330565454739622e-02 2.914208685908519642e-02 2.505592616822744506e-02 2.109645492079372311e-02 1.736724938094691070e-02 1.395616035269790951e-02 1.092905252969975441e-02 8.325810372188380271e-03 6.159156356999542607e-03 4.416389968383354139e-03 3.063679403660082498e-03 2.052129045770777552e-03 1.324599796097650998e-03 8.222314231539710463e-04 4.898025212998738300e-04 2.794030860718976642e-04 1.522887351229250061e-04 7.913186610481099705e-05 3.910931571194255880e-05 1.834128797699680156e-05 8.142417223338922096e-06 3.413354363533866602e-06 1.347789242692937726e-06
1.485438555338922014e-06 3.761959224794532193e-06 8.973999861459737502e-06 2.021447823783552590e-05 4.310353844000625577e-05 8.721357994603304395e-05 1.678419381381925177e-04 3.079384397686823582e-04 5.398259064505722248e-04 9.062056727235396226e-04 1.459880777491706205e-03 2.261712372053171181e-03 3.376572065749336091e-03 4.867434556267115180e-03 6.788189155425952519e-03 9.176122897804546083e-03 1.204523339903156021e-02 1.538149883951329955e-02 1.914096137100724376e-02 2.325102955837736116e-02 2.761488042124849579e-02 3.211835948254659900e-02 3.663843452817306529e-02 4.105210908968626171e-02 4.524474872492544736e-02 4.911697868708321535e-02 5.258961217818087369e-02 5.560639502811477730e-02 5.813464659917180755e-02 6.016409905052479828e-02 6.170437111994694912e-02 6.278156083817670874e-02 6.343441979703488831e-02 6.371050184598374411e-02 6.366258409331392032e-02 6.334555719011744634e-02 6.281388910627844213e-02 6.211969032345290853e-02 6.131135198373250522e-02 6.043269177894945027e-02 5.952252266633718120e-02 5.861455315669242272e-02 5.773753102681092320e-02 5.691555130165081716e-02 5.616846133319848555e-02 5.551230862184489134e-02 5.495978924087311507e-02 5.452066549182971872e-02 5.420213035596067180e-02 5.400910336198813666e-02 5.394444782883968392e-02 5.400910336198813666e-02 5.420213035596067180e-02 5.452066549182971872e-02 5.495978924087310813e-02 5.551230862184488440e-02 5.616846133319847167e-02 5.691555130165081716e-02 5.773753102681092320e-02 5.861455315669242272e-02 5.952252266633716732e-02 6.043269177894945027e-02 6.131135198373249828e-02 6.211969032345289465e-02 6.281388910627844213e-02 6.334555719011744634e-02 6.366258409331392032e-02 6.371050184598374411e-02 6.343441979703488831e-02 6.278156083817670874e-02 6.170437111994694912e-02 6.016409905052479828e-02 5.813464659917179367e-02 5.560639502811477730e-02 5.258961217818088757e-02 4.911697868708321535e-02 4.524474872492547511e-02 4.105210908968626171e-02 3.663843452817311386e-02 3.211835948254657819e-02 2.761488042124850620e-02 2.325102955837742014e-02 1.914096137100724376e-02 1.538149883951332557e-02 1.204523339903156021e-02 9.176122897804566900e-03 6.788189155425952519e-03 4.867434556267115180e-03 3.376572065749356040e-03 2.261712372053171181e-03 1.459880777491711409e-03 9.062056727235396226e-04 5.398259064505746101e-04 3.079384397686823582e-04 1.678419381381931141e-04 8.721357994603304395e-05 4.310353844000625577e-05 2.021447823783559705e-05 8.973999861459737502e-06 3.761959224794558875e-06 1.485438555338922014e-06
1.612568439867576033e-06 4.083923024731388878e-06 9.742031337448460459e-06 2.194451565671524284e-05 4.679251490083612223e-05 9.467767350144771555e-05 1.822065351374303776e-04 3.342930662518991416e-04 5.860264072427292473e-04 9.837624468617127849e-04 1.584823323247680537e-03 2.455278933027848533e-03 3.665552862214157149e-03 5.284009439735003720e-03 7.369150044307056814e-03 9.961452886867920228e-03 1.307611355603016667e-02 1.669791018774223479e-02 2.077912284198668580e-02 2.524094741280816234e-02 2.997827441463039866e-02 3.486717956506714400e-02 3.977410105179748911e-02 4.456551586741645810e-02 4.911697868708321535e-02 5.332060986821985510e-02 5.709044548400104419e-02 6.036541690321750586e-02 6.311004654601143349e-02 6.531318780789759082e-02 6.698528263742285771e-02 6.815466264114222739e-02 6.886339593001213066e-02 6.916310620570732814e-02 6.911108745650561269e-02 6.876692809909150383e-02 6.818975769416146804e-02 6.743614655073484898e-02 6.655862732203093879e-02 6.560476779650013801e-02 6.461670270241352820e-02 6.363102546227948630e-02 6.267894420477525264e-02 6.178661610527888537e-02 6.097558713303504602e-02 6.026327819890957976e-02 5.966347195787192331e-02 5.918676620901504315e-02 5.884096953823039766e-02 5.863142250755459806e-02 5.856123349041668369e-02 5.863142250755459806e-02 5.884096953823039766e-02 5.918676620901504315e-02 5.966347195787190943e-02 6.026327819890957282e-02 6.097558713303503908e-02 6.178661610527888537e-02 6.267894420477525264e-02 6.363102546227948630e-02 6.461670270241351433e-02 6.560476779650013801e-02 6.655862732203093879e-02 6.743614655073483510e-02 6.818975769416146804e-02 6.876692809909150383e-02 6.911108745650561269e-02 6.916310620570732814e-02 6.886339593001213066e-02 6.815466264114222739e-02 6.698528263742285771e-02 6.531318780789759082e-02 6.311004654601143349e-02 6.036541690321751974e-02 5.709044548400107194e-02 5.332060986821985510e-02 4.911697868708324310e-02 4.456551586741645810e-02 3.977410105179753769e-02 3.486717956506713706e-02 2.997827441463040560e-02 2.524094741280823520e-02 2.077912284198668580e-02 1.669791018774226254e-02 1.307611355603016667e-02 9.961452886867944514e-03 7.369150044307056814e-03 5.284009439735003720e-03 3.665552862214177098e-03 2.455278933027848533e-03 1.584823323247686608e-03 9.837624468617127849e-04 5.860264072427314157e-04 3.342930662518991416e-04 1.822065351374311908e-04 9.467767350144771555e-05 4.679251490083612223e-05 2.194451565671533770e-05 9.742031337448460459e-06 4.083923024731417677e-06 1.612568439867576033e-06
1.726579100145502801e-06 4.372661628974491722e-06 1.043080546806580268e-05 2.349602110457509844e-05 5.010080581613338878e-05 1.013715066452765295e-04 1.950887712425084148e-04 3.579280154840949421e-04 6.274592270711587755e-04 1.053315715641140295e-03 1.696872368137932992e-03 2.628870307756709605e-03 3.924712158509823662e-03 5.657595695204854259e-03 7.890158419187292063e-03 1.066574040290819113e-02 1.400061158261599152e-02 1.787847388891597097e-02 2.224823352072822363e-02 2.702551482057104562e-02 3.209777692720938019e-02 3.733233395229353796e-02 4.258618109179184569e-02 4.771635509014602455e-02 5.258961217818087369e-02 5.709044548400104419e-02 6.112681332072149309e-02 6.463332942645487467e-02 6.757200791087129843e-02 6.993091409022900162e-02 7.172122817225130842e-02 7.297328484447276886e-02 7.373212648733702690e-02 7.405302666454542659e-02 7.399733012294948398e-02 7.362883825684331252e-02 7.301086116282518024e-02 7.220396874343490423e-02 7.126440777796022585e-02 7.024310915860276783e-02 6.918518659305054885e-02 6.812982070579289007e-02 6.711042608029589573e-02 6.615500923783959597e-02 6.528663947537315104e-02 6.452396938454031672e-02 6.388175607172272286e-02 6.337134661402361868e-02 6.300110167438824349e-02 6.277673939944995729e-02 6.270158792863236852e-02 6.277673939944995729e-02 6.300110167438824349e-02 6.337134661402361868e-02 6.388175607172270898e-02 6.452396938454030284e-02 6.528663947537313716e-02 6.615500923783959597e-02 6.711042608029589573e-02 6.812982070579289007e-02 6.918518659305053498e-02 7.024310915860276783e-02 7.126440777796022585e-02 7.220396874343489035e-02 7.301086116282518024e-02 7.362883825684331252e-02 7.399733012294948398e-02 7.405302666454542659e-02 7.373212648733702690e-02 7.297328484447276886e-02 7.172122817225130842e-02 6.993091409022900162e-02 6.757200791087129843e-02 6.463332942645490242e-02 6.112681332072150697e-02 5.709044548400104419e-02 5.258961217818091533e-02 4.771635509014602455e-02 4.258618109179188038e-02 3.733233395229350327e-02 3.209777692720938713e-02 2.702551482057109419e-02 2.224823352072822363e-02 1.787847388891600220e-02 1.400061158261599152e-02 1.066574040290822235e-02 7.890158419187292063e-03 5.657595695204854259e-03 3.924712158509844478e-03 2.628870307756709605e-03 1.696872368137939064e-03 1.053315715641140295e-03 6.274592270711609439e-04 3.579280154840949421e-04 1.950887712425092822e-04 1.013715066452765295e-04 5.010080581613338878e-05 2.349602110457524413e-05 1.043080546806580268e-05 4.372661628974522216e-06 1.726579100145502801e-06
1.825623645306351964e-06 4.623497679374718502e-06 1.102916460675732108e-05 2.484386130673913226e-05 5.297481924756708156e-05 1.071866440850295735e-04 2.062799634746366017e-04 3.784604182514859135e-04 6.634531839926821389e-04 1.113738766028844708e-03 1.794212798057458333e-03 2.779674440562832083e-03 4.149851760045651823e-03 5.982141493476303938e-03 8.342774318342776468e-03 1.127757649366168714e-02 1.480375127430866473e-02 1.890406565841469544e-02 2.352449486867755346e-02 2.857582307051777931e-02 3.393905353953596826e-02 3.947388891249556386e-02 4.502912096985390439e-02 5.045358542395389501e-02 5.560639502811477730e-02 6.036541690321750586e-02 6.463332942645487467e-02 6.834099547820710052e-02 7.144825012217422000e-02 7.394247404607769136e-02 7.583548880595138153e-02 7.715936922699809242e-02 7.796174152846944982e-02 7.830105002076227783e-02 7.824215846850685052e-02 7.785252820841058463e-02 7.719910109638186690e-02 7.634592160409379991e-02 7.535246308566687090e-02 7.427257806431998566e-02 7.315396817820904452e-02 7.203806163325844614e-02 7.096018982764659699e-02 6.994996586596120836e-02 6.903178240648680242e-02 6.822536203960349876e-02 6.754630840741746023e-02 6.700661950774008946e-02 6.661513560972674719e-02 6.637790287929028199e-02 6.629844037329064854e-02 6.637790287929028199e-02 6.661513560972674719e-02 6.700661950774008946e-02 6.754630840741746023e-02 6.822536203960349876e-02 6.903178240648678854e-02 6.994996586596120836e-02 7.096018982764659699e-02 7.203806163325844614e-02 7.315396817820903064e-02 7.427257806431997178e-02 7.535246308566685702e-02 7.634592160409378603e-02 7.719910109638186690e-02 7.785252820841058463e-02 7.824215846850685052e-02 7.830105002076227783e-02 7.796174152846944982e-02 7.715936922699810629e-02 7.583548880595138153e-02 7.394247404607770524e-02 7.144825012217419224e-02 6.834099547820710052e-02 6.463332942645490242e-02 6.036541690321750586e-02 5.560639502811480506e-02 5.045358542395389501e-02 4.502912096985395990e-02 3.947388891249552917e-02 3.393905353953596826e-02 2.857582307051784176e-02 2.352449486867755346e-02 1.890406565841472666e-02 1.480375127430866473e-02 1.127757649366171316e-02 8.342774318342776468e-03 5.982141493476303938e-03 4.149851760045673507e-03 2.779674440562832083e-03 1.794212798057464621e-03 1.113738766028844708e-03 6.634531839926845241e-04 3.784604182514859135e-04 2.062799634746373064e-04 1.071866440850295735e-04 5.297481924756708156e-05 2.484386130673928812e-05 1.102916460675732108e-05 4.623497679374751536e-06 1.825623645306351964e-06
1.908629131403244576e-06 4.833713883207885232e-06 1.153062676287052590e-05 2.597343518665220748e-05 5.538342117044676603e-05 1.120600907662483122e-04 2.156588782823427148e-04 3.956678481980495485e-04 6.936183575110190652e-04 1.164377038542930426e-03 1.875790129643256426e-03 2.906057678818556138e-03 4.338532742272328650e-03 6.254131048302152655e-03 8.722094579378586454e-03 1.179033317341767438e-02 1.547683226432582451e-02 1.976357531869905523e-02 2.459408121895230101e-02 2.987507776120140041e-02 3.548215780637678507e-02 4.126864510210807857e-02 4.707645645667678930e-02 5.274755460769754711e-02 5.813464659917180755e-02 6.311004654601143349e-02 6.757200791087129843e-02 7.144825012217422000e-02 7.469678206763356865e-02 7.730441067369615837e-02 7.928349498615036572e-02 8.066756817374327870e-02 8.150642187327579447e-02 8.186115767798976539e-02 8.179958850817907468e-02 8.139224295981925539e-02 8.070910652889436154e-02 7.981713559201289443e-02 7.877850757359011746e-02 7.764952350526489744e-02 7.648005387180779879e-02 7.531341049211009997e-02 7.418653117424073296e-02 7.313037543947495389e-02 7.217044500516496541e-02 7.132735918715012169e-02 7.061743107709983480e-02 7.005320418484442535e-02 6.964392071935873729e-02 6.939590174710372206e-02 6.931282632561958090e-02 6.939590174710372206e-02 6.964392071935873729e-02 7.005320418484442535e-02 7.061743107709983480e-02 7.132735918715012169e-02 7.217044500516496541e-02 7.313037543947495389e-02 7.418653117424073296e-02 7.531341049211009997e-02 7.648005387180779879e-02 7.764952350526488356e-02 7.877850757359008971e-02 7.981713559201289443e-02 8.070910652889436154e-02 8.139224295981925539e-02 8.179958850817907468e-02 8.186115767798976539e-02 8.150642187327579447e-02 8.066756817374327870e-02 7.928349498615036572e-02 7.730441067369617225e-02 7.469678206763356865e-02 7.144825012217423388e-02 6.757200791087134006e-02 6.311004654601143349e-02 5.813464659917185612e-02 5.274755460769754711e-02 4.707645645667683093e-02 4.126864510210805082e-02 3.548215780637679895e-02 2.987507776120146286e-02 2.459408121895230101e-02 1.976357531869908993e-02 1.547683226432582451e-02 1.179033317341770734e-02 8.722094579378586454e-03 6.254131048302152655e-03 4.338532742272351202e-03 2.906057678818556138e-03 1.875790129643263799e-03 1.164377038542930426e-03 6.936183575110222094e-04 3.956678481980495485e-04 2.156588782823432569e-04 1.120600907662483122e-04 5.538342117044676603e-05 2.597343518665236672e-05 1.153062676287052590e-05 4.833713883207911490e-06 1.908629131403244576e-06
1.975258453090829375e-06 5.002456501651101980e-06 1.193315537736248157e-05 2.688015527171692509e-05 5.731682967009140935e-05 1.159720544438195904e-04 2.231874256252685531e-04 4.094804217909286709e-04 7.178322395641737906e-04 1.205024878917068101e-03 1.941273057630686768e-03 3.007506749640558464e-03 4.489988826107973140e-03 6.472459744347591228e-03 9.026578691015111830e-03 1.220192801334230547e-02 1.601712100805171429e-02 2.045351219325475950e-02 2.545264872281476770e-02 3.091800230523217632e-02 3.672082280826348410e-02 4.270931358236823572e-02 4.871987282791136187e-02 5.458894627796175014e-02 6.016409905052479828e-02 6.531318780789759082e-02 6.993091409022900162e-02 7.394247404607769136e-02 7.730441067369615837e-02 8.000307033570168425e-02 8.205124352620543626e-02 8.348363404068911975e-02 8.435177171796011397e-02 8.471889117838669880e-02 8.465517265857719353e-02 8.423360687374863154e-02 8.352662247976810894e-02 8.260351326803189176e-02 8.152862724682866102e-02 8.036023088963550887e-02 7.914993563577402136e-02 7.794256529882641338e-02 7.677634716791158220e-02 7.568332154624841934e-02 7.468988040383230109e-02 7.381736286686561843e-02 7.308265150917370168e-02 7.249872772846033264e-02 7.207515637475446491e-02 7.181847917989606089e-02 7.173250363554818654e-02 7.181847917989606089e-02 7.207515637475446491e-02 7.249872772846033264e-02 7.308265150917370168e-02 7.381736286686561843e-02 7.468988040383230109e-02 7.568332154624841934e-02 7.677634716791158220e-02 7.794256529882641338e-02 7.914993563577402136e-02 8.036023088963550887e-02 8.152862724682866102e-02 8.260351326803187788e-02 8.352662247976810894e-02 8.423360687374863154e-02 8.465517265857719353e-02 8.471889117838669880e-02 8.435177171796011397e-02 8.348363404068911975e-02 8.205124352620543626e-02 8.000307033570168425e-02 7.730441067369614450e-02 7.394247404607771912e-02 6.993091409022902938e-02 6.531318780789759082e-02 6.016409905052483298e-02 5.458894627796175014e-02 4.871987282791141738e-02 4.270931358236821490e-02 3.672082280826349798e-02 3.091800230523224571e-02 2.545264872281476770e-02 2.045351219325479419e-02 1.601712100805171429e-02 1.220192801334233149e-02 9.026578691015111830e-03 6.472459744347591228e-03 4.489988826107999161e-03 3.007506749640558464e-03 1.941273057630693707e-03 1.205024878917068101e-03 7.178322395641770432e-04 4.094804217909286709e-04 2.231874256252693663e-04 1.159720544438195904e-04 5.731682967009140935e-05 2.688015527171709111e-05 1.193315537736248157e-05 5.002456501651128238e-06 1.975258453090829375e-06
2.025827404894309279e-06 5.130525302640238252e-06 1.223865826393262576e-05 2.756831902784643882e-05 5.878420827696677749e-05 1.189410761546461185e-04 2.289012876021287403e-04 4.199636047291480817e-04 7.362095936105296935e-04 1.235874940552598566e-03 1.990971943128486132e-03 3.084502478292290573e-03 4.604937848698071809e-03 6.638162366376479905e-03 9.257669777886303603e-03 1.251431179717106025e-02 1.642717824335642243e-02 2.097714628817238039e-02 2.610426662351070584e-02 3.170953971948128197e-02 3.766091928823021850e-02 4.380272250651534582e-02 4.996715917519985173e-02 5.598648784474430373e-02 6.170437111994694912e-02 6.698528263742285771e-02 7.172122817225130842e-02 7.583548880595138153e-02 7.928349498615036572e-02 8.205124352620543626e-02 8.415185237199962476e-02 8.562091377721020580e-02 8.651127680544326570e-02 8.688779495811256581e-02 8.682244516885970209e-02 8.639008680151029351e-02 8.566500277115605966e-02 8.471826087218108092e-02 8.361585649796667019e-02 8.241754781260109131e-02 8.117626756927416587e-02 7.993798712419233898e-02 7.874191243027317544e-02 7.762090406038009427e-02 7.660202965014435705e-02 7.570717463262897906e-02 7.495365379550995855e-02 7.435478087562061300e-02 7.392036559445940014e-02 7.365711715993583653e-02 7.356894054000132077e-02 7.365711715993583653e-02 7.392036559445940014e-02 7.435478087562061300e-02 7.495365379550995855e-02 7.570717463262897906e-02 7.660202965014434318e-02 7.762090406038009427e-02 7.874191243027317544e-02 7.993798712419233898e-02 8.117626756927416587e-02 8.241754781260107743e-02 8.361585649796667019e-02 8.471826087218106704e-02 8.566500277115605966e-02 8.639008680151029351e-02 8.682244516885970209e-02 8.688779495811256581e-02 8.651127680544326570e-02 8.562091377721020580e-02 8.415185237199962476e-02 8.205124352620543626e-02 7.928349498615035185e-02 7.583548880595140929e-02 7.172122817225133617e-02 6.698528263742285771e-02 6.170437111994699769e-02 5.598648784474430373e-02 4.996715917519989336e-02 4.380272250651531113e-02 3.766091928823022544e-02 3.170953971948133748e-02 2.610426662351070584e-02 2.097714628817241855e-02 1.642717824335642243e-02 1.251431179717108974e-02 9.257669777886303603e-03 6.638162366376479905e-03 4.604937848698096095e-03 3.084502478292290573e-03 1.990971943128494372e-03 1.235874940552598566e-03 7.362095936105324040e-04 4.199636047291480817e-04 2.289012876021295534e-04 1.189410761546461185e-04 5.878420827696677749e-05 2.756831902784653707e-05 1.223865826393262576e-05 5.130525302640275522e-06 2.025827404894309279e-06
2.061192815996513236e-06 5.220090255735340766e-06 1.245231179621169153e-05 2.804958655017389464e-05 5.981041993103480836e-05 1.210174623487442615e-04 2.328972786319256135e-04 4.272950217557561128e-04 7.490618014898992733e-04 1.257449940099926618e-03 2.025728873107610160e-03 3.138349463443663567e-03 4.685327480966782442e-03 6.754046543124682042e-03 9.419283396476152773e-03 1.273277748694253038e-02 1.671395188973024554e-02 2.134334994423908033e-02 2.655997579124718538e-02 3.226310163957969018e-02 3.831837603400113645e-02 4.456739835456455245e-02 5.083944924372749141e-02 5.696385894457968446e-02 6.278156083817670874e-02 6.815466264114222739e-02 7.297328484447276886e-02 7.715936922699809242e-02 8.066756817374327870e-02 8.348363404068911975e-02 8.562091377721020580e-02 8.711562098048047931e-02 8.802152731435128330e-02 8.840461844516495082e-02 8.833812782715404210e-02 8.789822166409023974e-02 8.716047964779151391e-02 8.619721022214565931e-02 8.507556087977613535e-02 8.385633299903244575e-02 8.259338339434123266e-02 8.133348595617582999e-02 8.011653106626503984e-02 7.897595295328599385e-02 7.793929177982823753e-02 7.702881503881615910e-02 7.626213978680750072e-02 7.565281218210209713e-02 7.521081319713165958e-02 7.494296916424349198e-02 7.485325322145942872e-02 7.494296916424349198e-02 7.521081319713165958e-02 7.565281218210209713e-02 7.626213978680748684e-02 7.702881503881615910e-02 7.793929177982823753e-02 7.897595295328599385e-02 8.011653106626503984e-02 8.133348595617582999e-02 8.259338339434123266e-02 8.385633299903243187e-02 8.507556087977613535e-02 8.619721022214565931e-02 8.716047964779151391e-02 8.789822166409023974e-02 8.833812782715404210e-02 8.840461844516495082e-02 8.802152731435128330e-02 8.711562098048049319e-02 8.562091377721020580e-02 8.348363404068913363e-02 8.066756817374325095e-02 7.715936922699809242e-02 7.297328484447279662e-02 6.815466264114222739e-02 6.278156083817675037e-02 5.696385894457968446e-02 5.083944924372756080e-02 4.456739835456452470e-02 3.831837603400115727e-02 3.226310163957975263e-02 2.655997579124718538e-02 2.134334994423911502e-02 1.671395188973024554e-02 1.273277748694255987e-02 9.419283396476152773e-03 6.754046543124682042e-03 4.685327480966809330e-03 3.138349463443663567e-03 2.025728873107618833e-03 1.257449940099926618e-03 7.490618014899018753e-04 4.272950217557561128e-04 2.328972786319264267e-04 1.210174623487442615e-04 5.981041993103480836e-05 2.804958655017407082e-05 1.245231179621169153e-05 5.220090255735377188e-06 2.061192815996513236e-06
2.082626946940249658e-06 5.274373434490492893e-06 1.258180209887566452e-05 2.834127130007609542e-05 6.043238230284797536e-05 1.222759104251835429e-04 2.353191533483008015e-04 4.317384185000296398e-04 7.568512177024338877e-04 1.270526031992990409e-03 2.046794218176602436e-03 3.170984834974454984e-03 4.734049716927399981e-03 6.824281174684568643e-03 9.517233550459485228e-03 1.286518432332120140e-02 1.688775854702665932e-02 2.156529723317408484e-02 2.683617023290923304e-02 3.259860229717313762e-02 3.871684486384078389e-02 4.503085012129867670e-02 5.136812341905957341e-02 5.755622022306017965e-02 6.343441979703488831e-02 6.886339593001213066e-02 7.373212648733702690e-02 7.796174152846944982e-02 8.150642187327579447e-02 8.435177171796011397e-02 8.651127680544326570e-02 8.802152731435128330e-02 8.893685407450745151e-02 8.932392893037464920e-02 8.925674688330287321e-02 8.881226618154046404e-02 8.806685246230482045e-02 8.709356609751423006e-02 8.596025283962419050e-02 8.472834633423011186e-02 8.345226344720248213e-02 8.217926446586472367e-02 8.094965458790015500e-02 7.979721572107244254e-02 7.874977441527399036e-02 7.782982972078535122e-02 7.705518189211361946e-02 7.643951795265802041e-02 7.599292266595038259e-02 7.572229335066220368e-02 7.563164446106673822e-02 7.572229335066220368e-02 7.599292266595038259e-02 7.643951795265802041e-02 7.705518189211361946e-02 7.782982972078533734e-02 7.874977441527399036e-02 7.979721572107244254e-02 8.094965458790015500e-02 8.217926446586472367e-02 8.345226344720248213e-02 8.472834633423009798e-02 8.596025283962417662e-02 8.709356609751423006e-02 8.806685246230482045e-02 8.881226618154046404e-02 8.925674688330287321e-02 8.932392893037464920e-02 8.893685407450745151e-02 8.802152731435129718e-02 8.651127680544326570e-02 8.435177171796011397e-02 8.150642187327579447e-02 7.796174152846947758e-02 7.373212648733705465e-02 6.886339593001213066e-02 6.343441979703492994e-02 5.755622022306017965e-02 5.136812341905962892e-02 4.503085012129864895e-02 3.871684486384079776e-02 3.259860229717321395e-02 2.683617023290923304e-02 2.156529723317412300e-02 1.688775854702665932e-02 1.286518432332123263e-02 9.517233550459485228e-03 6.824281174684568643e-03 4.734049716927427737e-03 3.170984834974454984e-03 2.046794218176609809e-03 1.270526031992990409e-03 7.568512177024372487e-04 4.317384185000296398e-04 2.353191533483014520e-04 1.222759104251835429e-04 6.043238230284797536e-05 2.834127130007619368e-05 1.258180209887566452e-05 5.274373434490520845e-06 2.082626946940249658e-06
2.091691046786154301e-06 5.297328792628466604e-06 1.263656116680821789e-05 2.846461941731868661e-05 6.069539875326101575e-05 1.228080849764016957e-04 2.363433196324910717e-04 4.336174492781273617e-04 7.601452185871473456e-04 1.276055670811753048e-03 2.055702365257299630e-03 3.184785733496530314e-03 4.754653454612035694e-03 6.853982108898808157e-03 9.558654869474351654e-03 1.292117673973254381e-02 1.696125818644537292e-02 2.165915466050417210e-02 2.695296778363244841e-02 3.274047935609270682e-02 3.888535000494627164e-02 4.522683535151241635e-02 5.159169000656156634e-02 5.780671891540695856e-02 6.371050184598374411e-02 6.916310620570732814e-02 7.405302666454542659e-02 7.830105002076227783e-02 8.186115767798976539e-02 8.471889117838669880e-02 8.688779495811256581e-02 8.840461844516495082e-02 8.932392893037464920e-02 8.971268843031433848e-02 8.964521399060672302e-02 8.919879880054516763e-02 8.845014085920453739e-02 8.747261851504085917e-02 8.633437280175293438e-02 8.509710473912839024e-02 8.381546802849512701e-02 8.253692864546058328e-02 8.130196720574764391e-02 8.014451264421254550e-02 7.909251261867196459e-02 7.816856410075455341e-02 7.739054481601155555e-02 7.677220135710242921e-02 7.632366237890679528e-02 7.605185521890733824e-02 7.596081180326033633e-02 7.605185521890733824e-02 7.632366237890679528e-02 7.677220135710242921e-02 7.739054481601154167e-02 7.816856410075455341e-02 7.909251261867196459e-02 8.014451264421254550e-02 8.130196720574764391e-02 8.253692864546058328e-02 8.381546802849511313e-02 8.509710473912837636e-02 8.633437280175293438e-02 8.747261851504085917e-02 8.845014085920453739e-02 8.919879880054516763e-02 8.964521399060672302e-02 8.971268843031433848e-02 8.932392893037464920e-02 8.840461844516495082e-02 8.688779495811256581e-02 8.471889117838669880e-02 8.186115767798973764e-02 7.830105002076229170e-02 7.405302666454546823e-02 6.916310620570732814e-02 6.371050184598379962e-02 5.780671891540695856e-02 5.159169000656161491e-02 4.522683535151240247e-02 3.888535000494628552e-02 3.274047935609278315e-02 2.695296778363244841e-02 2.165915466050420679e-02 1.696125818644537292e-02 1.292117673973257504e-02 9.558654869474351654e-03 6.853982108898808157e-03 4.754653454612063450e-03 3.184785733496530314e-03 2.055702365257307436e-03 1.276055670811753048e-03 7.601452185871500561e-04 4.336174492781273617e-04 2.363433196324919391e-04 1.228080849764016957e-04 6.069539875326101575e-05 2.846461941731878825e-05 1.263656116680821789e-05 5.297328792628503874e-06 2.091691046786154301e-06
2.090117850353267651e-06 5.293344581493071045e-06 1.262705699410442926e-05 2.844321069264127010e-05 6.064974871093857224e-05 1.227157189257311687e-04 2.361655617996822004e-04 4.332913182151819430e-04 7.595735004320236603e-04 1.275095927625697787e-03 2.054156236524249529e-03 3.182390401947375342e-03 4.751077398833671202e-03 6.848827112312974932e-03 9.551465642476907048e-03 1.291145850281275737e-02 1.694850133551501284e-02 2.164286444168641785e-02 2.693269599787416826e-02 3.271585468438837491e-02 3.885610367145292399e-02 4.519281947896992141e-02 5.155288701851527128e-02 5.776324149835036781e-02 6.366258409331392032e-02 6.911108745650561269e-02 7.399733012294948398e-02 7.824215846850685052e-02 8.179958850817907468e-02 8.465517265857719353e-02 8.682244516885970209e-02 8.833812782715404210e-02 8.925674688330287321e-02 8.964521399060672302e-02 8.957779029957350925e-02 8.913171086597353188e-02 8.838361600301132548e-02 8.740682887003826951e-02 8.626943925072208530e-02 8.503310175846337526e-02 8.375242898861119667e-02 8.247485121680493692e-02 8.124081861260749882e-02 8.008423459234580155e-02 7.903302579392747218e-02 7.810977219341422306e-02 7.733233807021568096e-02 7.671445967794503218e-02 7.626625805354818322e-02 7.599465532433939685e-02 7.590368038399469830e-02 7.599465532433939685e-02 7.626625805354818322e-02 7.671445967794501830e-02 7.733233807021568096e-02 7.810977219341422306e-02 7.903302579392747218e-02 8.008423459234580155e-02 8.124081861260749882e-02 8.247485121680493692e-02 8.375242898861118279e-02 8.503310175846336139e-02 8.626943925072204367e-02 8.740682887003825563e-02 8.838361600301132548e-02 8.913171086597353188e-02 8.957779029957350925e-02 8.964521399060672302e-02 8.925674688330287321e-02 8.833812782715404210e-02 8.682244516885970209e-02 8.465517265857719353e-02 8.179958850817906080e-02 7.824215846850685052e-02 7.399733012294952561e-02 6.911108745650561269e-02 6.366258409331397583e-02 5.776324149835036781e-02 5.155288701851533373e-02 4.519281947896987978e-02 3.885610367145293093e-02 3.271585468438843736e-02 2.693269599787416826e-02 2.164286444168645601e-02 1.694850133551501284e-02 1.291145850281278859e-02 9.551465642476907048e-03 6.848827112312974932e-03 4.751077398833697223e-03 3.182390401947375342e-03 2.054156236524257335e-03 1.275095927625697787e-03 7.595735004320263708e-04 4.332913182151819430e-04 2.361655617996830407e-04 1.227157189257311687e-04 6.064974871093857224e-05 2.844321069264142256e-05 1.262705699410442926e-05 5.293344581493109162e-06 2.090117850353267651e-06
2.079709482567855606e-06 5.266984786895945932e-06 1.256417678224468640e-05 2.830156920680972337e-05 6.034772512381414655e-05 1.221046192523731161e-04 2.349895046577149050e-04 4.311336143338199739e-04 7.557909767091545257e-04 1.268746205587693637e-03 2.043926950364698559e-03 3.166542735876945805e-03 4.727417986071047115e-03 6.814721326616907278e-03 9.503901258832296237e-03 1.284716202846769399e-02 1.686410119736882207e-02 2.153508731658273709e-02 2.679857657233494089e-02 3.255293628822625990e-02 3.866260806657476068e-02 4.496776830000527581e-02 5.129616397852113791e-02 5.747559213834371045e-02 6.334555719011744634e-02 6.876692809909150383e-02 7.362883825684331252e-02 7.785252820841058463e-02 8.139224295981925539e-02 8.423360687374863154e-02 8.639008680151029351e-02 8.789822166409023974e-02 8.881226618154046404e-02 8.919879880054516763e-02 8.913171086597353188e-02 8.868785281850524727e-02 8.794348331795300011e-02 8.697156038903729181e-02 8.583983474195652774e-02 8.460965396249951753e-02 8.333535868624138143e-02 8.206414299555948866e-02 8.083625562628338201e-02 7.968543116252496672e-02 7.863945717313491901e-02 7.772080119042189261e-02 7.694723853326619623e-02 7.633243705149239666e-02 7.588646738131189784e-02 7.561621717923291963e-02 7.552569527584887532e-02 7.561621717923291963e-02 7.588646738131189784e-02 7.633243705149239666e-02 7.694723853326619623e-02 7.772080119042189261e-02 7.863945717313490513e-02 7.968543116252496672e-02 8.083625562628338201e-02 8.206414299555948866e-02 8.333535868624136755e-02 8.460965396249951753e-02 8.583983474195651386e-02 8.697156038903729181e-02 8.794348331795300011e-02 8.868785281850524727e-02 8.913171086597353188e-02 8.919879880054516763e-02 8.881226618154046404e-02 8.789822166409023974e-02 8.639008680151029351e-02 8.423360687374864542e-02 8.139224295981924151e-02 7.785252820841058463e-02 7.362883825684335415e-02 6.876692809909150383e-02 6.334555719011750186e-02 5.747559213834371045e-02 5.129616397852119342e-02 4.496776830000524805e-02 3.866260806657477456e-02 3.255293628822632929e-02 2.679857657233494089e-02 2.153508731658277525e-02 1.686410119736882207e-02 1.284716202846772348e-02 9.503901258832296237e-03 6.814721326616907278e-03 4.727417986071074003e-03 3.166542735876945805e-03 2.043926950364705498e-03 1.268746205587693637e-03 7.557909767091578867e-04 4.311336143338199739e-04 2.349895046577161789e-04 1.221046192523731161e-04 6.034772512381414655e-05 2.830156920680984873e-05 1.256417678224468640e-05 5.266984786895983201e-06 2.079709482567855606e-06
2.062254191232735950e-06 5.222778250029366504e-06 1.245872389665742050e-05 2.806403019480509909e-05 5.984121826202554412e-05 1.210797781770793041e-04 2.330172050173682304e-04 4.275150498633317276e-04 7.494475177801610682e-04 1.258097441981774868e-03 2.026771986805915755e-03 3.139965501679994192e-03 4.687740108511029291e-03 6.757524421414142293e-03 9.424133691927585876e-03 1.273933400829659925e-02 1.672255844730091701e-02 2.135434032947280958e-02 2.657365238683817230e-02 3.227971496020556885e-02 3.833810741240448183e-02 4.459034755785558357e-02 5.086562813006535733e-02 5.699319148871340862e-02 6.281388910627844213e-02 6.818975769416146804e-02 7.301086116282518024e-02 7.719910109638186690e-02 8.070910652889436154e-02 8.352662247976810894e-02 8.566500277115605966e-02 8.716047964779151391e-02 8.806685246230482045e-02 8.845014085920453739e-02 8.838361600301132548e-02 8.794348331795300011e-02 8.720536141428966714e-02 8.624159596987923670e-02 8.511936905377352758e-02 8.389951335292980539e-02 8.263591341440054694e-02 8.137536721405690121e-02 8.015778567448300640e-02 7.901662024072798884e-02 7.797942525670710501e-02 7.706847968160121520e-02 7.630140964356360578e-02 7.569176827625175019e-02 7.524954169162471895e-02 7.498155973713042932e-02 7.489179759668877778e-02 7.498155973713042932e-02 7.524954169162471895e-02 7.569176827625173631e-02 7.630140964356360578e-02 7.706847968160120133e-02 7.797942525670709113e-02 7.901662024072798884e-02 8.015778567448300640e-02 8.137536721405690121e-02 8.263591341440053306e-02 8.389951335292979151e-02 8.511936905377351370e-02 8.624159596987923670e-02 8.720536141428966714e-02 8.794348331795300011e-02 8.838361600301132548e-02 8.845014085920453739e-02 8.806685246230482045e-02 8.716047964779151391e-02 8.566500277115605966e-02 8.352662247976810894e-02 8.070910652889433379e-02 7.719910109638186690e-02 7.301086116282522187e-02 6.818975769416146804e-02 6.281388910627849764e-02 5.699319148871340862e-02 5.086562813006539896e-02 4.459034755785555582e-02 3.833810741240449571e-02 3.227971496020563130e-02 2.657365238683817230e-02 2.135434032947284427e-02 1.672255844730091701e-02 1.273933400829663047e-02 9.424133691927585876e-03 6.757524421414142293e-03 4.687740108511056179e-03 3.139965501679994192e-03 2.026771986805923562e-03 1.258097441981774868e-03 7.494475177801637788e-04 4.275150498633317276e-04 2.330172050173690706e-04 1.210797781770793041e-04 5.984121826202554412e-05 2.806403019480525156e-05 1.245872389665742050e-05 5.222778250029403773e-06 2.062254191232735950e-06
2.039462825026955821e-06 5.165057794319273718e-06 1.232103411040673053e-05 2.775387561148599371e-05 5.917987247574553727e-05 1.197416436365943300e-04 2.304419742459260510e-04 4.227902918284874101e-04 7.411648662513827934e-04 1.244193356033172770e-03 2.004372758445369801e-03 3.105263618698474431e-03 4.635932721262254509e-03 6.682842447490794889e-03 9.319981214964223257e-03 1.259854300986624001e-02 1.653774614089838571e-02 2.111833906803713481e-02 2.627996897693244890e-02 3.192296999258517620e-02 3.791440705122328669e-02 4.409754946111527074e-02 5.030347766242271312e-02 5.636332117302787770e-02 6.211969032345290853e-02 6.743614655073484898e-02 7.220396874343490423e-02 7.634592160409379991e-02 7.981713559201289443e-02 8.260351326803189176e-02 8.471826087218108092e-02 8.619721022214565931e-02 8.709356609751423006e-02 8.747261851504085917e-02 8.740682887003826951e-02 8.697156038903729181e-02 8.624159596987923670e-02 8.528848174939328286e-02 8.417865732213676566e-02 8.297228307188934948e-02 8.172264803112054554e-02 8.047603297961077040e-02 7.927190775733851391e-02 7.814335411480334559e-02 7.711762187422509240e-02 7.621674377493477259e-02 7.545815114681914126e-02 7.485524733868677283e-02 7.441790809921777772e-02 7.415288779459545954e-02 7.406411767629292320e-02 7.415288779459545954e-02 7.441790809921777772e-02 7.485524733868677283e-02 7.545815114681912739e-02 7.621674377493475872e-02 7.711762187422509240e-02 7.814335411480334559e-02 7.927190775733851391e-02 8.047603297961077040e-02 8.172264803112053166e-02 8.297228307188933560e-02 8.417865732213675178e-02 8.528848174939326898e-02 8.624159596987923670e-02 8.697156038903729181e-02 8.740682887003826951e-02 8.747261851504085917e-02 8.709356609751423006e-02 8.619721022214565931e-02 8.471826087218108092e-02 8.260351326803189176e-02 7.981713559201289443e-02 7.634592160409379991e-02 7.220396874343493199e-02 6.743614655073484898e-02 6.211969032345295016e-02 5.636332117302787770e-02 5.030347766242276170e-02 4.409754946111524299e-02 3.791440705122330057e-02 3.192296999258524559e-02 2.627996897693244890e-02 2.111833906803716951e-02 1.653774614089838571e-02 1.259854300986626950e-02 9.319981214964223257e-03 6.682842447490794889e-03 4.635932721262281397e-03 3.105263618698474431e-03 2.004372758445377174e-03 1.244193356033172770e-03 7.411648662513861544e-04 4.227902918284874101e-04 2.304419742459268641e-04 1.197416436365943300e-04 5.917987247574553727e-05 2.775387561148611568e-05 1.232103411040673053e-05 5.165057794319301670e-06 2.039462825026955821e-06
2.012924122317398358e-06 5.097846991749577170e-06 1.216070548989064688e-05 2.739272568276317340e-05 5.840978879353740736e-05 1.181834941849692897e-04 2.274433262827125699e-04 4.172886932086767469e-04 7.315203884002342187e-04 1.228003172430030187e-03 1.978290668542696199e-03 3.064856082458949742e-03 4.575607208700164553e-03 6.595881328713639261e-03 9.198704078804945464e-03 1.243460327857549320e-02 1.632254715666899350e-02 2.084353468554547839e-02 2.593799839755406289e-02 3.150756932931097348e-02 3.742104224712188704e-02 4.352372593219019231e-02 4.964889890641024234e-02 5.562988813076862743e-02 6.131135198373250522e-02 6.655862732203093879e-02 7.126440777796022585e-02 7.535246308566687090e-02 7.877850757359011746e-02 8.152862724682866102e-02 8.361585649796667019e-02 8.507556087977613535e-02 8.596025283962419050e-02 8.633437280175293438e-02 8.626943925072208530e-02 8.583983474195652774e-02 8.511936905377352758e-02 8.417865732213676566e-02 8.308327459010182714e-02 8.189259839877015279e-02 8.065922435204127272e-02 7.942883099667585878e-02 7.824037456763031917e-02 7.712650633600016958e-02 7.611412153311888917e-02 7.522496619521515382e-02 7.447624482534859203e-02 7.388118635998500161e-02 7.344953803869165576e-02 7.318796633582369537e-02 7.310035134707304483e-02 7.318796633582369537e-02 7.344953803869165576e-02 7.388118635998498773e-02 7.447624482534859203e-02 7.522496619521513994e-02 7.611412153311887530e-02 7.712650633600016958e-02 7.824037456763031917e-02 7.942883099667585878e-02 8.065922435204125884e-02 8.189259839877015279e-02 8.308327459010181326e-02 8.417865732213675178e-02 8.511936905377352758e-02 8.583983474195652774e-02 8.626943925072208530e-02 8.633437280175293438e-02 8.596025283962419050e-02 8.507556087977614923e-02 8.361585649796667019e-02 8.152862724682867490e-02 7.877850757359008971e-02 7.535246308566687090e-02 7.126440777796025361e-02 6.655862732203093879e-02 6.131135198373255379e-02 5.562988813076862743e-02 4.964889890641029785e-02 4.352372593219017149e-02 3.742104224712190091e-02 3.150756932931104287e-02 2.593799839755406289e-02 2.084353468554551309e-02 1.632254715666899350e-02 1.243460327857552269e-02 9.198704078804945464e-03 6.595881328713639261e-03 4.575607208700189707e-03 3.064856082458949742e-03 1.978290668542703138e-03 1.228003172430030187e-03 7.315203884002368208e-04 4.172886932086767469e-04 2.274433262827135998e-04 1.181834941849692897e-04 5.840978879353740736e-05 2.739272568276334620e-05 1.216070548989064688e-05 5.097846991749612745e-06 2.012924122317398358e-06
1.984076669695619193e-06 5.024789146231648222e-06 1.198642898757363055e-05 2.700015730546874622e-05 5.757271123249658014e-05 1.164897926135197826e-04 2.241838091919604861e-04 4.113084798099304342e-04 7.210368835764419245e-04 1.210404514366710243e-03 1.949939552025100253e-03 3.020933269049802354e-03 4.510033643007627276e-03 6.501354976716865360e-03 9.066876367490305302e-03 1.225640151479692394e-02 1.608862681136220829e-02 2.054482353560927593e-02 2.556627788828027409e-02 3.105603064318881307e-02 3.688475688429421889e-02 4.289998229087160775e-02 4.893737468994974887e-02 5.483264965346333619e-02 6.043269177894945027e-02 6.560476779650013801e-02 7.024310915860276783e-02 7.427257806431998566e-02 7.764952350526489744e-02 8.036023088963550887e-02 8.241754781260109131e-02 8.385633299903244575e-02 8.472834633423011186e-02 8.509710473912839024e-02 8.503310175846337526e-02 8.460965396249951753e-02 8.389951335292980539e-02 8.297228307188934948e-02 8.189259839877015279e-02 8.071898592814040485e-02 7.950328751010683759e-02 7.829052706679784368e-02 7.711910254677949161e-02 7.602119729193648756e-02 7.502332109487513945e-02 7.414690834681827991e-02 7.340891699106635859e-02 7.282238637863891473e-02 7.239692406026525251e-02 7.213910097227156648e-02 7.205274160424150753e-02 7.213910097227156648e-02 7.239692406026525251e-02 7.282238637863890085e-02 7.340891699106634471e-02 7.414690834681827991e-02 7.502332109487513945e-02 7.602119729193648756e-02 7.711910254677949161e-02 7.829052706679784368e-02 7.950328751010683759e-02 8.071898592814039097e-02 8.189259839877015279e-02 8.297228307188933560e-02 8.389951335292980539e-02 8.460965396249951753e-02 8.503310175846337526e-02 8.509710473912839024e-02 8.472834633423011186e-02 8.385633299903244575e-02 8.241754781260109131e-02 8.036023088963552274e-02 7.764952350526486968e-02 7.427257806431999954e-02 7.024310915860279558e-02 6.560476779650013801e-02 6.043269177894951272e-02 5.483264965346333619e-02 4.893737468994979051e-02 4.289998229087157999e-02 3.688475688429422583e-02 3.105603064318887205e-02 2.556627788828027409e-02 2.054482353560931063e-02 1.608862681136220829e-02 1.225640151479695517e-02 9.066876367490305302e-03 6.501354976716865360e-03 4.510033643007653296e-03 3.020933269049802354e-03 1.949939552025108059e-03 1.210404514366710243e-03 7.210368835764445266e-04 4.113084798099304342e-04 2.241838091919612721e-04 1.164897926135197826e-04 5.757271123249658014e-05 2.700015730546888852e-05 1.198642898757363055e-05 5.024789146231683797e-06 1.984076669695619193e-06
1.954194742403400765e-06 4.949111433661470946e-06 1.180590289955962233e-05 2.659351135785814095e-05 5.670561592446624191e-05 1.147353546090162555e-04 2.208074052511821146e-04 4.051138149181551687e-04 7.101774384455512281e-04 1.192174765363094571e-03 1.920571759536126742e-03 2.975435375909293943e-03 4.442108597839651216e-03 6.403438893290032234e-03 8.930321291510084913e-03 1.207180940476240520e-02 1.584631804177091818e-02 2.023540055186101583e-02 2.518122741686506724e-02 3.058829970121516514e-02 3.632924023504260913e-02 4.225387109404475650e-02 4.820033509128270055e-02 5.400682206564345889e-02 5.952252266633718120e-02 6.461670270241352820e-02 6.918518659305054885e-02 7.315396817820904452e-02 7.648005387180779879e-02 7.914993563577402136e-02 8.117626756927416587e-02 8.259338339434123266e-02 8.345226344720248213e-02 8.381546802849512701e-02 8.375242898861119667e-02 8.333535868624138143e-02 8.263591341440054694e-02 8.172264803112054554e-02 8.065922435204127272e-02 7.950328751010683759e-02 7.830589857188915981e-02 7.711140335993102446e-02 7.595762151616110291e-02 7.487625167323037900e-02 7.389340436311814253e-02 7.303019115639726444e-02 7.230331459493312407e-02 7.172561764573197329e-02 7.130656316141906204e-02 7.105262311428128807e-02 7.096756439374930781e-02 7.105262311428128807e-02 7.130656316141906204e-02 7.172561764573197329e-02 7.230331459493312407e-02 7.303019115639726444e-02 7.389340436311814253e-02 7.487625167323037900e-02 7.595762151616110291e-02 7.711140335993102446e-02 7.830589857188915981e-02 7.950328751010683759e-02 8.065922435204125884e-02 8.172264803112053166e-02 8.263591341440054694e-02 8.333535868624138143e-02 8.375242898861119667e-02 8.381546802849512701e-02 8.345226344720248213e-02 8.259338339434124654e-02 8.117626756927416587e-02 7.914993563577402136e-02 7.648005387180779879e-02 7.315396817820905839e-02 6.918518659305057661e-02 6.461670270241352820e-02 5.952252266633722283e-02 5.400682206564345889e-02 4.820033509128275606e-02 4.225387109404472874e-02 3.632924023504262301e-02 3.058829970121522412e-02 2.518122741686506724e-02 2.023540055186105399e-02 1.584631804177091818e-02 1.207180940476243296e-02 8.930321291510084913e-03 6.403438893290032234e-03 4.442108597839673767e-03 2.975435375909293943e-03 1.920571759536133464e-03 1.192174765363094571e-03 7.101774384455536134e-04 4.051138149181551687e-04 2.208074052511829006e-04 1.147353546090162555e-04 5.670561592446624191e-05 2.659351135785828325e-05 1.180590289955962233e-05 4.949111433661505674e-06 1.954194742403400765e-06
1.924385030675340493e-06 4.873616611192522572e-06 1.162581308840162382e-05 2.618784815029081921e-05 5.584061612306911581e-05 1.129851565495819491e-04 2.174391610556913965e-04 3.989341206544650830e-04 6.993442373031734946e-04 1.173989072139280943e-03 1.891274940103274170e-03 2.930047437390823940e-03 4.374347706924817079e-03 6.305759443368653613e-03 8.794096227772853908e-03 1.188766339792714753e-02 1.560459485905711305e-02 1.992672534971053414e-02 2.479710749577047554e-02 3.012169912320763684e-02 3.577506610121287262e-02 4.160932135221148687e-02 4.746507669400554241e-02 5.318299025288081294e-02 5.861455315669242272e-02 6.363102546227948630e-02 6.812982070579289007e-02 7.203806163325844614e-02 7.531341049211009997e-02 7.794256529882641338e-02 7.993798712419233898e-02 8.133348595617582999e-02 8.217926446586472367e-02 8.253692864546058328e-02 8.247485121680493692e-02 8.206414299555948866e-02 8.137536721405690121e-02 8.047603297961077040e-02 7.942883099667585878e-02 7.829052706679784368e-02 7.711140335993102446e-02 7.593512923779384416e-02 7.479894743326953588e-02 7.373407304117068906e-02 7.276621829774149175e-02 7.191617273306458169e-02 7.120038410479818947e-02 7.063149947053584676e-02 7.021883733449033049e-02 6.996877094407524811e-02 6.988500972777046683e-02 6.996877094407524811e-02 7.021883733449033049e-02 7.063149947053584676e-02 7.120038410479818947e-02 7.191617273306458169e-02 7.276621829774146399e-02 7.373407304117068906e-02 7.479894743326953588e-02 7.593512923779384416e-02 7.711140335993101058e-02 7.829052706679782980e-02 7.942883099667584490e-02 8.047603297961075652e-02 8.137536721405690121e-02 8.206414299555948866e-02 8.247485121680493692e-02 8.253692864546058328e-02 8.217926446586472367e-02 8.133348595617584387e-02 7.993798712419233898e-02 7.794256529882642726e-02 7.531341049211007221e-02 7.203806163325846001e-02 6.812982070579291782e-02 6.363102546227948630e-02 5.861455315669246435e-02 5.318299025288081294e-02 4.746507669400558405e-02 4.160932135221146605e-02 3.577506610121287955e-02 3.012169912320769929e-02 2.479710749577047554e-02 1.992672534971056883e-02 1.560459485905711305e-02 1.188766339792717355e-02 8.794096227772853908e-03 6.305759443368653613e-03 4.374347706924843968e-03 2.930047437390823940e-03 1.891274940103280892e-03 1.173989072139280943e-03 6.993442373031765304e-04 3.989341206544650830e-04 2.174391610556925349e-04 1.129851565495819491e-04 5.584061612306911581e-05 2.618784815029093780e-05 1.162581308840162382e-05 4.873616611192548830e-06 1.924385030675340493e-06
1.895591357987891133e-06 4.800694966474913795e-06 1.145186148752298540e-05 2.579601163316541047e-05 5.500509911494267268e-05 1.112946125241551985e-04 2.141857206406652886e-04 3.929650560905254019e-04 6.888802767423833542e-04 1.156423223027495950e-03 1.862976678207005875e-03 2.886206508716935432e-03 4.308896389186138605e-03 6.211409315632291338e-03 8.662514281162318752e-03 1.170979385340134050e-02 1.537111060843691229e-02 1.962857108312339102e-02 2.442607998025391608e-02 2.967100223484163066e-02 3.523978052827909935e-02 4.098674054812881384e-02 4.675487896297648299e-02 5.238723805699935232e-02 5.773753102681092320e-02 6.267894420477525264e-02 6.711042608029589573e-02 7.096018982764659699e-02 7.418653117424073296e-02 7.677634716791158220e-02 7.874191243027317544e-02 8.011653106626503984e-02 8.094965458790015500e-02 8.130196720574764391e-02 8.124081861260749882e-02 8.083625562628338201e-02 8.015778567448300640e-02 7.927190775733851391e-02 7.824037456763031917e-02 7.711910254677949161e-02 7.595762151616110291e-02 7.479894743326953588e-02 7.367976578540379184e-02 7.263082461052010330e-02 7.167745142470388631e-02 7.084012469402777012e-02 7.013504607604888197e-02 6.957467339635634018e-02 6.916818573074494381e-02 6.892186096670972761e-02 6.883935303028798636e-02 6.892186096670972761e-02 6.916818573074494381e-02 6.957467339635634018e-02 7.013504607604888197e-02 7.084012469402777012e-02 7.167745142470388631e-02 7.263082461052010330e-02 7.367976578540379184e-02 7.479894743326953588e-02 7.595762151616110291e-02 7.711910254677947774e-02 7.824037456763030529e-02 7.927190775733850003e-02 8.015778567448300640e-02 8.083625562628338201e-02 8.124081861260749882e-02 8.130196720574764391e-02 8.094965458790015500e-02 8.011653106626503984e-02 7.874191243027317544e-02 7.677634716791159608e-02 7.418653117424071908e-02 7.096018982764661087e-02 6.711042608029593737e-02 6.267894420477525264e-02 5.773753102681097177e-02 5.238723805699935232e-02 4.675487896297652463e-02 4.098674054812879303e-02 3.523978052827911323e-02 2.967100223484169311e-02 2.442607998025391608e-02 1.962857108312342572e-02 1.537111060843691229e-02 1.170979385340137000e-02 8.662514281162318752e-03 6.211409315632291338e-03 4.308896389186162024e-03 2.886206508716935432e-03 1.862976678207012380e-03 1.156423223027495950e-03 6.888802767423864984e-04 3.929650560905254019e-04 2.141857206406660476e-04 1.112946125241551985e-04 5.500509911494267268e-05 2.579601163316552566e-05 1.145186148752298540e-05 4.800694966474939206e-06 1.895591357987891133e-06
1.868604792477645911e-06 4.732349925408151442e-06 1.128882718746404262e-05 2.542876699739095482e-05 5.422201962663007741e-05 1.097101679975624131e-04 2.111364679855129239e-04 3.873706133934028020e-04 6.790730402624934074e-04 1.139959816537330006e-03 1.836454431226592146e-03 2.845117061513369790e-03 4.247552833153550415e-03 6.122980655256265135e-03 8.539190491914755779e-03 1.154308750205371333e-02 1.515227996139276688e-02 1.934912914687745775e-02 2.407833836138239397e-02 2.924859133800409433e-02 3.473808978054195723e-02 4.040323326730457104e-02 4.608925364307778216e-02 5.164142771883311472e-02 5.691555130165081716e-02 6.178661610527888537e-02 6.615500923783959597e-02 6.994996586596120836e-02 7.313037543947495389e-02 7.568332154624841934e-02 7.762090406038009427e-02 7.897595295328599385e-02 7.979721572107244254e-02 8.014451264421254550e-02 8.008423459234580155e-02 7.968543116252496672e-02 7.901662024072798884e-02 7.814335411480334559e-02 7.712650633600016958e-02 7.602119729193648756e-02 7.487625167323037900e-02 7.373407304117068906e-02 7.263082461052010330e-02 7.159681667513081993e-02 7.065701617618423691e-02 6.983161003829603530e-02 6.913656926430382377e-02 6.858417432409977255e-02 6.818347361566715059e-02 6.794065565142472229e-02 6.785932233833198712e-02 6.794065565142472229e-02 6.818347361566715059e-02 6.858417432409977255e-02 6.913656926430382377e-02 6.983161003829603530e-02 7.065701617618423691e-02 7.159681667513081993e-02 7.263082461052010330e-02 7.373407304117068906e-02 7.487625167323037900e-02 7.602119729193647368e-02 7.712650633600016958e-02 7.814335411480333171e-02 7.901662024072798884e-02 7.968543116252496672e-02 8.008423459234580155e-02 8.014451264421254550e-02 7.979721572107244254e-02 7.897595295328599385e-02 7.762090406038009427e-02 7.568332154624843322e-02 7.313037543947494001e-02 6.994996586596122223e-02 6.615500923783962373e-02 6.178661610527888537e-02 5.691555130165085880e-02 5.164142771883311472e-02 4.608925364307783074e-02 4.040323326730455022e-02 3.473808978054197111e-02 2.924859133800416025e-02 2.407833836138239397e-02 1.934912914687749591e-02 1.515227996139276688e-02 1.154308750205373935e-02 8.539190491914755779e-03 6.122980655256265135e-03 4.247552833153572967e-03 2.845117061513369790e-03 1.836454431226600169e-03 1.139959816537330006e-03 6.790730402624957926e-04 3.873706133934028020e-04 2.111364679855136828e-04 1.097101679975624131e-04 5.422201962663007741e-05 2.542876699739109034e-05 1.128882718746404262e-05 4.732349925408176853e-06 1.868604792477645911e-06
1.844076946159104835e-06 4.670231733180857209e-06 1.114064678062504126e-05 2.509498165578590207e-05 5.351028573306585063e-05 1.082700806387700535e-04 2.083650297125101908e-04 3.822858748163202448e-04 6.701593313617798444e-04 1.124996374667813119e-03 1.812348599837598946e-03 2.807771233051412508e-03 4.191798227609943965e-03 6.042608642336185637e-03 8.427102610671161759e-03 1.139156960087330493e-02 1.495338675734838099e-02 1.909514688801630666e-02 2.376227913617256701e-02 2.886466587861298214e-02 3.428210757875860965e-02 3.987288875553723910e-02 4.548427278525026679e-02 5.096356742014569036e-02 5.616846133319848555e-02 6.097558713303504602e-02 6.528663947537315104e-02 6.903178240648680242e-02 7.217044500516496541e-02 7.468988040383230109e-02 7.660202965014435705e-02 7.793929177982823753e-02 7.874977441527399036e-02 7.909251261867196459e-02 7.903302579392747218e-02 7.863945717313491901e-02 7.797942525670710501e-02 7.711762187422509240e-02 7.611412153311888917e-02 7.502332109487513945e-02 7.389340436311814253e-02 7.276621829774149175e-02 7.167745142470388631e-02 7.065701617618423691e-02 6.972955177008138827e-02 6.891498015160681112e-02 6.822906268360109938e-02 6.768391863896096317e-02 6.728847764378376173e-02 6.704884697828653040e-02 6.696858126975745173e-02 6.704884697828653040e-02 6.728847764378376173e-02 6.768391863896094929e-02 6.822906268360109938e-02 6.891498015160681112e-02 6.972955177008137440e-02 7.065701617618423691e-02 7.167745142470388631e-02 7.276621829774149175e-02 7.389340436311814253e-02 7.502332109487512557e-02 7.611412153311887530e-02 7.711762187422509240e-02 7.797942525670710501e-02 7.863945717313491901e-02 7.903302579392747218e-02 7.909251261867196459e-02 7.874977441527399036e-02 7.793929177982825141e-02 7.660202965014435705e-02 7.468988040383231497e-02 7.217044500516496541e-02 6.903178240648680242e-02 6.528663947537317880e-02 6.097558713303504602e-02 5.616846133319852719e-02 5.096356742014569036e-02 4.548427278525031536e-02 3.987288875553721135e-02 3.428210757875862352e-02 2.886466587861304459e-02 2.376227913617256701e-02 1.909514688801634483e-02 1.495338675734838099e-02 1.139156960087333269e-02 8.427102610671161759e-03 6.042608642336185637e-03 4.191798227609969986e-03 2.807771233051412508e-03 1.812348599837606102e-03 1.124996374667813119e-03 6.701593313617822296e-04 3.822858748163202448e-04 2.083650297125109227e-04 1.082700806387700535e-04 5.351028573306585063e-05 2.509498165578601388e-05 1.114064678062504126e-05 4.670231733180881773e-06 1.844076946159104835e-06
1.822534677429520482e-06 4.615674689216307333e-06 1.101050318370547011e-05 2.480182532100338826e-05 5.288518548577980432e-05 1.070052835394125939e-04 2.059309363449511750e-04 3.778200605974666717e-04 6.623306166013127969e-04 1.111854312307899387e-03 1.791176977552149264e-03 2.774971212119764670e-03 4.142830182069630329e-03 5.972019668556086645e-03 8.328658286301202432e-03 1.125849475597331777e-02 1.477870322442144564e-02 1.887207984813530498e-02 2.348469126011078559e-02 2.852747257957964286e-02 3.388162842542594144e-02 3.940709881852532542e-02 4.495293138469193261e-02 5.036821760729233433e-02 5.551230862184489134e-02 6.026327819890957976e-02 6.452396938454031672e-02 6.822536203960349876e-02 7.132735918715012169e-02 7.381736286686561843e-02 7.570717463262897906e-02 7.702881503881615910e-02 7.782982972078535122e-02 7.816856410075455341e-02 7.810977219341422306e-02 7.772080119042189261e-02 7.706847968160121520e-02 7.621674377493477259e-02 7.522496619521515382e-02 7.414690834681827991e-02 7.303019115639726444e-02 7.191617273306458169e-02 7.084012469402777012e-02 6.983161003829603530e-02 6.891498015160681112e-02 6.810992425358046443e-02 6.743201958485238456e-02 6.689324384253847455e-02 6.650242233799726066e-02 6.626559100698699301e-02 6.618626295209893706e-02 6.626559100698699301e-02 6.650242233799726066e-02 6.689324384253846068e-02 6.743201958485238456e-02 6.810992425358046443e-02 6.891498015160681112e-02 6.983161003829603530e-02 7.084012469402777012e-02 7.191617273306458169e-02 7.303019115639726444e-02 7.414690834681827991e-02 7.522496619521513994e-02 7.621674377493475872e-02 7.706847968160121520e-02 7.772080119042189261e-02 7.810977219341422306e-02 7.816856410075455341e-02 7.782982972078535122e-02 7.702881503881615910e-02 7.570717463262897906e-02 7.381736286686563231e-02 7.132735918715010781e-02 6.822536203960351264e-02 6.452396938454034447e-02 6.026327819890957976e-02 5.551230862184492604e-02 5.036821760729233433e-02 4.495293138469198119e-02 3.940709881852530461e-02 3.388162842542594838e-02 2.852747257957970184e-02 2.348469126011078559e-02 1.887207984813533967e-02 1.477870322442144564e-02 1.125849475597334726e-02 8.328658286301202432e-03 5.972019668556086645e-03 4.142830182069652881e-03 2.774971212119764670e-03 1.791176977552157070e-03 1.111854312307899387e-03 6.623306166013150737e-04 3.778200605974666717e-04 2.059309363449518798e-04 1.070052835394125939e-04 5.288518548577980432e-05 2.480182532100352040e-05 1.101050318370547011e-05 4.615674689216341215e-06 1.822534677429520482e-06
1.804394813374638823e-06 4.569734432264912116e-06 1.090091457976738024e-05 2.455497035291546345e-05 5.235881411567107254e-05 1.059402495948750741e-04 2.038812858026301737e-04 3.740595809636239333e-04 6.557383758646481101e-04 1.100787918716669136e-03 1.773349219719382898e-03 2.747351655044963457e-03 4.101596192266372849e-03 5.912579578739258178e-03 8.245762344213468722e-03 1.114643786791233958e-02 1.463160936073893206e-02 1.868424421070267322e-02 2.325094585482163911e-02 2.824353588370683704e-02 3.354440129816924770e-02 3.901487614961372113e-02 4.450551050744593062e-02 4.986689786210556780e-02 5.495978924087311507e-02 5.966347195787192331e-02 6.388175607172272286e-02 6.754630840741746023e-02 7.061743107709983480e-02 7.308265150917370168e-02 7.495365379550995855e-02 7.626213978680750072e-02 7.705518189211361946e-02 7.739054481601155555e-02 7.733233807021568096e-02 7.694723853326619623e-02 7.630140964356360578e-02 7.545815114681914126e-02 7.447624482534859203e-02 7.340891699106635859e-02 7.230331459493312407e-02 7.120038410479818947e-02 7.013504607604888197e-02 6.913656926430382377e-02 6.822906268360109938e-02 6.743201958485238456e-02 6.676086216690928221e-02 6.622744891170886938e-02 6.584051729143153286e-02 6.560604316558264759e-02 6.552750467050338923e-02 6.560604316558264759e-02 6.584051729143153286e-02 6.622744891170886938e-02 6.676086216690926833e-02 6.743201958485238456e-02 6.822906268360108550e-02 6.913656926430382377e-02 7.013504607604888197e-02 7.120038410479818947e-02 7.230331459493312407e-02 7.340891699106634471e-02 7.447624482534859203e-02 7.545815114681912739e-02 7.630140964356360578e-02 7.694723853326619623e-02 7.733233807021568096e-02 7.739054481601155555e-02 7.705518189211361946e-02 7.626213978680750072e-02 7.495365379550995855e-02 7.308265150917370168e-02 7.061743107709982092e-02 6.754630840741747411e-02 6.388175607172275061e-02 5.966347195787192331e-02 5.495978924087315670e-02 4.986689786210556780e-02 4.450551050744597920e-02 3.901487614961370032e-02 3.354440129816925464e-02 2.824353588370689602e-02 2.325094585482163911e-02 1.868424421070270444e-02 1.463160936073893206e-02 1.114643786791236907e-02 8.245762344213468722e-03 5.912579578739258178e-03 4.101596192266395401e-03 2.747351655044963457e-03 1.773349219719389837e-03 1.100787918716669136e-03 6.557383758646504954e-04 3.740595809636239333e-04 2.038812858026309055e-04 1.059402495948750741e-04 5.235881411567107254e-05 2.455497035291559558e-05 1.090091457976738024e-05 4.569734432264944304e-06 1.804394813374638823e-06
1.789977861887963553e-06 4.533222667140888919e-06 1.081381725744523518e-05 2.435877835895124943e-05 5.194047192281488694e-05 1.050937965749626670e-04 2.022522927548394821e-04 3.710708787173609561e-04 6.504990855038478379e-04 1.091992722729836227e-03 1.759180319720268868e-03 2.725400563613072664e-03 4.068824809371936191e-03 5.865338602254538229e-03 8.179879448294014033e-03 1.105737883670709215e-02 1.451470412427838946e-02 1.853495878804780131e-02 2.306517289874594409e-02 2.801787258450568266e-02 3.327638456337227157e-02 3.870315081514789923e-02 4.414991550067713655e-02 4.946846585490844578e-02 5.452066549182971872e-02 5.918676620901504315e-02 6.337134661402361868e-02 6.700661950774008946e-02 7.005320418484442535e-02 7.249872772846033264e-02 7.435478087562061300e-02 7.565281218210209713e-02 7.643951795265802041e-02 7.677220135710242921e-02 7.671445967794503218e-02 7.633243705149239666e-02 7.569176827625175019e-02 7.485524733868677283e-02 7.388118635998500161e-02 7.282238637863891473e-02 7.172561764573197329e-02 7.063149947053584676e-02 6.957467339635634018e-02 6.858417432409977255e-02 6.768391863896096317e-02 6.689324384253847455e-02 6.622744891170886938e-02 6.569829758021028532e-02 6.531445750861002153e-02 6.508185680983606669e-02 6.500394583023456907e-02 6.508185680983606669e-02 6.531445750861002153e-02 6.569829758021028532e-02 6.622744891170886938e-02 6.689324384253846068e-02 6.768391863896094929e-02 6.858417432409977255e-02 6.957467339635634018e-02 7.063149947053584676e-02 7.172561764573197329e-02 7.282238637863890085e-02 7.388118635998498773e-02 7.485524733868677283e-02 7.569176827625175019e-02 7.633243705149239666e-02 7.671445967794503218e-02 7.677220135710242921e-02 7.643951795265802041e-02 7.565281218210211100e-02 7.435478087562061300e-02 7.249872772846033264e-02 7.005320418484442535e-02 6.700661950774010334e-02 6.337134661402364644e-02 5.918676620901504315e-02 5.452066549182975341e-02 4.946846585490844578e-02 4.414991550067717818e-02 3.870315081514787148e-02 3.327638456337228545e-02 2.801787258450574164e-02 2.306517289874594409e-02 1.853495878804783600e-02 1.451470412427838946e-02 1.105737883670711817e-02 8.179879448294014033e-03 5.865338602254538229e-03 4.068824809371961344e-03 2.725400563613072664e-03 1.759180319720275157e-03 1.091992722729836227e-03 6.504990855038505484e-04 3.710708787173609561e-04 2.022522927548401868e-04 1.050937965749626670e-04 5.194047192281488694e-05 2.435877835895135785e-05 1.081381725744523518e-05 4.533222667140913483e-06 1.789977861887963553e-06
1.779519977041994423e-06 4.506737467718314483e-06 1.075063789750363369e-05 2.421646302394611584e-05 5.163701148021417286e-05 1.044797896388951651e-04 2.010706406056715070e-04 3.689029097150935111e-04 6.466985666966318077e-04 1.085612792346285060e-03 1.748902368468111153e-03 2.709477503412016132e-03 4.045052838656084185e-03 5.831070560737929877e-03 8.132088780517861271e-03 1.099277647651334365e-02 1.442990245855002400e-02 1.842666892102916634e-02 2.293041540969353864e-02 2.785417911580060843e-02 3.308196841708160862e-02 3.847702897139838180e-02 4.389197111929897532e-02 4.917944802377635649e-02 5.420213035596067180e-02 5.884096953823039766e-02 6.300110167438824349e-02 6.661513560972674719e-02 6.964392071935873729e-02 7.207515637475446491e-02 7.392036559445940014e-02 7.521081319713165958e-02 7.599292266595038259e-02 7.632366237890679528e-02 7.626625805354818322e-02 7.588646738131189784e-02 7.524954169162471895e-02 7.441790809921777772e-02 7.344953803869165576e-02 7.239692406026525251e-02 7.130656316141906204e-02 7.021883733449033049e-02 6.916818573074494381e-02 6.818347361566715059e-02 6.728847764378376173e-02 6.650242233799726066e-02 6.584051729143153286e-02 6.531445750861002153e-02 6.493286000958763127e-02 6.470161827249397424e-02 6.462416248514386841e-02 6.470161827249397424e-02 6.493286000958763127e-02 6.531445750861002153e-02 6.584051729143153286e-02 6.650242233799726066e-02 6.728847764378376173e-02 6.818347361566715059e-02 6.916818573074494381e-02 7.021883733449033049e-02 7.130656316141906204e-02 7.239692406026525251e-02 7.344953803869164188e-02 7.441790809921777772e-02 7.524954169162471895e-02 7.588646738131189784e-02 7.626625805354818322e-02 7.632366237890679528e-02 7.599292266595038259e-02 7.521081319713165958e-02 7.392036559445940014e-02 7.207515637475447878e-02 6.964392071935873729e-02 6.661513560972674719e-02 6.300110167438827125e-02 5.884096953823039766e-02 5.420213035596070650e-02 4.917944802377635649e-02 4.389197111929903083e-02 3.847702897139835404e-02 3.308196841708162250e-02 2.785417911580066741e-02 2.293041540969353864e-02 1.842666892102919757e-02 1.442990245855002400e-02 1.099277647651336794e-02 8.132088780517861271e-03 5.831070560737929877e-03 4.045052838656107604e-03 2.709477503412016132e-03 1.748902368468117441e-03 1.085612792346285060e-03 6.466985666966346266e-04 3.689029097150935111e-04 2.010706406056721846e-04 1.044797896388951651e-04 5.163701148021417286e-05 2.421646302394622426e-05 1.075063789750363369e-05 4.506737467718339047e-06 1.779519977041994423e-06
1.773182672776891477e-06 4.490687877410618717e-06 1.071235225627488310e-05 2.413022229813956309e-05 5.145311949961685691e-05 1.041077116487417511e-04 2.003545790583235347e-04 3.675891565606992806e-04 6.443955155155059065e-04 1.081746660654623639e-03 1.742674100967925689e-03 2.699828393786894189e-03 4.030647419814092393e-03 5.810304697577401735e-03 8.103128430773074570e-03 1.095362852080130484e-02 1.437851405966978843e-02 1.836104706285874785e-02 2.284875461282067852e-02 2.775498359656574168e-02 3.296415546625648674e-02 3.834000289529091582e-02 4.373566111470972989e-02 4.900430802549741310e-02 5.400910336198813666e-02 5.863142250755459806e-02 6.277673939944995729e-02 6.637790287929028199e-02 6.939590174710372206e-02 7.181847917989606089e-02 7.365711715993583653e-02 7.494296916424349198e-02 7.572229335066220368e-02 7.605185521890733824e-02 7.599465532433939685e-02 7.561621717923291963e-02 7.498155973713042932e-02 7.415288779459545954e-02 7.318796633582369537e-02 7.213910097227156648e-02 7.105262311428128807e-02 6.996877094407524811e-02 6.892186096670972761e-02 6.794065565142472229e-02 6.704884697828653040e-02 6.626559100698699301e-02 6.560604316558264759e-02 6.508185680983606669e-02 6.470161827249397424e-02 6.447120004357423384e-02 6.439402009515703129e-02 6.447120004357423384e-02 6.470161827249397424e-02 6.508185680983606669e-02 6.560604316558264759e-02 6.626559100698699301e-02 6.704884697828653040e-02 6.794065565142472229e-02 6.892186096670972761e-02 6.996877094407524811e-02 7.105262311428128807e-02 7.213910097227156648e-02 7.318796633582368150e-02 7.415288779459544566e-02 7.498155973713042932e-02 7.561621717923291963e-02 7.599465532433939685e-02 7.605185521890733824e-02 7.572229335066220368e-02 7.494296916424349198e-02 7.365711715993583653e-02 7.181847917989606089e-02 6.939590174710370818e-02 6.637790287929029587e-02 6.277673939944998505e-02 5.863142250755459806e-02 5.400910336198817829e-02 4.900430802549741310e-02 4.373566111470977846e-02 3.834000289529088806e-02 3.296415546625650062e-02 2.775498359656580066e-02 2.284875461282067852e-02 1.836104706285878255e-02 1.437851405966978843e-02 1.095362852080133259e-02 8.103128430773074570e-03 5.810304697577401735e-03 4.030647419814115812e-03 2.699828393786894189e-03 1.742674100967931978e-03 1.081746660654623639e-03 6.443955155155088339e-04 3.675891565606992806e-04 2.003545790583242394e-04 1.041077116487417511e-04 5.145311949961685691e-05 2.413022229813966812e-05 1.071235225627488310e-05 4.490687877410650057e-06 1.773182672776891477e-06
1.771059955235932531e-06 4.485311972223473424e-06 1.069952825433281789e-05 2.410133545702278110e-05 5.139152379322082934e-05 1.039830819255560307e-04 2.001147300084155220e-04 3.671491071724003940e-04 6.436240949026720681e-04 1.080451676981086274e-03 1.740587905936193504e-03 2.696596367455339482e-03 4.025822239582626388e-03 5.803349048907234346e-03 8.093427990361197824e-03 1.094051568152353167e-02 1.436130121156565555e-02 1.833906663339195456e-02 2.282140184598489482e-02 2.772175747077847835e-02 3.292469332165885720e-02 3.829410520075793301e-02 4.368330415429105829e-02 4.894564384733612189e-02 5.394444782883968392e-02 5.856123349041668369e-02 6.270158792863236852e-02 6.629844037329064854e-02 6.931282632561958090e-02 7.173250363554818654e-02 7.356894054000132077e-02 7.485325322145942872e-02 7.563164446106673822e-02 7.596081180326033633e-02 7.590368038399469830e-02 7.552569527584887532e-02 7.489179759668877778e-02 7.406411767629292320e-02 7.310035134707304483e-02 7.205274160424150753e-02 7.096756439374930781e-02 6.988500972777046683e-02 6.883935303028798636e-02 6.785932233833198712e-02 6.696858126975745173e-02 6.618626295209893706e-02 6.552750467050338923e-02 6.500394583023456907e-02 6.462416248514386841e-02 6.439402009515703129e-02 6.431693254062163800e-02 6.439402009515703129e-02 6.462416248514386841e-02 6.500394583023456907e-02 6.552750467050338923e-02 6.618626295209893706e-02 6.696858126975743786e-02 6.785932233833198712e-02 6.883935303028798636e-02 6.988500972777046683e-02 7.096756439374930781e-02 7.205274160424149366e-02 7.310035134707303095e-02 7.406411767629292320e-02 7.489179759668877778e-02 7.552569527584887532e-02 7.590368038399469830e-02 7.596081180326033633e-02 7.563164446106673822e-02 7.485325322145944260e-02 7.356894054000132077e-02 7.173250363554818654e-02 6.931282632561958090e-02 6.629844037329066242e-02 6.270158792863239627e-02 5.856123349041668369e-02 5.394444782883972556e-02 4.894564384733612189e-02 4.368330415429110686e-02 3.829410520075791219e-02 3.292469332165886414e-02 2.772175747077853386e-02 2.282140184598489482e-02 1.833906663339198925e-02 1.436130121156565555e-02 1.094051568152355595e-02 8.093427990361197824e-03 5.803349048907234346e-03 4.025822239582649807e-03 2.696596367455339482e-03 1.740587905936200443e-03 1.080451676981086274e-03 6.436240949026743449e-04 3.671491071724003940e-04 2.001147300084164164e-04 1.039830819255560307e-04 5.139152379322082934e-05 2.410133545702290985e-05 1.069952825433281789e-05 4.485311972223505611e-06 1.771059955235932531e-06
1.773182672776891477e-06 4.490687877410618717e-06 1.071235225627488310e-05 2.413022229813956309e-05 5.145311949961685691e-05 1.041077116487417511e-04 2.003545790583235347e-04 3.675891565606992806e-04 6.443955155155059065e-04 1.081746660654623639e-03 1.742674100967925689e-03 2.699828393786894189e-03 4.030647419814092393e-03 5.810304697577401735e-03 8.103128430773074570e-03 1.095362852080130484e-02 1.437851405966978843e-02 1.836104706285874785e-02 2.284875461282067852e-02 2.775498359656574168e-02 3.296415546625648674e-02 3.834000289529091582e-02 4.373566111470972989e-02 4.900430802549741310e-02 5.400910336198813666e-02 5.863142250755459806e-02 6.277673939944995729e-02 6.637790287929028199e-02 6.939590174710372206e-02 7.181847917989606089e-02 7.365711715993583653e-02 7.494296916424349198e-02 7.572229335066220368e-02 7.605185521890733824e-02 7.599465532433939685e-02 7.561621717923291963e-02 7.498155973713042932e-02 7.415288779459545954e-02 7.318796633582369537e-02 7.213910097227156648e-02 7.105262311428128807e-02 6.996877094407524811e-02 6.892186096670972761e-02 6.794065565142472229e-02 6.704884697828653040e-02 6.626559100698699301e-02 6.560604316558264759e-02 6.508185680983606669e-02 6.470161827249397424e-02 6.447120004357423384e-02 6.439402009515703129e-02 6.447120004357423384e-02 6.470161827249397424e-02 6.508185680983606669e-02 6.560604316558264759e-02 6.626559100698699301e-02 6.704884697828653040e-02 6.794065565142472229e-02 6.892186096670972761e-02 6.996877094407524811e-02 7.105262311428128807e-02 7.213910097227156648e-02 7.318796633582368150e-02 7.415288779459544566e-02 7.498155973713042932e-02 7.561621717923291963e-02 7.599465532433939685e-02 7.605185521890733824e-02 7.572229335066220368e-02 7.494296916424349198e-02 7.365711715993583653e-02 7.181847917989606089e-02 6.939590174710370818e-02 6.637790287929029587e-02 6.277673939944998505e-02 5.863142250755459806e-02 5.400910336198817829e-02 4.900430802549741310e-02 4.373566111470977846e-02 3.834000289529088806e-02 3.296415546625650062e-02 2.775498359656580066e-02 2.284875461282067852e-02 1.836104706285878255e-02 1.437851405966978843e-02 1.095362852080133259e-02 8.103128430773074570e-03 5.810304697577401735e-03 4.030647419814115812e-03 2.699828393786894189e-03 1.742674100967931978e-03 1.081746660654623639e-03 6.443955155155088339e-04 3.675891565606992806e-04 2.003545790583242394e-04 1.041077116487417511e-04 5.145311949961685691e-05 2.413022229813966812e-05 1.071235225627488310e-05 4.490687877410650057e-06 1.773182672776891477e-06
1.779519977041994423e-06 4.506737467718314483e-06 1.075063789750363369e-05 2.421646302394611584e-05 5.163701148021417286e-05 1.044797896388951651e-04 2.010706406056715070e-04 3.689029097150935111e-04 6.466985666966318077e-04 1.085612792346285060e-03 1.748902368468111153e-03 2.709477503412016132e-03 4.045052838656084185e-03 5.831070560737929877e-03 8.132088780517861271e-03 1.099277647651334365e-02 1.442990245855002400e-02 1.842666892102916634e-02 2.293041540969353864e-02 2.785417911580060843e-02 3.308196841708160862e-02 3.847702897139838180e-02 4.389197111929897532e-02 4.917944802377635649e-02 5.420213035596067180e-02 5.884096953823039766e-02 6.300110167438824349e-02 6.661513560972674719e-02 6.964392071935873729e-02 7.207515637475446491e-02 7.392036559445940014e-02 7.521081319713165958e-02 7.599292266595038259e-02 7.632366237890679528e-02 7.626625805354818322e-02 7.588646738131189784e-02 7.524954169162471895e-02 7.441790809921777772e-02 7.344953803869165576e-02 7.239692406026525251e-02 7.130656316141906204e-02 7.021883733449033049e-02 6.916818573074494381e-02 6.818347361566715059e-02 6.728847764378376173e-02 6.650242233799726066e-02 6.584051729143153286e-02 6.531445750861002153e-02 6.493286000958763127e-02 6.470161827249397424e-02 6.462416248514386841e-02 6.470161827249397424e-02 6.493286000958763127e-02 6.531445750861002153e-02 6.584051729143153286e-02 6.650242233799726066e-02 6.728847764378376173e-02 6.818347361566715059e-02 6.916818573074494381e-02 7.021883733449033049e-02 7.130656316141906204e-02 7.239692406026525251e-02 7.344953803869164188e-02 7.441790809921777772e-02 7.524954169162471895e-02 7.588646738131189784e-02 7.626625805354818322e-02 7.632366237890679528e-02 7.599292266595038259e-02 7.521081319713165958e-02 7.392036559445940014e-02 7.207515637475447878e-02 6.964392071935873729e-02 6.661513560972674719e-02 6.300110167438827125e-02 5.884096953823039766e-02 5.420213035596070650e-02 4.917944802377635649e-02 4.389197111929903083e-02 3.847702897139835404e-02 3.308196841708162250e-02 2.785417911580066741e-02 2.293041540969353864e-02 1.842666892102919757e-02 1.442990245855002400e-02 1.099277647651336794e-02 8.132088780517861271e-03 5.831070560737929877e-03 4.045052838656107604e-03 2.709477503412016132e-03 1.748902368468117441e-03 1.085612792346285060e-03 6.466985666966346266e-04 3.689029097150935111e-04 2.010706406056721846e-04 1.044797896388951651e-04 5.163701148021417286e-05 2.421646302394622426e-05 1.075063789750363369e-05 4.506737467718339047e-06 1.779519977041994423e-06
1.789977861887963553e-06 4.533222667140881296e-06 1.081381725744523518e-05 2.435877835895124943e-05 5.194047192281488694e-05 1.050937965749626670e-04 2.022522927548394821e-04 3.710708787173609561e-04 6.504990855038478379e-04 1.091992722729836227e-03 1.759180319720268868e-03 2.725400563613072664e-03 4.068824809371936191e-03 5.865338602254538229e-03 8.179879448294014033e-03 1.105737883670709215e-02 1.451470412427838946e-02 1.853495878804780131e-02 2.306517289874594409e-02 2.801787258450568266e-02 3.327638456337227157e-02 3.870315081514789923e-02 4.414991550067713655e-02 4.946846585490844578e-02 5.452066549182971872e-02 5.918676620901504315e-02 6.337134661402361868e-02 6.700661950774008946e-02 7.005320418484442535e-02 7.249872772846033264e-02 7.435478087562061300e-02 7.565281218210209713e-02 7.643951795265802041e-02 7.677220135710242921e-02 7.671445967794501830e-02 7.633243705149239666e-02 7.569176827625173631e-02 7.485524733868677283e-02 7.388118635998498773e-02 7.282238637863890085e-02 7.172561764573197329e-02 7.063149947053584676e-02 6.957467339635634018e-02 6.858417432409977255e-02 6.768391863896094929e-02 6.689324384253846068e-02 6.622744891170886938e-02 6.569829758021028532e-02 6.531445750861002153e-02 6.508185680983606669e-02 6.500394583023456907e-02 6.508185680983606669e-02 6.531445750861002153e-02 6.569829758021028532e-02 6.622744891170885551e-02 6.689324384253846068e-02 6.768391863896094929e-02 6.858417432409977255e-02 6.957467339635634018e-02 7.063149947053584676e-02 7.172561764573195942e-02 7.282238637863890085e-02 7.388118635998498773e-02 7.485524733868677283e-02 7.569176827625173631e-02 7.633243705149239666e-02 7.671445967794501830e-02 7.677220135710242921e-02 7.643951795265802041e-02 7.565281218210211100e-02 7.435478087562061300e-02 7.249872772846033264e-02 7.005320418484442535e-02 6.700661950774010334e-02 6.337134661402364644e-02 5.918676620901504315e-02 5.452066549182975341e-02 4.946846585490844578e-02 4.414991550067717818e-02 3.870315081514787148e-02 3.327638456337228545e-02 2.801787258450574164e-02 2.306517289874594409e-02 1.853495878804783600e-02 1.451470412427838946e-02 1.105737883670711817e-02 8.179879448294014033e-03 5.865338602254538229e-03 4.068824809371961344e-03 2.725400563613072664e-03 1.759180319720275157e-03 1.091992722729836227e-03 6.504990855038505484e-04 3.710708787173609561e-04 2.022522927548401868e-04 1.050937965749626670e-04 5.194047192281488694e-05 2.435877835895135785e-05 1.081381725744523518e-05 4.533222667140905860e-06 1.789977861887963553e-06
1.804394813374638823e-06 4.569734432264912116e-06 1.090091457976738024e-05 2.455497035291546345e-05 5.235881411567107254e-05 1.059402495948750741e-04 2.038812858026301737e-04 3.740595809636239333e-04 6.557383758646481101e-04 1.100787918716669136e-03 1.773349219719382898e-03 2.747351655044963457e-03 4.101596192266372849e-03 5.912579578739258178e-03 8.245762344213468722e-03 1.114643786791233958e-02 1.463160936073893206e-02 1.868424421070266975e-02 2.325094585482163564e-02 2.824353588370683357e-02 3.354440129816924077e-02 3.901487614961372113e-02 4.450551050744592368e-02 4.986689786210556086e-02 5.495978924087310813e-02 5.966347195787190943e-02 6.388175607172270898e-02 6.754630840741746023e-02 7.061743107709983480e-02 7.308265150917370168e-02 7.495365379550995855e-02 7.626213978680748684e-02 7.705518189211361946e-02 7.739054481601154167e-02 7.733233807021568096e-02 7.694723853326619623e-02 7.630140964356360578e-02 7.545815114681912739e-02 7.447624482534859203e-02 7.340891699106634471e-02 7.230331459493312407e-02 7.120038410479818947e-02 7.013504607604888197e-02 6.913656926430382377e-02 6.822906268360109938e-02 6.743201958485238456e-02 6.676086216690926833e-02 6.622744891170886938e-02 6.584051729143153286e-02 6.560604316558264759e-02 6.552750467050338923e-02 6.560604316558264759e-02 6.584051729143153286e-02 6.622744891170885551e-02 6.676086216690926833e-02 6.743201958485238456e-02 6.822906268360108550e-02 6.913656926430382377e-02 7.013504607604888197e-02 7.120038410479818947e-02 7.230331459493311019e-02 7.340891699106634471e-02 7.447624482534859203e-02 7.545815114681912739e-02 7.630140964356360578e-02 7.694723853326619623e-02 7.733233807021568096e-02 7.739054481601154167e-02 7.705518189211361946e-02 7.626213978680750072e-02 7.495365379550995855e-02 7.308265150917370168e-02 7.061743107709982092e-02 6.754630840741747411e-02 6.388175607172273673e-02 5.966347195787190943e-02 5.495978924087314976e-02 4.986689786210556086e-02 4.450551050744597226e-02 3.901487614961369338e-02 3.354440129816924770e-02 2.824353588370688908e-02 2.325094585482163564e-02 1.868424421070270097e-02 1.463160936073893206e-02 1.114643786791236907e-02 8.245762344213468722e-03 5.912579578739258178e-03 4.101596192266395401e-03 2.747351655044963457e-03 1.773349219719389837e-03 1.100787918716669136e-03 6.557383758646504954e-04 3.740595809636239333e-04 2.038812858026309055e-04 1.059402495948750741e-04 5.235881411567107254e-05 2.455497035291559558e-05 1.090091457976738024e-05 4.569734432264944304e-06 1.804394813374638823e-06
1.822534677429520482e-06 4.615674689216307333e-06 1.101050318370547011e-05 2.480182532100338826e-05 5.288518548577980432e-05 1.070052835394125939e-04 2.059309363449511750e-04 3.778200605974666717e-04 6.623306166013127969e-04 1.111854312307899387e-03 1.791176977552149264e-03 2.774971212119764670e-03 4.142830182069630329e-03 5.972019668556086645e-03 8.328658286301202432e-03 1.125849475597331777e-02 1.477870322442144564e-02 1.887207984813530498e-02 2.348469126011078559e-02 2.852747257957963939e-02 3.388162842542593450e-02 3.940709881852532542e-02 4.495293138469192568e-02 5.036821760729232739e-02 5.551230862184488440e-02 6.026327819890957282e-02 6.452396938454030284e-02 6.822536203960349876e-02 7.132735918715012169e-02 7.381736286686561843e-02 7.570717463262897906e-02 7.702881503881615910e-02 7.782982972078533734e-02 7.816856410075455341e-02 7.810977219341422306e-02 7.772080119042189261e-02 7.706847968160120133e-02 7.621674377493475872e-02 7.522496619521513994e-02 7.414690834681827991e-02 7.303019115639726444e-02 7.191617273306458169e-02 7.084012469402777012e-02 6.983161003829603530e-02 6.891498015160681112e-02 6.810992425358046443e-02 6.743201958485238456e-02 6.689324384253846068e-02 6.650242233799726066e-02 6.626559100698699301e-02 6.618626295209893706e-02 6.626559100698699301e-02 6.650242233799726066e-02 6.689324384253846068e-02 6.743201958485238456e-02 6.810992425358045055e-02 6.891498015160679724e-02 6.983161003829603530e-02 7.084012469402777012e-02 7.191617273306458169e-02 7.303019115639725056e-02 7.414690834681826603e-02 7.522496619521512606e-02 7.621674377493475872e-02 7.706847968160120133e-02 7.772080119042189261e-02 7.810977219341422306e-02 7.816856410075455341e-02 7.782982972078533734e-02 7.702881503881615910e-02 7.570717463262897906e-02 7.381736286686563231e-02 7.132735918715010781e-02 6.822536203960351264e-02 6.452396938454033060e-02 6.026327819890957282e-02 5.551230862184491910e-02 5.036821760729232739e-02 4.495293138469197425e-02 3.940709881852529767e-02 3.388162842542594144e-02 2.852747257957970184e-02 2.348469126011078559e-02 1.887207984813533967e-02 1.477870322442144564e-02 1.125849475597334726e-02 8.328658286301202432e-03 5.972019668556086645e-03 4.142830182069652881e-03 2.774971212119764670e-03 1.791176977552157070e-03 1.111854312307899387e-03 6.623306166013150737e-04 3.778200605974666717e-04 2.059309363449518798e-04 1.070052835394125939e-04 5.288518548577980432e-05 2.480182532100352040e-05 1.101050318370547011e-05 4.615674689216341215e-06 1.822534677429520482e-06
1.844076946159104835e-06 4.670231733180857209e-06 1.114064678062504126e-05 2.509498165578590207e-05 5.351028573306585063e-05 1.082700806387700535e-04 2.083650297125101908e-04 3.822858748163202448e-04 6.701593313617798444e-04 1.124996374667813119e-03 1.812348599837598946e-03 2.807771233051412508e-03 4.191798227609943965e-03 6.042608642336185637e-03 8.427102610671161759e-03 1.139156960087330493e-02 1.495338675734838099e-02 1.909514688801630666e-02 2.376227913617256354e-02 2.886466587861297867e-02 3.428210757875860271e-02 3.987288875553723216e-02 4.548427278525025985e-02 5.096356742014568342e-02 5.616846133319847167e-02 6.097558713303503908e-02 6.528663947537313716e-02 6.903178240648678854e-02 7.217044500516496541e-02 7.468988040383230109e-02 7.660202965014434318e-02 7.793929177982823753e-02 7.874977441527399036e-02 7.909251261867196459e-02 7.903302579392747218e-02 7.863945717313490513e-02 7.797942525670709113e-02 7.711762187422509240e-02 7.611412153311887530e-02 7.502332109487513945e-02 7.389340436311814253e-02 7.276621829774146399e-02 7.167745142470388631e-02 7.065701617618423691e-02 6.972955177008137440e-02 6.891498015160681112e-02 6.822906268360108550e-02 6.768391863896094929e-02 6.728847764378376173e-02 6.704884697828653040e-02 6.696858126975743786e-02 6.704884697828653040e-02 6.728847764378376173e-02 6.768391863896094929e-02 6.822906268360108550e-02 6.891498015160679724e-02 6.972955177008137440e-02 7.065701617618423691e-02 7.167745142470388631e-02 7.276621829774146399e-02 7.389340436311812865e-02 7.502332109487512557e-02 7.611412153311887530e-02 7.711762187422507853e-02 7.797942525670709113e-02 7.863945717313490513e-02 7.903302579392747218e-02 7.909251261867196459e-02 7.874977441527399036e-02 7.793929177982823753e-02 7.660202965014434318e-02 7.468988040383230109e-02 7.217044500516495154e-02 6.903178240648678854e-02 6.528663947537316492e-02 6.097558713303503908e-02 5.616846133319852025e-02 5.096356742014568342e-02 4.548427278525031536e-02 3.987288875553721135e-02 3.428210757875861658e-02 2.886466587861304112e-02 2.376227913617256354e-02 1.909514688801634483e-02 1.495338675734838099e-02 1.139156960087333269e-02 8.427102610671161759e-03 6.042608642336185637e-03 4.191798227609969986e-03 2.807771233051412508e-03 1.812348599837606102e-03 1.124996374667813119e-03 6.701593313617822296e-04 3.822858748163202448e-04 2.083650297125109227e-04 1.082700806387700535e-04 5.351028573306585063e-05 2.509498165578601388e-05 1.114064678062504126e-05 4.670231733180881773e-06 1.844076946159104835e-06
1.868604792477645911e-06 4.732349925408151442e-06 1.128882718746404262e-05 2.542876699739095482e-05 5.422201962663007741e-05 1.097101679975624131e-04 2.111364679855129239e-04 3.873706133934028020e-04 6.790730402624934074e-04 1.139959816537330006e-03 1.836454431226592146e-03 2.845117061513369790e-03 4.247552833153550415e-03 6.122980655256265135e-03 8.539190491914755779e-03 1.154308750205371333e-02 1.515227996139276688e-02 1.934912914687745775e-02 2.407833836138239397e-02 2.924859133800409433e-02 3.473808978054195723e-02 4.040323326730457104e-02 4.608925364307778216e-02 5.164142771883311472e-02 5.691555130165081716e-02 6.178661610527888537e-02 6.615500923783959597e-02 6.994996586596120836e-02 7.313037543947495389e-02 7.568332154624841934e-02 7.762090406038009427e-02 7.897595295328599385e-02 7.979721572107244254e-02 8.014451264421254550e-02 8.008423459234580155e-02 7.968543116252496672e-02 7.901662024072798884e-02 7.814335411480334559e-02 7.712650633600016958e-02 7.602119729193648756e-02 7.487625167323037900e-02 7.373407304117068906e-02 7.263082461052010330e-02 7.159681667513081993e-02 7.065701617618423691e-02 6.983161003829603530e-02 6.913656926430382377e-02 6.858417432409977255e-02 6.818347361566715059e-02 6.794065565142472229e-02 6.785932233833198712e-02 6.794065565142472229e-02 6.818347361566715059e-02 6.858417432409977255e-02 6.913656926430382377e-02 6.983161003829603530e-02 7.065701617618423691e-02 7.159681667513081993e-02 7.263082461052010330e-02 7.373407304117068906e-02 7.487625167323037900e-02 7.602119729193647368e-02 7.712650633600016958e-02 7.814335411480333171e-02 7.901662024072798884e-02 7.968543116252496672e-02 8.008423459234580155e-02 8.014451264421254550e-02 7.979721572107244254e-02 7.897595295328599385e-02 7.762090406038009427e-02 7.568332154624843322e-02 7.313037543947494001e-02 6.994996586596122223e-02 6.615500923783962373e-02 6.178661610527888537e-02 5.691555130165085880e-02 5.164142771883311472e-02 4.608925364307783074e-02 4.040323326730455022e-02 3.473808978054197111e-02 2.924859133800416025e-02 2.407833836138239397e-02 1.934912914687749591e-02 1.515227996139276688e-02 1.154308750205373935e-02 8.539190491914755779e-03 6.122980655256265135e-03 4.247552833153572967e-03 2.845117061513369790e-03 1.836454431226600169e-03 1.139959816537330006e-03 6.790730402624957926e-04 3.873706133934028020e-04 2.111364679855136828e-04 1.097101679975624131e-04 5.422201962663007741e-05 2.542876699739109034e-05 1.128882718746404262e-05 4.732349925408176853e-06 1.868604792477645911e-06
1.895591357987891133e-06 4.800694966474913795e-06 1.145186148752298540e-05 2.579601163316541047e-05 5.500509911494267268e-05 1.112946125241551985e-04 2.141857206406652886e-04 3.929650560905254019e-04 6.888802767423833542e-04 1.156423223027495950e-03 1.862976678207005875e-03 2.886206508716935432e-03 4.308896389186138605e-03 6.211409315632291338e-03 8.662514281162318752e-03 1.170979385340134050e-02 1.537111060843691229e-02 1.962857108312339102e-02 2.442607998025391608e-02 2.967100223484163066e-02 3.523978052827909935e-02 4.098674054812881384e-02 4.675487896297648299e-02 5.238723805699935232e-02 5.773753102681092320e-02 6.267894420477525264e-02 6.711042608029589573e-02 7.096018982764659699e-02 7.418653117424073296e-02 7.677634716791158220e-02 7.874191243027317544e-02 8.011653106626503984e-02 8.094965458790015500e-02 8.130196720574764391e-02 8.124081861260749882e-02 8.083625562628338201e-02 8.015778567448300640e-02 7.927190775733851391e-02 7.824037456763031917e-02 7.711910254677949161e-02 7.595762151616110291e-02 7.479894743326953588e-02 7.367976578540379184e-02 7.263082461052010330e-02 7.167745142470388631e-02 7.084012469402777012e-02 7.013504607604888197e-02 6.957467339635634018e-02 6.916818573074494381e-02 6.892186096670972761e-02 6.883935303028798636e-02 6.892186096670972761e-02 6.916818573074494381e-02 6.957467339635634018e-02 7.013504607604888197e-02 7.084012469402777012e-02 7.167745142470388631e-02 7.263082461052010330e-02 7.367976578540379184e-02 7.479894743326953588e-02 7.595762151616110291e-02 7.711910254677947774e-02 7.824037456763030529e-02 7.927190775733850003e-02 8.015778567448300640e-02 8.083625562628338201e-02 8.124081861260749882e-02 8.130196720574764391e-02 8.094965458790015500e-02 8.011653106626503984e-02 7.874191243027317544e-02 7.677634716791159608e-02 7.418653117424071908e-02 7.096018982764661087e-02 6.711042608029593737e-02 6.267894420477525264e-02 5.773753102681097177e-02 5.238723805699935232e-02 4.675487896297652463e-02 4.098674054812879303e-02 3.523978052827911323e-02 2.967100223484169311e-02 2.442607998025391608e-02 1.962857108312342572e-02 1.537111060843691229e-02 1.170979385340137000e-02 8.662514281162318752e-03 6.211409315632291338e-03 4.308896389186162024e-03 2.886206508716935432e-03 1.862976678207012380e-03 1.156423223027495950e-03 6.888802767423864984e-04 3.929650560905254019e-04 2.141857206406660476e-04 1.112946125241551985e-04 5.500509911494267268e-05 2.579601163316552566e-05 1.145186148752298540e-05 4.800694966474939206e-06 1.895591357987891133e-06
1.924385030675340493e-06 4.873616611192522572e-06 1.162581308840162382e-05 2.618784815029081921e-05 5.584061612306911581e-05 1.129851565495819491e-04 2.174391610556913965e-04 3.989341206544650830e-04 6.993442373031734946e-04 1.173989072139280943e-03 1.891274940103274170e-03 2.930047437390823940e-03 4.374347706924817079e-03 6.305759443368653613e-03 8.794096227772853908e-03 1.188766339792714753e-02 1.560459485905711305e-02 1.992672534971053414e-02 2.479710749577047554e-02 3.012169912320763684e-02 3.577506610121287262e-02 4.160932135221148687e-02 4.746507669400554241e-02 5.318299025288081294e-02 5.861455315669242272e-02 6.363102546227948630e-02 6.812982070579289007e-02 7.203806163325844614e-02 7.531341049211009997e-02 7.794256529882641338e-02 7.993798712419233898e-02 8.133348595617582999e-02 8.217926446586472367e-02 8.253692864546058328e-02 8.247485121680493692e-02 8.206414299555948866e-02 8.137536721405690121e-02 8.047603297961077040e-02 7.942883099667585878e-02 7.829052706679784368e-02 7.711140335993102446e-02 7.593512923779384416e-02 7.479894743326953588e-02 7.373407304117068906e-02 7.276621829774149175e-02 7.191617273306458169e-02 7.120038410479818947e-02 7.063149947053584676e-02 7.021883733449033049e-02 6.996877094407524811e-02 6.988500972777046683e-02 6.996877094407524811e-02 7.021883733449033049e-02 7.063149947053584676e-02 7.120038410479818947e-02 7.191617273306458169e-02 7.276621829774146399e-02 7.373407304117068906e-02 7.479894743326953588e-02 7.593512923779384416e-02 7.711140335993101058e-02 7.829052706679782980e-02 7.942883099667584490e-02 8.047603297961075652e-02 8.137536721405690121e-02 8.206414299555948866e-02 8.247485121680493692e-02 8.253692864546058328e-02 8.217926446586472367e-02 8.133348595617584387e-02 7.993798712419233898e-02 7.794256529882642726e-02 7.531341049211007221e-02 7.203806163325846001e-02 6.812982070579291782e-02 6.363102546227948630e-02 5.861455315669246435e-02 5.318299025288081294e-02 4.746507669400558405e-02 4.160932135221146605e-02 3.577506610121287955e-02 3.012169912320769929e-02 2.479710749577047554e-02 1.992672534971056883e-02 1.560459485905711305e-02 1.188766339792717355e-02 8.794096227772853908e-03 6.305759443368653613e-03 4.374347706924843968e-03 2.930047437390823940e-03 1.891274940103280892e-03 1.173989072139280943e-03 6.993442373031765304e-04 3.989341206544650830e-04 2.174391610556925349e-04 1.129851565495819491e-04 5.584061612306911581e-05 2.618784815029093780e-05 1.162581308840162382e-05 4.873616611192548830e-06 1.924385030675340493e-06
1.954194742403400765e-06 4.949111433661470946e-06 1.180590289955962233e-05 2.659351135785814095e-05 5.670561592446633677e-05 1.147353546090164588e-04 2.208074052511821146e-04 4.051138149181558734e-04 7.101774384455517702e-04 1.192174765363096306e-03 1.920571759536127609e-03 2.975435375909292642e-03 4.442108597839648614e-03 6.403438893290032234e-03 8.930321291510083179e-03 1.207180940476240173e-02 1.584631804177091471e-02 2.023540055186101236e-02 2.518122741686505683e-02 3.058829970121515821e-02 3.632924023504259525e-02 4.225387109404474956e-02 4.820033509128269361e-02 5.400682206564343807e-02 5.952252266633716732e-02 6.461670270241351433e-02 6.918518659305053498e-02 7.315396817820903064e-02 7.648005387180779879e-02 7.914993563577402136e-02 8.117626756927416587e-02 8.259338339434123266e-02 8.345226344720248213e-02 8.381546802849511313e-02 8.375242898861118279e-02 8.333535868624136755e-02 8.263591341440053306e-02 8.172264803112053166e-02 8.065922435204125884e-02 7.950328751010683759e-02 7.830589857188915981e-02 7.711140335993101058e-02 7.595762151616110291e-02 7.487625167323037900e-02 7.389340436311814253e-02 7.303019115639726444e-02 7.230331459493312407e-02 7.172561764573197329e-02 7.130656316141906204e-02 7.105262311428128807e-02 7.096756439374930781e-02 7.105262311428128807e-02 7.130656316141906204e-02 7.172561764573195942e-02 7.230331459493311019e-02 7.303019115639725056e-02 7.389340436311812865e-02 7.487625167323037900e-02 7.595762151616110291e-02 7.711140335993101058e-02 7.830589857188914593e-02 7.950328751010682371e-02 8.065922435204125884e-02 8.172264803112051779e-02 8.263591341440053306e-02 8.333535868624136755e-02 8.375242898861118279e-02 8.381546802849511313e-02 8.345226344720248213e-02 8.259338339434123266e-02 8.117626756927416587e-02 7.914993563577402136e-02 7.648005387180777104e-02 7.315396817820904452e-02 6.918518659305056273e-02 6.461670270241351433e-02 5.952252266633721589e-02 5.400682206564343807e-02 4.820033509128274218e-02 4.225387109404472180e-02 3.632924023504260913e-02 3.058829970121522066e-02 2.518122741686505683e-02 2.023540055186105052e-02 1.584631804177091471e-02 1.207180940476242775e-02 8.930321291510083179e-03 6.403438893290032234e-03 4.442108597839672032e-03 2.975435375909292642e-03 1.920571759536135199e-03 1.192174765363096306e-03 7.101774384455543723e-04 4.051138149181558734e-04 2.208074052511832801e-04 1.147353546090164588e-04 5.670561592446633677e-05 2.659351135785830697e-05 1.180590289955962233e-05 4.949111433661505674e-06 1.954194742403400765e-06
1.984076669695619193e-06 5.024789146231648222e-06 1.198642898757361022e-05 2.700015730546874622e-05 5.757271123249658014e-05 1.164897926135197826e-04 2.241838091919604861e-04 4.113084798099304342e-04 7.210368835764419245e-04 1.210404514366710243e-03 1.949939552025100253e-03 3.020933269049804089e-03 4.510033643007631612e-03 6.501354976716867962e-03 9.066876367490308772e-03 1.225640151479693435e-02 1.608862681136222217e-02 2.054482353560927593e-02 2.556627788828027409e-02 3.105603064318880266e-02 3.688475688429421195e-02 4.289998229087159387e-02 4.893737468994973500e-02 5.483264965346333619e-02 6.043269177894945027e-02 6.560476779650013801e-02 7.024310915860276783e-02 7.427257806431997178e-02 7.764952350526488356e-02 8.036023088963550887e-02 8.241754781260107743e-02 8.385633299903243187e-02 8.472834633423009798e-02 8.509710473912837636e-02 8.503310175846336139e-02 8.460965396249951753e-02 8.389951335292979151e-02 8.297228307188933560e-02 8.189259839877015279e-02 8.071898592814039097e-02 7.950328751010683759e-02 7.829052706679782980e-02 7.711910254677947774e-02 7.602119729193647368e-02 7.502332109487512557e-02 7.414690834681827991e-02 7.340891699106634471e-02 7.282238637863890085e-02 7.239692406026525251e-02 7.213910097227156648e-02 7.205274160424149366e-02 7.213910097227156648e-02 7.239692406026525251e-02 7.282238637863890085e-02 7.340891699106634471e-02 7.414690834681826603e-02 7.502332109487512557e-02 7.602119729193647368e-02 7.711910254677947774e-02 7.829052706679782980e-02 7.950328751010682371e-02 8.071898592814039097e-02 8.189259839877013891e-02 8.297228307188933560e-02 8.389951335292979151e-02 8.460965396249951753e-02 8.503310175846336139e-02 8.509710473912837636e-02 8.472834633423009798e-02 8.385633299903243187e-02 8.241754781260107743e-02 8.036023088963552274e-02 7.764952350526486968e-02 7.427257806431998566e-02 7.024310915860279558e-02 6.560476779650013801e-02 6.043269177894949884e-02 5.483264965346333619e-02 4.893737468994979051e-02 4.289998229087157305e-02 3.688475688429422583e-02 3.105603064318886511e-02 2.556627788828027409e-02 2.054482353560931063e-02 1.608862681136222217e-02 1.225640151479696210e-02 9.066876367490308772e-03 6.501354976716867962e-03 4.510033643007655899e-03 3.020933269049804089e-03 1.949939552025108059e-03 1.210404514366710243e-03 7.210368835764445266e-04 4.113084798099304342e-04 2.241838091919612721e-04 1.164897926135197826e-04 5.757271123249658014e-05 2.700015730546888852e-05 1.198642898757361022e-05 5.024789146231675327e-06 1.984076669695619193e-06
2.012924122317398358e-06 5.097846991749577170e-06 1.216070548989064688e-05 2.739272568276317340e-05 5.840978879353740736e-05 1.181834941849692897e-04 2.274433262827125699e-04 4.172886932086767469e-04 7.315203884002342187e-04 1.228003172430030187e-03 1.978290668542694464e-03 3.064856082458948441e-03 4.575607208700162819e-03 6.595881328713639261e-03 9.198704078804943729e-03 1.243460327857548973e-02 1.632254715666899003e-02 2.084353468554547839e-02 2.593799839755406289e-02 3.150756932931098042e-02 3.742104224712189398e-02 4.352372593219019925e-02 4.964889890641024928e-02 5.562988813076862743e-02 6.131135198373249828e-02 6.655862732203093879e-02 7.126440777796022585e-02 7.535246308566685702e-02 7.877850757359008971e-02 8.152862724682866102e-02 8.361585649796667019e-02 8.507556087977613535e-02 8.596025283962417662e-02 8.633437280175293438e-02 8.626943925072204367e-02 8.583983474195651386e-02 8.511936905377351370e-02 8.417865732213675178e-02 8.308327459010181326e-02 8.189259839877015279e-02 8.065922435204125884e-02 7.942883099667584490e-02 7.824037456763030529e-02 7.712650633600016958e-02 7.611412153311887530e-02 7.522496619521513994e-02 7.447624482534859203e-02 7.388118635998498773e-02 7.344953803869164188e-02 7.318796633582368150e-02 7.310035134707303095e-02 7.318796633582368150e-02 7.344953803869164188e-02 7.388118635998498773e-02 7.447624482534859203e-02 7.522496619521512606e-02 7.611412153311887530e-02 7.712650633600016958e-02 7.824037456763030529e-02 7.942883099667584490e-02 8.065922435204125884e-02 8.189259839877013891e-02 8.308327459010179938e-02 8.417865732213675178e-02 8.511936905377351370e-02 8.583983474195651386e-02 8.626943925072204367e-02 8.633437280175293438e-02 8.596025283962417662e-02 8.507556087977613535e-02 8.361585649796667019e-02 8.152862724682866102e-02 7.877850757359008971e-02 7.535246308566687090e-02 7.126440777796025361e-02 6.655862732203093879e-02 6.131135198373254686e-02 5.562988813076862743e-02 4.964889890641029785e-02 4.352372593219017843e-02 3.742104224712190785e-02 3.150756932931104287e-02 2.593799839755406289e-02 2.084353468554551309e-02 1.632254715666899003e-02 1.243460327857551749e-02 9.198704078804943729e-03 6.595881328713639261e-03 4.575607208700189707e-03 3.064856082458948441e-03 1.978290668542703138e-03 1.228003172430030187e-03 7.315203884002368208e-04 4.172886932086767469e-04 2.274433262827135998e-04 1.181834941849692897e-04 5.840978879353740736e-05 2.739272568276329538e-05 1.216070548989064688e-05 5.097846991749612745e-06 2.012924122317398358e-06
2.039462825026955821e-06 5.165057794319273718e-06 1.232103411040673053e-05 2.775387561148599371e-05 5.917987247574553727e-05 1.197416436365941267e-04 2.304419742459256444e-04 4.227902918284874101e-04 7.411648662513827934e-04 1.244193356033172770e-03 2.004372758445368934e-03 3.105263618698474431e-03 4.635932721262252774e-03 6.682842447490791420e-03 9.319981214964221522e-03 1.259854300986623481e-02 1.653774614089837877e-02 2.111833906803713481e-02 2.627996897693244890e-02 3.192296999258518314e-02 3.791440705122328669e-02 4.409754946111527074e-02 5.030347766242271312e-02 5.636332117302787076e-02 6.211969032345289465e-02 6.743614655073483510e-02 7.220396874343489035e-02 7.634592160409378603e-02 7.981713559201289443e-02 8.260351326803187788e-02 8.471826087218106704e-02 8.619721022214565931e-02 8.709356609751423006e-02 8.747261851504085917e-02 8.740682887003825563e-02 8.697156038903729181e-02 8.624159596987923670e-02 8.528848174939326898e-02 8.417865732213675178e-02 8.297228307188933560e-02 8.172264803112053166e-02 8.047603297961075652e-02 7.927190775733850003e-02 7.814335411480333171e-02 7.711762187422509240e-02 7.621674377493475872e-02 7.545815114681912739e-02 7.485524733868677283e-02 7.441790809921777772e-02 7.415288779459544566e-02 7.406411767629292320e-02 7.415288779459544566e-02 7.441790809921777772e-02 7.485524733868677283e-02 7.545815114681912739e-02 7.621674377493475872e-02 7.711762187422507853e-02 7.814335411480333171e-02 7.927190775733850003e-02 8.047603297961075652e-02 8.172264803112051779e-02 8.297228307188933560e-02 8.417865732213675178e-02 8.528848174939326898e-02 8.624159596987923670e-02 8.697156038903729181e-02 8.740682887003825563e-02 8.747261851504085917e-02 8.709356609751423006e-02 8.619721022214565931e-02 8.471826087218106704e-02 8.260351326803189176e-02 7.981713559201288055e-02 7.634592160409379991e-02 7.220396874343493199e-02 6.743614655073483510e-02 6.211969032345294323e-02 5.636332117302787076e-02 5.030347766242276170e-02 4.409754946111524299e-02 3.791440705122330057e-02 3.192296999258525253e-02 2.627996897693244890e-02 2.111833906803716951e-02 1.653774614089837877e-02 1.259854300986626603e-02 9.319981214964221522e-03 6.682842447490791420e-03 4.635932721262278795e-03 3.105263618698474431e-03 2.004372758445377174e-03 1.244193356033172770e-03 7.411648662513855039e-04 4.227902918284874101e-04 2.304419742459264304e-04 1.197416436365941267e-04 5.917987247574553727e-05 2.775387561148611568e-05 1.232103411040673053e-05 5.165057794319301670e-06 2.039462825026955821e-06
2.062254191232735950e-06 5.222778250029366504e-06 1.245872389665742050e-05 2.806403019480509909e-05 5.984121826202554412e-05 1.210797781770793041e-04 2.330172050173682304e-04 4.275150498633317276e-04 7.494475177801610682e-04 1.258097441981774868e-03 2.026771986805915755e-03 3.139965501679994192e-03 4.687740108511029291e-03 6.757524421414142293e-03 9.424133691927585876e-03 1.273933400829659925e-02 1.672255844730091701e-02 2.135434032947280958e-02 2.657365238683817230e-02 3.227971496020556885e-02 3.833810741240448183e-02 4.459034755785558357e-02 5.086562813006535733e-02 5.699319148871340862e-02 6.281388910627844213e-02 6.818975769416146804e-02 7.301086116282518024e-02 7.719910109638186690e-02 8.070910652889436154e-02 8.352662247976810894e-02 8.566500277115605966e-02 8.716047964779151391e-02 8.806685246230482045e-02 8.845014085920453739e-02 8.838361600301132548e-02 8.794348331795300011e-02 8.720536141428966714e-02 8.624159596987923670e-02 8.511936905377352758e-02 8.389951335292980539e-02 8.263591341440054694e-02 8.137536721405690121e-02 8.015778567448300640e-02 7.901662024072798884e-02 7.797942525670710501e-02 7.706847968160121520e-02 7.630140964356360578e-02 7.569176827625175019e-02 7.524954169162471895e-02 7.498155973713042932e-02 7.489179759668877778e-02 7.498155973713042932e-02 7.524954169162471895e-02 7.569176827625173631e-02 7.630140964356360578e-02 7.706847968160120133e-02 7.797942525670709113e-02 7.901662024072798884e-02 8.015778567448300640e-02 8.137536721405690121e-02 8.263591341440053306e-02 8.389951335292979151e-02 8.511936905377351370e-02 8.624159596987923670e-02 8.720536141428966714e-02 8.794348331795300011e-02 8.838361600301132548e-02 8.845014085920453739e-02 8.806685246230482045e-02 8.716047964779151391e-02 8.566500277115605966e-02 8.352662247976810894e-02 8.070910652889433379e-02 7.719910109638186690e-02 7.301086116282522187e-02 6.818975769416146804e-02 6.281388910627849764e-02 5.699319148871340862e-02 5.086562813006539896e-02 4.459034755785555582e-02 3.833810741240449571e-02 3.227971496020563130e-02 2.657365238683817230e-02 2.135434032947284427e-02 1.672255844730091701e-02 1.273933400829663047e-02 9.424133691927585876e-03 6.757524421414142293e-03 4.687740108511056179e-03 3.139965501679994192e-03 2.026771986805923562e-03 1.258097441981774868e-03 7.494475177801637788e-04 4.275150498633317276e-04 2.330172050173690706e-04 1.210797781770793041e-04 5.984121826202554412e-05 2.806403019480525156e-05 1.245872389665742050e-05 5.222778250029403773e-06 2.062254191232735950e-06
2.079709482567855606e-06 5.266984786895945932e-06 1.256417678224468640e-05 2.830156920680972337e-05 6.034772512381414655e-05 1.221046192523731161e-04 2.349895046577149050e-04 4.311336143338199739e-04 7.557909767091545257e-04 1.268746205587693637e-03 2.043926950364698559e-03 3.166542735876945805e-03 4.727417986071047115e-03 6.814721326616907278e-03 9.503901258832296237e-03 1.284716202846769399e-02 1.686410119736882207e-02 2.153508731658273709e-02 2.679857657233494089e-02 3.255293628822625990e-02 3.866260806657476068e-02 4.496776830000527581e-02 5.129616397852113791e-02 5.747559213834371045e-02 6.334555719011744634e-02 6.876692809909150383e-02 7.362883825684331252e-02 7.785252820841058463e-02 8.139224295981925539e-02 8.423360687374863154e-02 8.639008680151029351e-02 8.789822166409023974e-02 8.881226618154046404e-02 8.919879880054516763e-02 8.913171086597353188e-02 8.868785281850524727e-02 8.794348331795300011e-02 8.697156038903729181e-02 8.583983474195652774e-02 8.460965396249951753e-02 8.333535868624138143e-02 8.206414299555948866e-02 8.083625562628338201e-02 7.968543116252496672e-02 7.863945717313491901e-02 7.772080119042189261e-02 7.694723853326619623e-02 7.633243705149239666e-02 7.588646738131189784e-02 7.561621717923291963e-02 7.552569527584887532e-02 7.561621717923291963e-02 7.588646738131189784e-02 7.633243705149239666e-02 7.694723853326619623e-02 7.772080119042189261e-02 7.863945717313490513e-02 7.968543116252496672e-02 8.083625562628338201e-02 8.206414299555948866e-02 8.333535868624136755e-02 8.460965396249951753e-02 8.583983474195651386e-02 8.697156038903729181e-02 8.794348331795300011e-02 8.868785281850524727e-02 8.913171086597353188e-02 8.919879880054516763e-02 8.881226618154046404e-02 8.789822166409023974e-02 8.639008680151029351e-02 8.423360687374864542e-02 8.139224295981924151e-02 7.785252820841058463e-02 7.362883825684335415e-02 6.876692809909150383e-02 6.334555719011750186e-02 5.747559213834371045e-02 5.129616397852119342e-02 4.496776830000524805e-02 3.866260806657477456e-02 3.255293628822632929e-02 2.679857657233494089e-02 2.153508731658277525e-02 1.686410119736882207e-02 1.284716202846772348e-02 9.503901258832296237e-03 6.814721326616907278e-03 4.727417986071074003e-03 3.166542735876945805e-03 2.043926950364705498e-03 1.268746205587693637e-03 7.557909767091578867e-04 4.311336143338199739e-04 2.349895046577161789e-04 1.221046192523731161e-04 6.034772512381414655e-05 2.830156920680984873e-05 1.256417678224468640e-05 5.266984786895983201e-06 2.079709482567855606e-06
2.090117850353267651e-06 5.293344581493071045e-06 1.262705699410442926e-05 2.844321069264127010e-05 6.064974871093857224e-05 1.227157189257311687e-04 2.361655617996822004e-04 4.332913182151819430e-04 7.595735004320236603e-04 1.275095927625697787e-03 2.054156236524249529e-03 3.182390401947375342e-03 4.751077398833671202e-03 6.848827112312974932e-03 9.551465642476907048e-03 1.291145850281275737e-02 1.694850133551501284e-02 2.164286444168641785e-02 2.693269599787416826e-02 3.271585468438837491e-02 3.885610367145292399e-02 4.519281947896992141e-02 5.155288701851527128e-02 5.776324149835036781e-02 6.366258409331392032e-02 6.911108745650561269e-02 7.399733012294948398e-02 7.824215846850685052e-02 8.179958850817907468e-02 8.465517265857719353e-02 8.682244516885970209e-02 8.833812782715404210e-02 8.925674688330287321e-02 8.964521399060672302e-02 8.957779029957350925e-02 8.913171086597353188e-02 8.838361600301132548e-02 8.740682887003826951e-02 8.626943925072208530e-02 8.503310175846337526e-02 8.375242898861119667e-02 8.247485121680493692e-02 8.124081861260749882e-02 8.008423459234580155e-02 7.903302579392747218e-02 7.810977219341422306e-02 7.733233807021568096e-02 7.671445967794503218e-02 7.626625805354818322e-02 7.599465532433939685e-02 7.590368038399469830e-02 7.599465532433939685e-02 7.626625805354818322e-02 7.671445967794501830e-02 7.733233807021568096e-02 7.810977219341422306e-02 7.903302579392747218e-02 8.008423459234580155e-02 8.124081861260749882e-02 8.247485121680493692e-02 8.375242898861118279e-02 8.503310175846336139e-02 8.626943925072204367e-02 8.740682887003825563e-02 8.838361600301132548e-02 8.913171086597353188e-02 8.957779029957350925e-02 8.964521399060672302e-02 8.925674688330287321e-02 8.833812782715404210e-02 8.682244516885970209e-02 8.465517265857719353e-02 8.179958850817906080e-02 7.824215846850685052e-02 7.399733012294952561e-02 6.911108745650561269e-02 6.366258409331397583e-02 5.776324149835036781e-02 5.155288701851533373e-02 4.519281947896987978e-02 3.885610367145293093e-02 3.271585468438843736e-02 2.693269599787416826e-02 2.164286444168645601e-02 1.694850133551501284e-02 1.291145850281278859e-02 9.551465642476907048e-03 6.848827112312974932e-03 4.751077398833697223e-03 3.182390401947375342e-03 2.054156236524257335e-03 1.275095927625697787e-03 7.595735004320263708e-04 4.332913182151819430e-04 2.361655617996830407e-04 1.227157189257311687e-04 6.064974871093857224e-05 2.844321069264142256e-05 1.262705699410442926e-05 5.293344581493109162e-06 2.090117850353267651e-06
2.091691046786154301e-06 5.297328792628466604e-06 1.263656116680819586e-05 2.846461941731868661e-05 6.069539875326107674e-05 1.228080849764018041e-04 2.363433196324910717e-04 4.336174492781277412e-04 7.601452185871473456e-04 1.276055670811754783e-03 2.055702365257302232e-03 3.184785733496528579e-03 4.754653454612033960e-03 6.853982108898805554e-03 9.558654869474346449e-03 1.292117673973253861e-02 1.696125818644536251e-02 2.165915466050416169e-02 2.695296778363244841e-02 3.274047935609272070e-02 3.888535000494627164e-02 4.522683535151243023e-02 5.159169000656156634e-02 5.780671891540695856e-02 6.371050184598374411e-02 6.916310620570732814e-02 7.405302666454542659e-02 7.830105002076227783e-02 8.186115767798976539e-02 8.471889117838669880e-02 8.688779495811256581e-02 8.840461844516495082e-02 8.932392893037464920e-02 8.971268843031433848e-02 8.964521399060672302e-02 8.919879880054516763e-02 8.845014085920453739e-02 8.747261851504085917e-02 8.633437280175293438e-02 8.509710473912839024e-02 8.381546802849512701e-02 8.253692864546058328e-02 8.130196720574764391e-02 8.014451264421254550e-02 7.909251261867196459e-02 7.816856410075455341e-02 7.739054481601155555e-02 7.677220135710242921e-02 7.632366237890679528e-02 7.605185521890733824e-02 7.596081180326033633e-02 7.605185521890733824e-02 7.632366237890679528e-02 7.677220135710242921e-02 7.739054481601154167e-02 7.816856410075455341e-02 7.909251261867196459e-02 8.014451264421254550e-02 8.130196720574764391e-02 8.253692864546058328e-02 8.381546802849511313e-02 8.509710473912837636e-02 8.633437280175293438e-02 8.747261851504085917e-02 8.845014085920453739e-02 8.919879880054516763e-02 8.964521399060672302e-02 8.971268843031433848e-02 8.932392893037464920e-02 8.840461844516495082e-02 8.688779495811256581e-02 8.471889117838669880e-02 8.186115767798973764e-02 7.830105002076229170e-02 7.405302666454546823e-02 6.916310620570732814e-02 6.371050184598379962e-02 5.780671891540695856e-02 5.159169000656161491e-02 4.522683535151238859e-02 3.888535000494628552e-02 3.274047935609277621e-02 2.695296778363244841e-02 2.165915466050419985e-02 1.696125818644536251e-02 1.292117673973257157e-02 9.558654869474346449e-03 6.853982108898805554e-03 4.754653454612061715e-03 3.184785733496528579e-03 2.055702365257310038e-03 1.276055670811754783e-03 7.601452185871507066e-04 4.336174492781277412e-04 2.363433196324921288e-04 1.228080849764018041e-04 6.069539875326107674e-05 2.846461941731878825e-05 1.263656116680819586e-05 5.297328792628503874e-06 2.091691046786154301e-06
2.082626946940249658e-06 5.274373434490492893e-06 1.258180209887566452e-05 2.834127130007609542e-05 6.043238230284797536e-05 1.222759104251835429e-04 2.353191533483008015e-04 4.317384185000296398e-04 7.568512177024338877e-04 1.270526031992990409e-03 2.046794218176602436e-03 3.170984834974454984e-03 4.734049716927399981e-03 6.824281174684568643e-03 9.517233550459485228e-03 1.286518432332120140e-02 1.688775854702665932e-02 2.156529723317408484e-02 2.683617023290923304e-02 3.259860229717313762e-02 3.871684486384078389e-02 4.503085012129867670e-02 5.136812341905957341e-02 5.755622022306017965e-02 6.343441979703488831e-02 6.886339593001213066e-02 7.373212648733702690e-02 7.796174152846944982e-02 8.150642187327579447e-02 8.435177171796011397e-02 8.651127680544326570e-02 8.802152731435128330e-02 8.893685407450745151e-02 8.932392893037464920e-02 8.925674688330287321e-02 8.881226618154046404e-02 8.806685246230482045e-02 8.709356609751423006e-02 8.596025283962419050e-02 8.472834633423011186e-02 8.345226344720248213e-02 8.217926446586472367e-02 8.094965458790015500e-02 7.979721572107244254e-02 7.874977441527399036e-02 7.782982972078535122e-02 7.705518189211361946e-02 7.643951795265802041e-02 7.599292266595038259e-02 7.572229335066220368e-02 7.563164446106673822e-02 7.572229335066220368e-02 7.599292266595038259e-02 7.643951795265802041e-02 7.705518189211361946e-02 7.782982972078533734e-02 7.874977441527399036e-02 7.979721572107244254e-02 8.094965458790015500e-02 8.217926446586472367e-02 8.345226344720248213e-02 8.472834633423009798e-02 8.596025283962417662e-02 8.709356609751423006e-02 8.806685246230482045e-02 8.881226618154046404e-02 8.925674688330287321e-02 8.932392893037464920e-02 8.893685407450745151e-02 8.802152731435129718e-02 8.651127680544326570e-02 8.435177171796011397e-02 8.150642187327579447e-02 7.796174152846947758e-02 7.373212648733705465e-02 6.886339593001213066e-02 6.343441979703492994e-02 5.755622022306017965e-02 5.136812341905962892e-02 4.503085012129864895e-02 3.871684486384079776e-02 3.259860229717321395e-02 2.683617023290923304e-02 2.156529723317412300e-02 1.688775854702665932e-02 1.286518432332123263e-02 9.517233550459485228e-03 6.824281174684568643e-03 4.734049716927427737e-03 3.170984834974454984e-03 2.046794218176609809e-03 1.270526031992990409e-03 7.568512177024372487e-04 4.317384185000296398e-04 2.353191533483014520e-04 1.222759104251835429e-04 6.043238230284797536e-05 2.834127130007619368e-05 1.258180209887566452e-05 5.274373434490520845e-06 2.082626946940249658e-06
2.061192815996516624e-06 5.220090255735358553e-06 1.245231179621171524e-05 2.804958655017396918e-05 5.981041993103475415e-05 1.210174623487442615e-04 2.328972786319256135e-04 4.272950217557561128e-04 7.490618014898985143e-04 1.257449940099926184e-03 2.025728873107610160e-03 3.138349463443663567e-03 4.685327480966782442e-03 6.754046543124682042e-03 9.419283396476152773e-03 1.273277748694253211e-02 1.671395188973025248e-02 2.134334994423908033e-02 2.655997579124717844e-02 3.226310163957969018e-02 3.831837603400113645e-02 4.456739835456455245e-02 5.083944924372749141e-02 5.696385894457967752e-02 6.278156083817670874e-02 6.815466264114222739e-02 7.297328484447276886e-02 7.715936922699810629e-02 8.066756817374327870e-02 8.348363404068911975e-02 8.562091377721020580e-02 8.711562098048049319e-02 8.802152731435129718e-02 8.840461844516495082e-02 8.833812782715404210e-02 8.789822166409023974e-02 8.716047964779151391e-02 8.619721022214565931e-02 8.507556087977614923e-02 8.385633299903244575e-02 8.259338339434124654e-02 8.133348595617584387e-02 8.011653106626503984e-02 7.897595295328599385e-02 7.793929177982825141e-02 7.702881503881615910e-02 7.626213978680750072e-02 7.565281218210211100e-02 7.521081319713165958e-02 7.494296916424349198e-02 7.485325322145944260e-02 7.494296916424349198e-02 7.521081319713165958e-02 7.565281218210211100e-02 7.626213978680750072e-02 7.702881503881615910e-02 7.793929177982823753e-02 7.897595295328599385e-02 8.011653106626503984e-02 8.133348595617584387e-02 8.259338339434123266e-02 8.385633299903243187e-02 8.507556087977613535e-02 8.619721022214565931e-02 8.716047964779151391e-02 8.789822166409023974e-02 8.833812782715404210e-02 8.840461844516495082e-02 8.802152731435129718e-02 8.711562098048049319e-02 8.562091377721020580e-02 8.348363404068913363e-02 8.066756817374325095e-02 7.715936922699810629e-02 7.297328484447281050e-02 6.815466264114222739e-02 6.278156083817676425e-02 5.696385894457967752e-02 5.083944924372754692e-02 4.456739835456452470e-02 3.831837603400115033e-02 3.226310163957975263e-02 2.655997579124717844e-02 2.134334994423911502e-02 1.671395188973025248e-02 1.273277748694256334e-02 9.419283396476152773e-03 6.754046543124682042e-03 4.685327480966809330e-03 3.138349463443663567e-03 2.025728873107617099e-03 1.257449940099926184e-03 7.490618014899018753e-04 4.272950217557561128e-04 2.328972786319264267e-04 1.210174623487442615e-04 5.981041993103475415e-05 2.804958655017407082e-05 1.245231179621171524e-05 5.220090255735396670e-06 2.061192815996516624e-06
2.025827404894309279e-06 5.130525302640238252e-06 1.223865826393262576e-05 2.756831902784643882e-05 5.878420827696677749e-05 1.189410761546461185e-04 2.289012876021287403e-04 4.199636047291480817e-04 7.362095936105296935e-04 1.235874940552598566e-03 1.990971943128486132e-03 3.084502478292290573e-03 4.604937848698071809e-03 6.638162366376479905e-03 9.257669777886303603e-03 1.251431179717106025e-02 1.642717824335642243e-02 2.097714628817238039e-02 2.610426662351070584e-02 3.170953971948128197e-02 3.766091928823021850e-02 4.380272250651534582e-02 4.996715917519985173e-02 5.598648784474430373e-02 6.170437111994694912e-02 6.698528263742285771e-02 7.172122817225130842e-02 7.583548880595138153e-02 7.928349498615036572e-02 8.205124352620543626e-02 8.415185237199962476e-02 8.562091377721020580e-02 8.651127680544326570e-02 8.688779495811256581e-02 8.682244516885970209e-02 8.639008680151029351e-02 8.566500277115605966e-02 8.471826087218108092e-02 8.361585649796667019e-02 8.241754781260109131e-02 8.117626756927416587e-02 7.993798712419233898e-02 7.874191243027317544e-02 7.762090406038009427e-02 7.660202965014435705e-02 7.570717463262897906e-02 7.495365379550995855e-02 7.435478087562061300e-02 7.392036559445940014e-02 7.365711715993583653e-02 7.356894054000132077e-02 7.365711715993583653e-02 7.392036559445940014e-02 7.435478087562061300e-02 7.495365379550995855e-02 7.570717463262897906e-02 7.660202965014434318e-02 7.762090406038009427e-02 7.874191243027317544e-02 7.993798712419233898e-02 8.117626756927416587e-02 8.241754781260107743e-02 8.361585649796667019e-02 8.471826087218106704e-02 8.566500277115605966e-02 8.639008680151029351e-02 8.682244516885970209e-02 8.688779495811256581e-02 8.651127680544326570e-02 8.562091377721020580e-02 8.415185237199962476e-02 8.205124352620543626e-02 7.928349498615035185e-02 7.583548880595140929e-02 7.172122817225133617e-02 6.698528263742285771e-02 6.170437111994699769e-02 5.598648784474430373e-02 4.996715917519989336e-02 4.380272250651531113e-02 3.766091928823022544e-02 3.170953971948133748e-02 2.610426662351070584e-02 2.097714628817241855e-02 1.642717824335642243e-02 1.251431179717108974e-02 9.257669777886303603e-03 6.638162366376479905e-03 4.604937848698096095e-03 3.084502478292290573e-03 1.990971943128494372e-03 1.235874940552598566e-03 7.362095936105324040e-04 4.199636047291480817e-04 2.289012876021295534e-04 1.189410761546461185e-04 5.878420827696677749e-05 2.756831902784653707e-05 1.223865826393262576e-05 5.130525302640275522e-06 2.025827404894309279e-06
1.975258453090829375e-06 5.002456501651101980e-06 1.193315537736248157e-05 2.688015527171692509e-05 5.731682967009140935e-05 1.159720544438195904e-04 2.231874256252685531e-04 4.094804217909286709e-04 7.178322395641737906e-04 1.205024878917068101e-03 1.941273057630686768e-03 3.007506749640558464e-03 4.489988826107974874e-03 6.472459744347591228e-03 9.026578691015113565e-03 1.220192801334230893e-02 1.601712100805171776e-02 2.045351219325476297e-02 2.545264872281477464e-02 3.091800230523218326e-02 3.672082280826348410e-02 4.270931358236824266e-02 4.871987282791137575e-02 5.458894627796175014e-02 6.016409905052479828e-02 6.531318780789759082e-02 6.993091409022900162e-02 7.394247404607770524e-02 7.730441067369617225e-02 8.000307033570168425e-02 8.205124352620543626e-02 8.348363404068913363e-02 8.435177171796011397e-02 8.471889117838669880e-02 8.465517265857719353e-02 8.423360687374864542e-02 8.352662247976810894e-02 8.260351326803189176e-02 8.152862724682867490e-02 8.036023088963552274e-02 7.914993563577402136e-02 7.794256529882642726e-02 7.677634716791159608e-02 7.568332154624843322e-02 7.468988040383231497e-02 7.381736286686563231e-02 7.308265150917370168e-02 7.249872772846033264e-02 7.207515637475447878e-02 7.181847917989606089e-02 7.173250363554818654e-02 7.181847917989606089e-02 7.207515637475447878e-02 7.249872772846033264e-02 7.308265150917370168e-02 7.381736286686563231e-02 7.468988040383230109e-02 7.568332154624843322e-02 7.677634716791159608e-02 7.794256529882642726e-02 7.914993563577402136e-02 8.036023088963552274e-02 8.152862724682866102e-02 8.260351326803189176e-02 8.352662247976810894e-02 8.423360687374864542e-02 8.465517265857719353e-02 8.471889117838669880e-02 8.435177171796011397e-02 8.348363404068913363e-02 8.205124352620543626e-02 8.000307033570168425e-02 7.730441067369614450e-02 7.394247404607771912e-02 6.993091409022904326e-02 6.531318780789759082e-02 6.016409905052485380e-02 5.458894627796175014e-02 4.871987282791141738e-02 4.270931358236821490e-02 3.672082280826349798e-02 3.091800230523224571e-02 2.545264872281477464e-02 2.045351219325479766e-02 1.601712100805171776e-02 1.220192801334233669e-02 9.026578691015113565e-03 6.472459744347591228e-03 4.489988826107999161e-03 3.007506749640558464e-03 1.941273057630693707e-03 1.205024878917068101e-03 7.178322395641763927e-04 4.094804217909286709e-04 2.231874256252693663e-04 1.159720544438195904e-04 5.731682967009140935e-05 2.688015527171709111e-05 1.193315537736248157e-05 5.002456501651128238e-06 1.975258453090829375e-06
1.908629131403244576e-06 4.833713883207885232e-06 1.153062676287052590e-05 2.597343518665220748e-05 5.538342117044676603e-05 1.120600907662484071e-04 2.156588782823427148e-04 3.956678481980495485e-04 6.936183575110190652e-04 1.164377038542930426e-03 1.875790129643257077e-03 2.906057678818556138e-03 4.338532742272325181e-03 6.254131048302149186e-03 8.722094579378579515e-03 1.179033317341767612e-02 1.547683226432582104e-02 1.976357531869905176e-02 2.459408121895230795e-02 2.987507776120140041e-02 3.548215780637678507e-02 4.126864510210807857e-02 4.707645645667678930e-02 5.274755460769754711e-02 5.813464659917179367e-02 6.311004654601143349e-02 6.757200791087129843e-02 7.144825012217419224e-02 7.469678206763356865e-02 7.730441067369614450e-02 7.928349498615035185e-02 8.066756817374325095e-02 8.150642187327579447e-02 8.186115767798973764e-02 8.179958850817906080e-02 8.139224295981924151e-02 8.070910652889433379e-02 7.981713559201289443e-02 7.877850757359008971e-02 7.764952350526486968e-02 7.648005387180779879e-02 7.531341049211007221e-02 7.418653117424071908e-02 7.313037543947494001e-02 7.217044500516496541e-02 7.132735918715010781e-02 7.061743107709982092e-02 7.005320418484442535e-02 6.964392071935873729e-02 6.939590174710370818e-02 6.931282632561958090e-02 6.939590174710370818e-02 6.964392071935873729e-02 7.005320418484442535e-02 7.061743107709982092e-02 7.132735918715010781e-02 7.217044500516495154e-02 7.313037543947494001e-02 7.418653117424071908e-02 7.531341049211007221e-02 7.648005387180777104e-02 7.764952350526486968e-02 7.877850757359008971e-02 7.981713559201288055e-02 8.070910652889433379e-02 8.139224295981924151e-02 8.179958850817906080e-02 8.186115767798973764e-02 8.150642187327579447e-02 8.066756817374325095e-02 7.928349498615035185e-02 7.730441067369614450e-02 7.469678206763355477e-02 7.144825012217422000e-02 6.757200791087132619e-02 6.311004654601143349e-02 5.813464659917184224e-02 5.274755460769754711e-02 4.707645645667683093e-02 4.126864510210803694e-02 3.548215780637679895e-02 2.987507776120145245e-02 2.459408121895230795e-02 1.976357531869908299e-02 1.547683226432582104e-02 1.179033317341770387e-02 8.722094579378579515e-03 6.254131048302149186e-03 4.338532742272351202e-03 2.906057678818556138e-03 1.875790129643263799e-03 1.164377038542930426e-03 6.936183575110222094e-04 3.956678481980495485e-04 2.156588782823434466e-04 1.120600907662484071e-04 5.538342117044676603e-05 2.597343518665229896e-05 1.153062676287052590e-05 4.833713883207919113e-06 1.908629131403244576e-06
1.825623645306348576e-06 4.623497679374718502e-06 1.102916460675732108e-05 2.484386130673913226e-05 5.297481924756708156e-05 1.071866440850294922e-04 2.062799634746366017e-04 3.784604182514859135e-04 6.634531839926815968e-04 1.113738766028844708e-03 1.794212798057458333e-03 2.779674440562832083e-03 4.149851760045655293e-03 5.982141493476309142e-03 8.342774318342785142e-03 1.127757649366169235e-02 1.480375127430867167e-02 1.890406565841470585e-02 2.352449486867756734e-02 2.857582307051777931e-02 3.393905353953596826e-02 3.947388891249556386e-02 4.502912096985391827e-02 5.045358542395390888e-02 5.560639502811477730e-02 6.036541690321751974e-02 6.463332942645490242e-02 6.834099547820710052e-02 7.144825012217423388e-02 7.394247404607771912e-02 7.583548880595140929e-02 7.715936922699809242e-02 7.796174152846947758e-02 7.830105002076229170e-02 7.824215846850685052e-02 7.785252820841058463e-02 7.719910109638186690e-02 7.634592160409379991e-02 7.535246308566687090e-02 7.427257806431999954e-02 7.315396817820905839e-02 7.203806163325846001e-02 7.096018982764661087e-02 6.994996586596122223e-02 6.903178240648680242e-02 6.822536203960351264e-02 6.754630840741747411e-02 6.700661950774010334e-02 6.661513560972674719e-02 6.637790287929029587e-02 6.629844037329066242e-02 6.637790287929029587e-02 6.661513560972674719e-02 6.700661950774010334e-02 6.754630840741747411e-02 6.822536203960351264e-02 6.903178240648678854e-02 6.994996586596122223e-02 7.096018982764661087e-02 7.203806163325846001e-02 7.315396817820904452e-02 7.427257806431998566e-02 7.535246308566687090e-02 7.634592160409379991e-02 7.719910109638186690e-02 7.785252820841058463e-02 7.824215846850685052e-02 7.830105002076229170e-02 7.796174152846947758e-02 7.715936922699810629e-02 7.583548880595140929e-02 7.394247404607771912e-02 7.144825012217422000e-02 6.834099547820711440e-02 6.463332942645491630e-02 6.036541690321751974e-02 5.560639502811480506e-02 5.045358542395390888e-02 4.502912096985396684e-02 3.947388891249554305e-02 3.393905353953597520e-02 2.857582307051784176e-02 2.352449486867756734e-02 1.890406565841474054e-02 1.480375127430867167e-02 1.127757649366171663e-02 8.342774318342785142e-03 5.982141493476309142e-03 4.149851760045676977e-03 2.779674440562832083e-03 1.794212798057464621e-03 1.113738766028844708e-03 6.634531839926845241e-04 3.784604182514859135e-04 2.062799634746371167e-04 1.071866440850294922e-04 5.297481924756708156e-05 2.484386130673928812e-05 1.102916460675732108e-05 4.623497679374743066e-06 1.825623645306348576e-06
1.726579100145505977e-06 4.372661628974491722e-06 1.043080546806582132e-05 2.349602110457514248e-05 5.010080581613338878e-05 1.013715066452765295e-04 1.950887712425085775e-04 3.579280154840952673e-04 6.274592270711593176e-04 1.053315715641141162e-03 1.696872368137933643e-03 2.628870307756710906e-03 3.924712158509823662e-03 5.657595695204854259e-03 7.890158419187292063e-03 1.066574040290819980e-02 1.400061158261599499e-02 1.787847388891597097e-02 2.224823352072823751e-02 2.702551482057104562e-02 3.209777692720940101e-02 3.733233395229355184e-02 4.258618109179185957e-02 4.771635509014603843e-02 5.258961217818088757e-02 5.709044548400107194e-02 6.112681332072150697e-02 6.463332942645490242e-02 6.757200791087134006e-02 6.993091409022902938e-02 7.172122817225133617e-02 7.297328484447279662e-02 7.373212648733705465e-02 7.405302666454546823e-02 7.399733012294952561e-02 7.362883825684335415e-02 7.301086116282522187e-02 7.220396874343493199e-02 7.126440777796025361e-02 7.024310915860279558e-02 6.918518659305057661e-02 6.812982070579291782e-02 6.711042608029593737e-02 6.615500923783962373e-02 6.528663947537317880e-02 6.452396938454034447e-02 6.388175607172275061e-02 6.337134661402364644e-02 6.300110167438827125e-02 6.277673939944998505e-02 6.270158792863239627e-02 6.277673939944998505e-02 6.300110167438827125e-02 6.337134661402364644e-02 6.388175607172273673e-02 6.452396938454033060e-02 6.528663947537316492e-02 6.615500923783962373e-02 6.711042608029593737e-02 6.812982070579291782e-02 6.918518659305056273e-02 7.024310915860279558e-02 7.126440777796025361e-02 7.220396874343493199e-02 7.301086116282522187e-02 7.362883825684335415e-02 7.399733012294952561e-02 7.405302666454546823e-02 7.373212648733705465e-02 7.297328484447281050e-02 7.172122817225133617e-02 6.993091409022904326e-02 6.757200791087132619e-02 6.463332942645491630e-02 6.112681332072154167e-02 5.709044548400107194e-02 5.258961217818091533e-02 4.771635509014603843e-02 4.258618109179189426e-02 3.733233395229352408e-02 3.209777692720940101e-02 2.702551482057112195e-02 2.224823352072823751e-02 1.787847388891600220e-02 1.400061158261599499e-02 1.066574040290822409e-02 7.890158419187292063e-03 5.657595695204854259e-03 3.924712158509844478e-03 2.628870307756710906e-03 1.696872368137939714e-03 1.053315715641141162e-03 6.274592270711615944e-04 3.579280154840952673e-04 1.950887712425092822e-04 1.013715066452765295e-04 5.010080581613338878e-05 2.349602110457524413e-05 1.043080546806582132e-05 4.372661628974538309e-06 1.726579100145505977e-06
1.612568439867576033e-06 4.083923024731388878e-06 9.742031337448460459e-06 2.194451565671524284e-05 4.679251490083612223e-05 9.467767350144771555e-05 1.822065351374303776e-04 3.342930662518991416e-04 5.860264072427292473e-04 9.837624468617127849e-04 1.584823323247680537e-03 2.455278933027848533e-03 3.665552862214157149e-03 5.284009439735003720e-03 7.369150044307056814e-03 9.961452886867920228e-03 1.307611355603016667e-02 1.669791018774223479e-02 2.077912284198668580e-02 2.524094741280816234e-02 2.997827441463039866e-02 3.486717956506714400e-02 3.977410105179748911e-02 4.456551586741645810e-02 4.911697868708321535e-02 5.332060986821985510e-02 5.709044548400104419e-02 6.036541690321750586e-02 6.311004654601143349e-02 6.531318780789759082e-02 6.698528263742285771e-02 6.815466264114222739e-02 6.886339593001213066e-02 6.916310620570732814e-02 6.911108745650561269e-02 6.876692809909150383e-02 6.818975769416146804e-02 6.743614655073484898e-02 6.655862732203093879e-02 6.560476779650013801e-02 6.461670270241352820e-02 6.363102546227948630e-02 6.267894420477525264e-02 6.178661610527888537e-02 6.097558713303504602e-02 6.026327819890957976e-02 5.966347195787192331e-02 5.918676620901504315e-02 5.884096953823039766e-02 5.863142250755459806e-02 5.856123349041668369e-02 5.863142250755459806e-02 5.884096953823039766e-02 5.918676620901504315e-02 5.966347195787190943e-02 6.026327819890957282e-02 6.097558713303503908e-02 6.178661610527888537e-02 6.267894420477525264e-02 6.363102546227948630e-02 6.461670270241351433e-02 6.560476779650013801e-02 6.655862732203093879e-02 6.743614655073483510e-02 6.818975769416146804e-02 6.876692809909150383e-02 6.911108745650561269e-02 6.916310620570732814e-02 6.886339593001213066e-02 6.815466264114222739e-02 6.698528263742285771e-02 6.531318780789759082e-02 6.311004654601143349e-02 6.036541690321751974e-02 5.709044548400107194e-02 5.332060986821985510e-02 4.911697868708324310e-02 4.456551586741645810e-02 3.977410105179753769e-02 3.486717956506713706e-02 2.997827441463040560e-02 2.524094741280823520e-02 2.077912284198668580e-02 1.669791018774226254e-02 1.307611355603016667e-02 9.961452886867944514e-03 7.369150044307056814e-03 5.284009439735003720e-03 3.665552862214177098e-03 2.455278933027848533e-03 1.584823323247686608e-03 9.837624468617127849e-04 5.860264072427314157e-04 3.342930662518991416e-04 1.822065351374311908e-04 9.467767350144771555e-05 4.679251490083612223e-05 2.194451565671533770e-05 9.742031337448460459e-06 4.083923024731417677e-06 1.612568439867576033e-06
1.485438555338922014e-06 3.761959224794532193e-06 8.973999861459718867e-06 2.021447823783548863e-05 4.310353844000629642e-05 8.721357994603304395e-05 1.678419381381926804e-04 3.079384397686826293e-04 5.398259064505726585e-04 9.062056727235404899e-04 1.459880777491706855e-03 2.261712372053174217e-03 3.376572065749337392e-03 4.867434556267119516e-03 6.788189155425958590e-03 9.176122897804551287e-03 1.204523339903156541e-02 1.538149883951331169e-02 1.914096137100726111e-02 2.325102955837738197e-02 2.761488042124850967e-02 3.211835948254662676e-02 3.663843452817309304e-02 4.105210908968629641e-02 4.524474872492547511e-02 4.911697868708324310e-02 5.258961217818091533e-02 5.560639502811480506e-02 5.813464659917185612e-02 6.016409905052483298e-02 6.170437111994699769e-02 6.278156083817675037e-02 6.343441979703492994e-02 6.371050184598379962e-02 6.366258409331397583e-02 6.334555719011750186e-02 6.281388910627849764e-02 6.211969032345295016e-02 6.131135198373255379e-02 6.043269177894951272e-02 5.952252266633722283e-02 5.861455315669246435e-02 5.773753102681097177e-02 5.691555130165085880e-02 5.616846133319852719e-02 5.551230862184492604e-02 5.495978924087315670e-02 5.452066549182975341e-02 5.420213035596070650e-02 5.400910336198817829e-02 5.394444782883972556e-02 5.400910336198817829e-02 5.420213035596070650e-02 5.452066549182975341e-02 5.495978924087314976e-02 5.551230862184491910e-02 5.616846133319852025e-02 5.691555130165085880e-02 5.773753102681097177e-02 5.861455315669246435e-02 5.952252266633721589e-02 6.043269177894949884e-02 6.131135198373254686e-02 6.211969032345294323e-02 6.281388910627849764e-02 6.334555719011750186e-02 6.366258409331397583e-02 6.371050184598379962e-02 6.343441979703492994e-02 6.278156083817676425e-02 6.170437111994699769e-02 6.016409905052485380e-02 5.813464659917184224e-02 5.560639502811480506e-02 5.258961217818091533e-02 4.911697868708324310e-02 4.524474872492550981e-02 4.105210908968629641e-02 3.663843452817314855e-02 3.211835948254659900e-02 2.761488042124853048e-02 2.325102955837743055e-02 1.914096137100726111e-02 1.538149883951333945e-02 1.204523339903156541e-02 9.176122897804572104e-03 6.788189155425958590e-03 4.867434556267119516e-03 3.376572065749358642e-03 2.261712372053174217e-03 1.459880777491713360e-03 9.062056727235404899e-04 5.398259064505746101e-04 3.079384397686826293e-04 1.678419381381931141e-04 8.721357994603304395e-05 4.310353844000629642e-05 2.021447823783563432e-05 8.973999861459718867e-06 3.761959224794558875e-06 1.485438555338922014e-06
1.347789242692937726e-06 3.413354363533847968e-06 8.142417223338922096e-06 1.834128797699670330e-05 3.910931571194255880e-05 7.913186610481099705e-05 1.522887351229244369e-04 2.794030860718976642e-04 4.898025212998720953e-04 8.222314231539710463e-04 1.324599796097645577e-03 2.052129045770777552e-03 3.063679403660064717e-03 4.416389968383354139e-03 6.159156356999542607e-03 8.325810372188355984e-03 1.092905252969975441e-02 1.395616035269788523e-02 1.736724938094691070e-02 2.109645492079368495e-02 2.505592616822743118e-02 2.914208685908521376e-02 3.324330565454736847e-02 3.724798364905226172e-02 4.105210908968626171e-02 4.456551586741645810e-02 4.771635509014602455e-02 5.045358542395389501e-02 5.274755460769754711e-02 5.458894627796175014e-02 5.598648784474430373e-02 5.696385894457968446e-02 5.755622022306017965e-02 5.780671891540695856e-02 5.776324149835036781e-02 5.747559213834371045e-02 5.699319148871340862e-02 5.636332117302787770e-02 5.562988813076862743e-02 5.483264965346333619e-02 5.400682206564345889e-02 5.318299025288081294e-02 5.238723805699935232e-02 5.164142771883311472e-02 5.096356742014569036e-02 5.036821760729233433e-02 4.986689786210556780e-02 4.946846585490844578e-02 4.917944802377635649e-02 4.900430802549741310e-02 4.894564384733612189e-02 4.900430802549741310e-02 4.917944802377635649e-02 4.946846585490844578e-02 4.986689786210556086e-02 5.036821760729232739e-02 5.096356742014568342e-02 5.164142771883311472e-02 5.238723805699935232e-02 5.318299025288081294e-02 5.400682206564343807e-02 5.483264965346333619e-02 5.562988813076862743e-02 5.636332117302787076e-02 5.699319148871340862e-02 5.747559213834371045e-02 5.776324149835036781e-02 5.780671891540695856e-02 5.755622022306017965e-02 5.696385894457967752e-02 5.598648784474430373e-02 5.458894627796175014e-02 5.274755460769754711e-02 5.045358542395390888e-02 4.771635509014603843e-02 4.456551586741645810e-02 4.105210908968629641e-02 3.724798364905226172e-02 3.324330565454739622e-02 2.914208685908519642e-02 2.505592616822744506e-02 2.109645492079372311e-02 1.736724938094691070e-02 1.395616035269790951e-02 1.092905252969975441e-02 8.325810372188380271e-03 6.159156356999542607e-03 4.416389968383354139e-03 3.063679403660082498e-03 2.052129045770777552e-03 1.324599796097650998e-03 8.222314231539710463e-04 4.898025212998738300e-04 2.794030860718976642e-04 1.522887351229250061e-04 7.913186610481099705e-05 3.910931571194255880e-05 1.834128797699680156e-05 8.142417223338922096e-06 3.413354363533866602e-06 1.347789242692937726e-06
1.202883092274238591e-06 3.046371140069105699e-06 7.266993753880513347e-06 1.636934358815664970e-05 3.490451854795581884e-05 7.062408630551165372e-05 1.359155710852714548e-04 2.493633555745034935e-04 4.371419156363889696e-04 7.338300718830036585e-04 1.182186834769662466e-03 1.831496538279554125e-03 2.734291117688578739e-03 3.941566421203587280e-03 5.496961104768257299e-03 7.430669580190847612e-03 9.754026880557261497e-03 1.245567837281887948e-02 1.550002773275641239e-02 1.882829164034948224e-02 2.236206447887416002e-02 2.600890587785114824e-02 2.966918642506922305e-02 3.324330565454739622e-02 3.663843452817311386e-02 3.977410105179753769e-02 4.258618109179188038e-02 4.502912096985395990e-02 4.707645645667683093e-02 4.871987282791141738e-02 4.996715917519989336e-02 5.083944924372756080e-02 5.136812341905962892e-02 5.159169000656161491e-02 5.155288701851533373e-02 5.129616397852119342e-02 5.086562813006539896e-02 5.030347766242276170e-02 4.964889890641029785e-02 4.893737468994979051e-02 4.820033509128275606e-02 4.746507669400558405e-02 4.675487896297652463e-02 4.608925364307783074e-02 4.548427278525031536e-02 4.495293138469198119e-02 4.450551050744597920e-02 4.414991550067717818e-02 4.389197111929903083e-02 4.373566111470977846e-02 4.368330415429110686e-02 4.373566111470977846e-02 4.389197111929903083e-02 4.414991550067717818e-02 4.450551050744597226e-02 4.495293138469197425e-02 4.548427278525031536e-02 4.608925364307783074e-02 4.675487896297652463e-02 4.746507669400558405e-02 4.820033509128274218e-02 4.893737468994979051e-02 4.964889890641029785e-02 5.030347766242276170e-02 5.086562813006539896e-02 5.129616397852119342e-02 5.155288701851533373e-02 5.159169000656161491e-02 5.136812341905962892e-02 5.083944924372754692e-02 4.996715917519989336e-02 4.871987282791141738e-02 4.707645645667683093e-02 4.502912096985396684e-02 4.258618109179189426e-02 3.977410105179753769e-02 3.663843452817314855e-02 3.324330565454739622e-02 2.966918642506925080e-02 2.600890587785111702e-02 2.236206447887417043e-02 1.882829164034952041e-02 1.550002773275641239e-02 1.245567837281890029e-02 9.754026880557261497e-03 7.430669580190860622e-03 5.496961104768257299e-03 3.941566421203587280e-03 2.734291117688593051e-03 1.831496538279554125e-03 1.182186834769666803e-03 7.338300718830036585e-04 4.371419156363908669e-04 2.493633555745034935e-04 1.359155710852719156e-04 7.062408630551165372e-05 3.490451854795581884e-05 1.636934358815670730e-05 7.266993753880513347e-06 3.046371140069126875e-06 1.202883092274238591e-06
1.054483688254560652e-06 2.670541049420583017e-06 6.370466444604215778e-06 1.434986152187953625e-05 3.059835630876664474e-05 6.191120939795024343e-05 1.191476990654607407e-04 2.185994570798969474e-04 3.832118203768317892e-04 6.432976286068562690e-04 1.036340723167879490e-03 1.605545241357656189e-03 2.396962265959424934e-03 3.455296299387600710e-03 4.818802306871562517e-03 6.513949622740425847e-03 8.550674879715770144e-03 1.091902426315608139e-02 1.358779295898413300e-02 1.650544973153701689e-02 1.960326184657483484e-02 2.280019328037036219e-02 2.600890587785109967e-02 2.914208685908519642e-02 3.211835948254657819e-02 3.486717956506713706e-02 3.733233395229350327e-02 3.947388891249552917e-02 4.126864510210805082e-02 4.270931358236821490e-02 4.380272250651531113e-02 4.456739835456452470e-02 4.503085012129864895e-02 4.522683535151240247e-02 4.519281947896987978e-02 4.496776830000524805e-02 4.459034755785555582e-02 4.409754946111524299e-02 4.352372593219017149e-02 4.289998229087157999e-02 4.225387109404472874e-02 4.160932135221146605e-02 4.098674054812879303e-02 4.040323326730455022e-02 3.987288875553721135e-02 3.940709881852530461e-02 3.901487614961370032e-02 3.870315081514787148e-02 3.847702897139835404e-02 3.834000289529088806e-02 3.829410520075791219e-02 3.834000289529088806e-02 3.847702897139835404e-02 3.870315081514787148e-02 3.901487614961369338e-02 3.940709881852529767e-02 3.987288875553721135e-02 4.040323326730455022e-02 4.098674054812879303e-02 4.160932135221146605e-02 4.225387109404472180e-02 4.289998229087157305e-02 4.352372593219017843e-02 4.409754946111524299e-02 4.459034755785555582e-02 4.496776830000524805e-02 4.519281947896987978e-02 4.522683535151238859e-02 4.503085012129864895e-02 4.456739835456452470e-02 4.380272250651531113e-02 4.270931358236821490e-02 4.126864510210803694e-02 3.947388891249554305e-02 3.733233395229352408e-02 3.486717956506713706e-02 3.211835948254659900e-02 2.914208685908519642e-02 2.600890587785111702e-02 2.280019328037034138e-02 1.960326184657484178e-02 1.650544973153704464e-02 1.358779295898413300e-02 1.091902426315610047e-02 8.550674879715770144e-03 6.513949622740444062e-03 4.818802306871562517e-03 3.455296299387600710e-03 2.396962265959437510e-03 1.605545241357656189e-03 1.036340723167882959e-03 6.432976286068562690e-04 3.832118203768331444e-04 2.185994570798969474e-04 1.191476990654613912e-04 6.191120939795024343e-05 3.059835630876664474e-05 1.434986152187958876e-05 6.370466444604215778e-06 2.670541049420602498e-06 1.054483688254560652e-06
9.066291500078199139e-07 2.296090862917814851e-06 5.477230840227619677e-06 1.233779422026568761e-05 2.630800464801171136e-05 5.323032283726462899e-05 1.024413922494251376e-04 1.879485118376465497e-04 3.294797357712406813e-04 5.530975857874837398e-04 8.910301026272118624e-04 1.380423551056190025e-03 2.060871956573114266e-03 2.970811575212050151e-03 4.143133448338373603e-03 5.600595509859808765e-03 7.351741126524143771e-03 9.388012158828323156e-03 1.168257917889393115e-02 1.419113640853938117e-02 1.685458848088917591e-02 1.960326184657485565e-02 2.236206447887415655e-02 2.505592616822744506e-02 2.761488042124850620e-02 2.997827441463040560e-02 3.209777692720938713e-02 3.393905353953596826e-02 3.548215780637679895e-02 3.672082280826349798e-02 3.766091928823022544e-02 3.831837603400115727e-02 3.871684486384079776e-02 3.888535000494628552e-02 3.885610367145293093e-02 3.866260806657477456e-02 3.833810741240449571e-02 3.791440705122330057e-02 3.742104224712190091e-02 3.688475688429422583e-02 3.632924023504262301e-02 3.577506610121287955e-02 3.523978052827911323e-02 3.473808978054197111e-02 3.428210757875862352e-02 3.388162842542594838e-02 3.354440129816925464e-02 3.327638456337228545e-02 3.308196841708162250e-02 3.296415546625650062e-02 3.292469332165886414e-02 3.296415546625650062e-02 3.308196841708162250e-02 3.327638456337228545e-02 3.354440129816924770e-02 3.388162842542594144e-02 3.428210757875861658e-02 3.473808978054197111e-02 3.523978052827911323e-02 3.577506610121287955e-02 3.632924023504260913e-02 3.688475688429422583e-02 3.742104224712190785e-02 3.791440705122330057e-02 3.833810741240449571e-02 3.866260806657477456e-02 3.885610367145293093e-02 3.888535000494628552e-02 3.871684486384079776e-02 3.831837603400115033e-02 3.766091928823022544e-02 3.672082280826349798e-02 3.548215780637679895e-02 3.393905353953597520e-02 3.209777692720940101e-02 2.997827441463040560e-02 2.761488042124853048e-02 2.505592616822744506e-02 2.236206447887417043e-02 1.960326184657484178e-02 1.685458848088917938e-02 1.419113640853940546e-02 1.168257917889393115e-02 9.388012158828342238e-03 7.351741126524143771e-03 5.600595509859826113e-03 4.143133448338373603e-03 2.970811575212050151e-03 2.060871956573125108e-03 1.380423551056190025e-03 8.910301026272150066e-04 5.530975857874837398e-04 3.294797357712421449e-04 1.879485118376465497e-04 1.024413922494256797e-04 5.323032283726462899e-05 2.630800464801171136e-05 1.233779422026573166e-05 5.477230840227619677e-06 2.296090862917831791e-06 9.066291500078199139e-07
7.633587704800687468e-07 1.933250324029781666e-06 4.611689575385490006e-06 1.038811009588306276e-05 2.215067327331905728e-05 4.481858298176387358e-05 8.625305642677972792e-05 1.582478843843783162e-04 2.774135885596261202e-04 4.656941518354963281e-04 7.502247678627722459e-04 1.162281650294275928e-03 1.735201965294120262e-03 2.501348066474884651e-03 3.488413377212888633e-03 4.715559501176321174e-03 6.189979736679353771e-03 7.904468347122215952e-03 9.836435634084364152e-03 1.194857725503767343e-02 1.419113640853940546e-02 1.650544973153705852e-02 1.882829164034949959e-02 2.109645492079372311e-02 2.325102955837742014e-02 2.524094741280823520e-02 2.702551482057109419e-02 2.857582307051784176e-02 2.987507776120146286e-02 3.091800230523224571e-02 3.170953971948133748e-02 3.226310163957975263e-02 3.259860229717321395e-02 3.274047935609278315e-02 3.271585468438843736e-02 3.255293628822632929e-02 3.227971496020563130e-02 3.192296999258524559e-02 3.150756932931104287e-02 3.105603064318887205e-02 3.058829970121522412e-02 3.012169912320769929e-02 2.967100223484169311e-02 2.924859133800416025e-02 2.886466587861304459e-02 2.852747257957970184e-02 2.824353588370689602e-02 2.801787258450574164e-02 2.785417911580066741e-02 2.775498359656580066e-02 2.772175747077853386e-02 2.775498359656580066e-02 2.785417911580066741e-02 2.801787258450574164e-02 2.824353588370688908e-02 2.852747257957970184e-02 2.886466587861304112e-02 2.924859133800416025e-02 2.967100223484169311e-02 3.012169912320769929e-02 3.058829970121522066e-02 3.105603064318886511e-02 3.150756932931104287e-02 3.192296999258525253e-02 3.227971496020563130e-02 3.255293628822632929e-02 3.271585468438843736e-02 3.274047935609277621e-02 3.259860229717321395e-02 3.226310163957975263e-02 3.170953971948133748e-02 3.091800230523224571e-02 2.987507776120145245e-02 2.857582307051784176e-02 2.702551482057112195e-02 2.524094741280823520e-02 2.325102955837743055e-02 2.109645492079372311e-02 1.882829164034952041e-02 1.650544973153704464e-02 1.419113640853940546e-02 1.194857725503769598e-02 9.836435634084364152e-03 7.904468347122229829e-03 6.189979736679353771e-03 4.715559501176329847e-03 3.488413377212888633e-03 2.501348066474884651e-03 1.735201965294129369e-03 1.162281650294275928e-03 7.502247678627748479e-04 4.656941518354963281e-04 2.774135885596271502e-04 1.582478843843783162e-04 8.625305642678012094e-05 4.481858298176387358e-05 2.215067327331905728e-05 1.038811009588310003e-05 4.611689575385490006e-06 1.933250324029791830e-06 7.633587704800687468e-07
6.284203760221890860e-07 1.591511020182268450e-06 3.796484443663089568e-06 8.551811160182632847e-06 1.823511429469750673e-05 3.689603350265969914e-05 7.100616413785645474e-05 1.302745168526803850e-04 2.283753830805784703e-04 3.833737232412375733e-04 6.176080618357069783e-04 9.568259381657167858e-04 1.428471530914370360e-03 2.059186523144255522e-03 2.871768991204900947e-03 3.881993355523520595e-03 5.095781360116490195e-03 6.507201021388854013e-03 8.097655806066040782e-03 9.836435634084341600e-03 1.168257917889393288e-02 1.358779295898414168e-02 1.550002773275639678e-02 1.736724938094691070e-02 1.914096137100724376e-02 2.077912284198668580e-02 2.224823352072822363e-02 2.352449486867755346e-02 2.459408121895230101e-02 2.545264872281476770e-02 2.610426662351070584e-02 2.655997579124718538e-02 2.683617023290923304e-02 2.695296778363244841e-02 2.693269599787416826e-02 2.679857657233494089e-02 2.657365238683817230e-02 2.627996897693244890e-02 2.593799839755406289e-02 2.556627788828027409e-02 2.518122741686506724e-02 2.479710749577047554e-02 2.442607998025391608e-02 2.407833836138239397e-02 2.376227913617256701e-02 2.348469126011078559e-02 2.325094585482163911e-02 2.306517289874594409e-02 2.293041540969353864e-02 2.284875461282067852e-02 2.282140184598489482e-02 2.284875461282067852e-02 2.293041540969353864e-02 2.306517289874594409e-02 2.325094585482163564e-02 2.348469126011078559e-02 2.376227913617256354e-02 2.407833836138239397e-02 2.442607998025391608e-02 2.479710749577047554e-02 2.518122741686505683e-02 2.556627788828027409e-02 2.593799839755406289e-02 2.627996897693244890e-02 2.657365238683817230e-02 2.679857657233494089e-02 2.693269599787416826e-02 2.695296778363244841e-02 2.683617023290923304e-02 2.655997579124717844e-02 2.610426662351070584e-02 2.545264872281477464e-02 2.459408121895230795e-02 2.352449486867756734e-02 2.224823352072823751e-02 2.077912284198668580e-02 1.914096137100726111e-02 1.736724938094691070e-02 1.550002773275641239e-02 1.358779295898413300e-02 1.168257917889393115e-02 9.836435634084364152e-03 8.097655806066040782e-03 6.507201021388865289e-03 5.095781360116490195e-03 3.881993355523534039e-03 2.871768991204900947e-03 2.059186523144255522e-03 1.428471530914377950e-03 9.568259381657167858e-04 6.176080618357092551e-04 3.833737232412375733e-04 2.283753830805792834e-04 1.302745168526803850e-04 7.100616413785676645e-05 3.689603350265969914e-05 1.823511429469750673e-05 8.551811160182678587e-06 3.796484443663089568e-06 1.591511020182279885e-06 6.284203760221890860e-07
5.049927794720364201e-07 1.278923479104121830e-06 3.050819649679977399e-06 6.872156047257323047e-06 1.465356853951598631e-05 2.964930995385739050e-05 5.705989422971497876e-05 1.046873921820269752e-04 1.835203374449148161e-04 3.080755644837653343e-04 4.963041041809542657e-04 7.688964400609815024e-04 1.147906459302413130e-03 1.654743171054113117e-03 2.307726897797093574e-03 3.119533817325775490e-03 4.094922588150065081e-03 5.229126323329786295e-03 6.507201021388865289e-03 7.904468347122219421e-03 9.388012158828331830e-03 1.091902426315611262e-02 1.245567837281889509e-02 1.395616035269790951e-02 1.538149883951332557e-02 1.669791018774226254e-02 1.787847388891600220e-02 1.890406565841472666e-02 1.976357531869908993e-02 2.045351219325479419e-02 2.097714628817241855e-02 2.134334994423911502e-02 2.156529723317412300e-02 2.165915466050420679e-02 2.164286444168645601e-02 2.153508731658277525e-02 2.135434032947284427e-02 2.111833906803716951e-02 2.084353468554551309e-02 2.054482353560931063e-02 2.023540055186105399e-02 1.992672534971056883e-02 1.962857108312342572e-02 1.934912914687749591e-02 1.909514688801634483e-02 1.887207984813533967e-02 1.868424421070270444e-02 1.853495878804783600e-02 1.842666892102919757e-02 1.836104706285878255e-02 1.833906663339198925e-02 1.836104706285878255e-02 1.842666892102919757e-02 1.853495878804783600e-02 1.868424421070270097e-02 1.887207984813533967e-02 1.909514688801634483e-02 1.934912914687749591e-02 1.962857108312342572e-02 1.992672534971056883e-02 2.023540055186105052e-02 2.054482353560931063e-02 2.084353468554551309e-02 2.111833906803716951e-02 2.135434032947284427e-02 2.153508731658277525e-02 2.164286444168645601e-02 2.165915466050419985e-02 2.156529723317412300e-02 2.134334994423911502e-02 2.097714628817241855e-02 2.045351219325479766e-02 1.976357531869908299e-02 1.890406565841474054e-02 1.787847388891600220e-02 1.669791018774226254e-02 1.538149883951333945e-02 1.395616035269790951e-02 1.245567837281890029e-02 1.091902426315610047e-02 9.388012158828342238e-03 7.904468347122229829e-03 6.507201021388865289e-03 5.229126323329794969e-03 4.094922588150065081e-03 3.119533817325786766e-03 2.307726897797093574e-03 1.654743171054113117e-03 1.147906459302419201e-03 7.688964400609815024e-04 4.963041041809561089e-04 3.080755644837653343e-04 1.835203374449154666e-04 1.046873921820269752e-04 5.705989422971518204e-05 2.964930995385739050e-05 1.465356853951598631e-05 6.872156047257347611e-06 3.050819649679977399e-06 1.278923479104135382e-06 5.049927794720364201e-07
3.954592434087402774e-07 1.001523451390649169e-06 2.389093229610756522e-06 5.381577205671045406e-06 1.147519204914889326e-05 2.321833926853785474e-05 4.468353512827861579e-05 8.198057197970471364e-05 1.437145574080459626e-04 2.412536071720539294e-04 3.886551521493999159e-04 6.021218853150490848e-04 8.989241794196288406e-04 1.295827403997714452e-03 1.807178181737493540e-03 2.442903212353637454e-03 3.206728995650632956e-03 4.094922588150059876e-03 5.095781360116490195e-03 6.189979736679343363e-03 7.351741126524137700e-03 8.550674879715778817e-03 9.754026880557254559e-03 1.092905252969975441e-02 1.204523339903156021e-02 1.307611355603016667e-02 1.400061158261599152e-02 1.480375127430866473e-02 1.547683226432582451e-02 1.601712100805171429e-02 1.642717824335642243e-02 1.671395188973024554e-02 1.688775854702665932e-02 1.696125818644537292e-02 1.694850133551501284e-02 1.686410119736882207e-02 1.672255844730091701e-02 1.653774614089838571e-02 1.632254715666899350e-02 1.608862681136220829e-02 1.584631804177091818e-02 1.560459485905711305e-02 1.537111060843691229e-02 1.515227996139276688e-02 1.495338675734838099e-02 1.477870322442144564e-02 1.463160936073893206e-02 1.451470412427838946e-02 1.442990245855002400e-02 1.437851405966978843e-02 1.436130121156565555e-02 1.437851405966978843e-02 1.442990245855002400e-02 1.451470412427838946e-02 1.463160936073893206e-02 1.477870322442144564e-02 1.495338675734838099e-02 1.515227996139276688e-02 1.537111060843691229e-02 1.560459485905711305e-02 1.584631804177091471e-02 1.608862681136222217e-02 1.632254715666899003e-02 1.653774614089837877e-02 1.672255844730091701e-02 1.686410119736882207e-02 1.694850133551501284e-02 1.696125818644536251e-02 1.688775854702665932e-02 1.671395188973025248e-02 1.642717824335642243e-02 1.601712100805171776e-02 1.547683226432582104e-02 1.480375127430867167e-02 1.400061158261599499e-02 1.307611355603016667e-02 1.204523339903156541e-02 1.092905252969975441e-02 9.754026880557261497e-03 8.550674879715770144e-03 7.351741126524143771e-03 6.189979736679353771e-03 5.095781360116490195e-03 4.094922588150065081e-03 3.206728995650632956e-03 2.442903212353645260e-03 1.807178181737493540e-03 1.295827403997714452e-03 8.989241794196337195e-04 6.021218853150490848e-04 3.886551521494016506e-04 2.412536071720539294e-04 1.437145574080464776e-04 8.198057197970471364e-05 4.468353512827881907e-05 2.321833926853785474e-05 1.147519204914889326e-05 5.381577205671074205e-06 2.389093229610756522e-06 1.001523451390656369e-06 3.954592434087402774e-07
3.012629559243878718e-07 7.629658945199747760e-07 1.820023935026758242e-06 4.099714151427865232e-06 8.741862364191794896e-06 1.768785440290057058e-05 3.404015482825083254e-05 6.245323596457381477e-05 1.094825145593148955e-04 1.837882816888727986e-04 2.960795629974727881e-04 4.586996562103061665e-04 6.848052231869441054e-04 9.871682116497706994e-04 1.376717955103094878e-03 1.861016666210954301e-03 2.442903212353645260e-03 3.119533817325778526e-03 3.881993355523534039e-03 4.715559501176321174e-03 5.600595509859821776e-03 6.513949622740446664e-03 7.430669580190854551e-03 8.325810372188380271e-03 9.176122897804566900e-03 9.961452886867944514e-03 1.066574040290822235e-02 1.127757649366171316e-02 1.179033317341770734e-02 1.220192801334233149e-02 1.251431179717108974e-02 1.273277748694255987e-02 1.286518432332123263e-02 1.292117673973257504e-02 1.291145850281278859e-02 1.284716202846772348e-02 1.273933400829663047e-02 1.259854300986626950e-02 1.243460327857552269e-02 1.225640151479695517e-02 1.207180940476243296e-02 1.188766339792717355e-02 1.170979385340137000e-02 1.154308750205373935e-02 1.139156960087333269e-02 1.125849475597334726e-02 1.114643786791236907e-02 1.105737883670711817e-02 1.099277647651336794e-02 1.095362852080133259e-02 1.094051568152355595e-02 1.095362852080133259e-02 1.099277647651336794e-02 1.105737883670711817e-02 1.114643786791236907e-02 1.125849475597334726e-02 1.139156960087333269e-02 1.154308750205373935e-02 1.170979385340137000e-02 1.188766339792717355e-02 1.207180940476242775e-02 1.225640151479696210e-02 1.243460327857551749e-02 1.259854300986626603e-02 1.273933400829663047e-02 1.284716202846772348e-02 1.291145850281278859e-02 1.292117673973257157e-02 1.286518432332123263e-02 1.273277748694256334e-02 1.251431179717108974e-02 1.220192801334233669e-02 1.179033317341770387e-02 1.127757649366171663e-02 1.066574040290822409e-02 9.961452886867944514e-03 9.176122897804572104e-03 8.325810372188380271e-03 7.430669580190860622e-03 6.513949622740444062e-03 5.600595509859826113e-03 4.715559501176329847e-03 3.881993355523534039e-03 3.119533817325786766e-03 2.442903212353645260e-03 1.861016666210959071e-03 1.376717955103094878e-03 9.871682116497706994e-04 6.848052231869477917e-04 4.586996562103061665e-04 2.960795629974738723e-04 1.837882816888727986e-04 1.094825145593153834e-04 6.245323596457381477e-05 3.404015482825094774e-05 1.768785440290057058e-05 8.741862364191794896e-06 4.099714151427880478e-06 1.820023935026758242e-06 7.629658945199802817e-07 3.012629559243878718e-07
2.228642699224074175e-07 5.644166788981754078e-07 1.346392902095960806e-06 3.032831562197938823e-06 6.466937720835328122e-06 1.308488375512601766e-05 2.518176929707830559e-05 4.620081747133187623e-05 8.099150657824321818e-05 1.359604306251463196e-04 2.190297690066423883e-04 3.393306810035628864e-04 5.065960255097342983e-04 7.302740627531780285e-04 1.018449948523135517e-03 1.376717955103092927e-03 1.807178181737493540e-03 2.307726897797089671e-03 2.871768991204900947e-03 3.488413377212885597e-03 4.143133448338368399e-03 4.818802306871568589e-03 5.496961104768254697e-03 6.159156356999542607e-03 6.788189155425952519e-03 7.369150044307056814e-03 7.890158419187292063e-03 8.342774318342776468e-03 8.722094579378586454e-03 9.026578691015111830e-03 9.257669777886303603e-03 9.419283396476152773e-03 9.517233550459485228e-03 9.558654869474351654e-03 9.551465642476907048e-03 9.503901258832296237e-03 9.424133691927585876e-03 9.319981214964223257e-03 9.198704078804945464e-03 9.066876367490305302e-03 8.930321291510084913e-03 8.794096227772853908e-03 8.662514281162318752e-03 8.539190491914755779e-03 8.427102610671161759e-03 8.328658286301202432e-03 8.245762344213468722e-03 8.179879448294014033e-03 8.132088780517861271e-03 8.103128430773074570e-03 8.093427990361197824e-03 8.103128430773074570e-03 8.132088780517861271e-03 8.179879448294014033e-03 8.245762344213468722e-03 8.328658286301202432e-03 8.427102610671161759e-03 8.539190491914755779e-03 8.662514281162318752e-03 8.794096227772853908e-03 8.930321291510083179e-03 9.066876367490308772e-03 9.198704078804943729e-03 9.319981214964221522e-03 9.424133691927585876e-03 9.503901258832296237e-03 9.551465642476907048e-03 9.558654869474346449e-03 9.517233550459485228e-03 9.419283396476152773e-03 9.257669777886303603e-03 9.026578691015113565e-03 8.722094579378579515e-03 8.342774318342785142e-03 7.890158419187292063e-03 7.369150044307056814e-03 6.788189155425958590e-03 6.159156356999542607e-03 5.496961104768257299e-03 4.818802306871562517e-03 4.143133448338373603e-03 3.488413377212888633e-03 2.871768991204900947e-03 2.307726897797093574e-03 1.807178181737493540e-03 1.376717955103094878e-03 1.018449948523135517e-03 7.302740627531780285e-04 5.065960255097374425e-04 3.393306810035628864e-04 2.190297690066431743e-04 1.359604306251463196e-04 8.099150657824348923e-05 4.620081747133187623e-05 2.518176929707839707e-05 1.308488375512601766e-05 6.466937720835328122e-06 3.032831562197954917e-06 1.346392902095960806e-06 5.644166788981783724e-07 2.228642699224074175e-07
1.598036271441377070e-07 4.047119466031019578e-07 9.654237953484713932e-07 2.174675574174319619e-06 4.637082941399847716e-06 9.382445582490859528e-06 1.805645235542263546e-05 3.312804789890090189e-05 5.807452456859815389e-05 9.748969617041696942e-05 1.570541188679116119e-04 2.433152413553738079e-04 3.632519578012450906e-04 5.236390924299977974e-04 7.302740627531780285e-04 9.871682116497683141e-04 1.295827403997714452e-03 1.654743171054110298e-03 2.059186523144255522e-03 2.501348066474882049e-03 2.970811575212046682e-03 3.455296299387605480e-03 3.941566421203585545e-03 4.416389968383354139e-03 4.867434556267115180e-03 5.284009439735003720e-03 5.657595695204854259e-03 5.982141493476303938e-03 6.254131048302152655e-03 6.472459744347591228e-03 6.638162366376479905e-03 6.754046543124682042e-03 6.824281174684568643e-03 6.853982108898808157e-03 6.848827112312974932e-03 6.814721326616907278e-03 6.757524421414142293e-03 6.682842447490794889e-03 6.595881328713639261e-03 6.501354976716865360e-03 6.403438893290032234e-03 6.305759443368653613e-03 6.211409315632291338e-03 6.122980655256265135e-03 6.042608642336185637e-03 5.972019668556086645e-03 5.912579578739258178e-03 5.865338602254538229e-03 5.831070560737929877e-03 5.810304697577401735e-03 5.803349048907234346e-03 5.810304697577401735e-03 5.831070560737929877e-03 5.865338602254538229e-03 5.912579578739258178e-03 5.972019668556086645e-03 6.042608642336185637e-03 6.122980655256265135e-03 6.211409315632291338e-03 6.305759443368653613e-03 6.403438893290032234e-03 6.501354976716867962e-03 6.595881328713639261e-03 6.682842447490791420e-03 6.757524421414142293e-03 6.814721326616907278e-03 6.848827112312974932e-03 6.853982108898805554e-03 6.824281174684568643e-03 6.754046543124682042e-03 6.638162366376479905e-03 6.472459744347591228e-03 6.254131048302149186e-03 5.982141493476309142e-03 5.657595695204854259e-03 5.284009439735003720e-03 4.867434556267119516e-03 4.416389968383354139e-03 3.941566421203587280e-03 3.455296299387600710e-03 2.970811575212050151e-03 2.501348066474884651e-03 2.059186523144255522e-03 1.654743171054113117e-03 1.295827403997714452e-03 9.871682116497706994e-04 7.302740627531780285e-04 5.236390924299977974e-04 3.632519578012473674e-04 2.433152413553738079e-04 1.570541188679121811e-04 9.748969617041696942e-05 5.807452456859835718e-05 3.312804789890090189e-05 1.805645235542269644e-05 9.382445582490859528e-06 4.637082941399847716e-06 2.174675574174327666e-06 9.654237953484713932e-07 4.047119466031033872e-07 1.598036271441377070e-07
1.108568501913535008e-07 2.807513974308242583e-07 6.697209754543380776e-07 1.508587061816778430e-06 3.216775602320873091e-06 6.508665560066241836e-06 1.252588235651842117e-05 2.298114948134429719e-05 4.028668801258388963e-05 6.762925746245151753e-05 1.089494978206683042e-04 1.687894182519197514e-04 2.519903245460581643e-04 3.632519578012473674e-04 5.065960255097374425e-04 6.848052231869452980e-04 8.989241794196337195e-04 1.147906459302417250e-03 1.428471530914377950e-03 1.735201965294127851e-03 2.060871956573124240e-03 2.396962265959440980e-03 2.734291117688591750e-03 3.063679403660082498e-03 3.376572065749356040e-03 3.665552862214177098e-03 3.924712158509844478e-03 4.149851760045673507e-03 4.338532742272351202e-03 4.489988826107999161e-03 4.604937848698096095e-03 4.685327480966809330e-03 4.734049716927427737e-03 4.754653454612063450e-03 4.751077398833697223e-03 4.727417986071074003e-03 4.687740108511056179e-03 4.635932721262281397e-03 4.575607208700189707e-03 4.510033643007653296e-03 4.442108597839673767e-03 4.374347706924843968e-03 4.308896389186162024e-03 4.247552833153572967e-03 4.191798227609969986e-03 4.142830182069652881e-03 4.101596192266395401e-03 4.068824809371961344e-03 4.045052838656107604e-03 4.030647419814115812e-03 4.025822239582649807e-03 4.030647419814115812e-03 4.045052838656107604e-03 4.068824809371961344e-03 4.101596192266395401e-03 4.142830182069652881e-03 4.191798227609969986e-03 4.247552833153572967e-03 4.308896389186162024e-03 4.374347706924843968e-03 4.442108597839672032e-03 4.510033643007655899e-03 4.575607208700189707e-03 4.635932721262278795e-03 4.687740108511056179e-03 4.727417986071074003e-03 4.751077398833697223e-03 4.754653454612061715e-03 4.734049716927427737e-03 4.685327480966809330e-03 4.604937848698096095e-03 4.489988826107999161e-03 4.338532742272351202e-03 4.149851760045676977e-03 3.924712158509844478e-03 3.665552862214177098e-03 3.376572065749358642e-03 3.063679403660082498e-03 2.734291117688593051e-03 2.396962265959437510e-03 2.060871956573125108e-03 1.735201965294129369e-03 1.428471530914377950e-03 1.147906459302419201e-03 8.989241794196337195e-04 6.848052231869477917e-04 5.065960255097374425e-04 3.632519578012473674e-04 2.519903245460594654e-04 1.687894182519197514e-04 1.089494978206686972e-04 6.762925746245151753e-05 4.028668801258403871e-05 2.298114948134429719e-05 1.252588235651846522e-05 6.508665560066241836e-06 3.216775602320873091e-06 1.508587061816783936e-06 6.697209754543380776e-07 2.807513974308257406e-07 1.108568501913535008e-07
7.425468928914614041e-08 1.880543037957024975e-07 4.485958500259158341e-07 1.010489323370365603e-06 2.154676706499762869e-06 4.359666885857294749e-06 8.390149105356941458e-06 1.539334837043514664e-05 2.698503065619777818e-05 4.529976714169440150e-05 7.297709699416686502e-05 1.130593714863605562e-04 1.687894182519188570e-04 2.433152413553738079e-04 3.393306810035628864e-04 4.586996562103054075e-04 6.021218853150490848e-04 7.688964400609802014e-04 9.568259381657167858e-04 1.162281650294272675e-03 1.380423551056190025e-03 1.605545241357656189e-03 1.831496538279550872e-03 2.052129045770777552e-03 2.261712372053171181e-03 2.455278933027848533e-03 2.628870307756709605e-03 2.779674440562832083e-03 2.906057678818556138e-03 3.007506749640558464e-03 3.084502478292290573e-03 3.138349463443663567e-03 3.170984834974454984e-03 3.184785733496530314e-03 3.182390401947375342e-03 3.166542735876945805e-03 3.139965501679994192e-03 3.105263618698474431e-03 3.064856082458949742e-03 3.020933269049802354e-03 2.975435375909293943e-03 2.930047437390823940e-03 2.886206508716935432e-03 2.845117061513369790e-03 2.807771233051412508e-03 2.774971212119764670e-03 2.747351655044963457e-03 2.725400563613072664e-03 2.709477503412016132e-03 2.699828393786894189e-03 2.696596367455339482e-03 2.699828393786894189e-03 2.709477503412016132e-03 2.725400563613072664e-03 2.747351655044963457e-03 2.774971212119764670e-03 2.807771233051412508e-03 2.845117061513369790e-03 2.886206508716935432e-03 2.930047437390823940e-03 2.975435375909292642e-03 3.020933269049804089e-03 3.064856082458948441e-03 3.105263618698474431e-03 3.139965501679994192e-03 3.166542735876945805e-03 3.182390401947375342e-03 3.184785733496528579e-03 3.170984834974454984e-03 3.138349463443663567e-03 3.084502478292290573e-03 3.007506749640558464e-03 2.906057678818556138e-03 2.779674440562832083e-03 2.628870307756710906e-03 2.455278933027848533e-03 2.261712372053174217e-03 2.052129045770777552e-03 1.831496538279554125e-03 1.605545241357656189e-03 1.380423551056190025e-03 1.162281650294275928e-03 9.568259381657167858e-04 7.688964400609815024e-04 6.021218853150490848e-04 4.586996562103061665e-04 3.393306810035628864e-04 2.433152413553738079e-04 1.687894182519197514e-04 1.130593714863605562e-04 7.297709699416724449e-05 4.529976714169440150e-05 2.698503065619787305e-05 1.539334837043514664e-05 8.390149105356970257e-06 4.359666885857294749e-06 2.154676706499762869e-06 1.010489323370370897e-06 4.485958500259158341e-07 1.880543037957031592e-07 7.425468928914614041e-08
4.792961071059467456e-08 1.213845167176182931e-07 2.895577998368008587e-07 6.522464824781542587e-07 1.390791837369051006e-06 2.814059807769654663e-06 5.415638854237087902e-06 9.936035043585694898e-06 1.741818633606582117e-05 2.923990693607770336e-05 4.710495570319486118e-05 7.297709699416724449e-05 1.089494978206680061e-04 1.570541188679121811e-04 2.190297690066431743e-04 2.960795629974730049e-04 3.886551521494016506e-04 4.963041041809551331e-04 6.176080618357092551e-04 7.502247678627735469e-04 8.910301026272150066e-04 1.036340723167882959e-03 1.182186834769664852e-03 1.324599796097650998e-03 1.459880777491711409e-03 1.584823323247686608e-03 1.696872368137939064e-03 1.794212798057464621e-03 1.875790129643263799e-03 1.941273057630693707e-03 1.990971943128494372e-03 2.025728873107618833e-03 2.046794218176609809e-03 2.055702365257307436e-03 2.054156236524257335e-03 2.043926950364705498e-03 2.026771986805923562e-03 2.004372758445377174e-03 1.978290668542703138e-03 1.949939552025108059e-03 1.920571759536133464e-03 1.891274940103280892e-03 1.862976678207012380e-03 1.836454431226600169e-03 1.812348599837606102e-03 1.791176977552157070e-03 1.773349219719389837e-03 1.759180319720275157e-03 1.748902368468117441e-03 1.742674100967931978e-03 1.740587905936200443e-03 1.742674100967931978e-03 1.748902368468117441e-03 1.759180319720275157e-03 1.773349219719389837e-03 1.791176977552157070e-03 1.812348599837606102e-03 1.836454431226600169e-03 1.862976678207012380e-03 1.891274940103280892e-03 1.920571759536135199e-03 1.949939552025108059e-03 1.978290668542703138e-03 2.004372758445377174e-03 2.026771986805923562e-03 2.043926950364705498e-03 2.054156236524257335e-03 2.055702365257310038e-03 2.046794218176609809e-03 2.025728873107617099e-03 1.990971943128494372e-03 1.941273057630693707e-03 1.875790129643263799e-03 1.794212798057464621e-03 1.696872368137939714e-03 1.584823323247686608e-03 1.459880777491713360e-03 1.324599796097650998e-03 1.182186834769666803e-03 1.036340723167882959e-03 8.910301026272150066e-04 7.502247678627748479e-04 6.176080618357092551e-04 4.963041041809561089e-04 3.886551521494016506e-04 2.960795629974738723e-04 2.190297690066431743e-04 1.570541188679121811e-04 1.089494978206686972e-04 7.297709699416724449e-05 4.710495570319507124e-05 2.923990693607770336e-05 1.741818633606587876e-05 9.936035043585694898e-06 5.415638854237107384e-06 2.814059807769654663e-06 1.390791837369051006e-06 6.522464824781589173e-07 2.895577998368008587e-07 1.213845167176189548e-07 4.792961071059467456e-08
2.975180287803908500e-08 7.534816495036397230e-08 1.797399656458906262e-07 4.048751593614522240e-07 8.633194381577400377e-07 1.746798095092154984e-06 3.361700987366769733e-06 6.167689485128760991e-06 1.081215638267291004e-05 1.815036538867807880e-05 2.923990693607757122e-05 4.529976714169440150e-05 6.762925746245108385e-05 9.748969617041696942e-05 1.359604306251463196e-04 1.837882816888723107e-04 2.412536071720539294e-04 3.080755644837647922e-04 3.833737232412375733e-04 4.656941518354951355e-04 5.530975857874837398e-04 6.432976286068562690e-04 7.338300718830023574e-04 8.222314231539710463e-04 9.062056727235396226e-04 9.837624468617127849e-04 1.053315715641140295e-03 1.113738766028844708e-03 1.164377038542930426e-03 1.205024878917068101e-03 1.235874940552598566e-03 1.257449940099926618e-03 1.270526031992990409e-03 1.276055670811753048e-03 1.275095927625697787e-03 1.268746205587693637e-03 1.258097441981774868e-03 1.244193356033172770e-03 1.228003172430030187e-03 1.210404514366710243e-03 1.192174765363094571e-03 1.173989072139280943e-03 1.156423223027495950e-03 1.139959816537330006e-03 1.124996374667813119e-03 1.111854312307899387e-03 1.100787918716669136e-03 1.091992722729836227e-03 1.085612792346285060e-03 1.081746660654623639e-03 1.080451676981086274e-03 1.081746660654623639e-03 1.085612792346285060e-03 1.091992722729836227e-03 1.100787918716669136e-03 1.111854312307899387e-03 1.124996374667813119e-03 1.139959816537330006e-03 1.156423223027495950e-03 1.173989072139280943e-03 1.192174765363096306e-03 1.210404514366710243e-03 1.228003172430030187e-03 1.244193356033172770e-03 1.258097441981774868e-03 1.268746205587693637e-03 1.275095927625697787e-03 1.276055670811754783e-03 1.270526031992990409e-03 1.257449940099926184e-03 1.235874940552598566e-03 1.205024878917068101e-03 1.164377038542930426e-03 1.113738766028844708e-03 1.053315715641141162e-03 9.837624468617127849e-04 9.062056727235404899e-04 8.222314231539710463e-04 7.338300718830036585e-04 6.432976286068562690e-04 5.530975857874837398e-04 4.656941518354963281e-04 3.833737232412375733e-04 3.080755644837653343e-04 2.412536071720539294e-04 1.837882816888727986e-04 1.359604306251463196e-04 9.748969617041696942e-05 6.762925746245151753e-05 4.529976714169440150e-05 2.923990693607770336e-05 1.815036538867807880e-05 1.081215638267294901e-05 6.167689485128760991e-06 3.361700987366782015e-06 1.746798095092154984e-06 8.633194381577400377e-07 4.048751593614550827e-07 1.797399656458906262e-07 7.534816495036438258e-08 2.975180287803908500e-08
1.772312228956435248e-08 4.488483427991792055e-08 1.070709363235127322e-07 2.411837692923985330e-07 5.142786149851006129e-07 1.040566058514329788e-06 2.002562263009237434e-06 3.674087094388612879e-06 6.440791859556575640e-06 1.081215638267294901e-05 1.741818633606582117e-05 2.698503065619787305e-05 4.028668801258385575e-05 5.807452456859835718e-05 8.099150657824348923e-05 1.094825145593151936e-04 1.437145574080464776e-04 1.835203374449151414e-04 2.283753830805792834e-04 2.774135885596263370e-04 3.294797357712421449e-04 3.832118203768338492e-04 4.371419156363904874e-04 4.898025212998738300e-04 5.398259064505746101e-04 5.860264072427314157e-04 6.274592270711609439e-04 6.634531839926845241e-04 6.936183575110222094e-04 7.178322395641770432e-04 7.362095936105324040e-04 7.490618014899018753e-04 7.568512177024372487e-04 7.601452185871500561e-04 7.595735004320263708e-04 7.557909767091578867e-04 7.494475177801637788e-04 7.411648662513861544e-04 7.315203884002368208e-04 7.210368835764445266e-04 7.101774384455536134e-04 6.993442373031765304e-04 6.888802767423864984e-04 6.790730402624957926e-04 6.701593313617822296e-04 6.623306166013150737e-04 6.557383758646504954e-04 6.504990855038505484e-04 6.466985666966346266e-04 6.443955155155088339e-04 6.436240949026743449e-04 6.443955155155088339e-04 6.466985666966346266e-04 6.504990855038505484e-04 6.557383758646504954e-04 6.623306166013150737e-04 6.701593313617822296e-04 6.790730402624957926e-04 6.888802767423864984e-04 6.993442373031765304e-04 7.101774384455543723e-04 7.210368835764445266e-04 7.315203884002368208e-04 7.411648662513855039e-04 7.494475177801637788e-04 7.557909767091578867e-04 7.595735004320263708e-04 7.601452185871507066e-04 7.568512177024372487e-04 7.490618014899018753e-04 7.362095936105324040e-04 7.178322395641763927e-04 6.936183575110222094e-04 6.634531839926845241e-04 6.274592270711615944e-04 5.860264072427314157e-04 5.398259064505746101e-04 4.898025212998738300e-04 4.371419156363908669e-04 3.832118203768331444e-04 3.294797357712421449e-04 2.774135885596271502e-04 2.283753830805792834e-04 1.835203374449154666e-04 1.437145574080464776e-04 1.094825145593153834e-04 8.099150657824348923e-05 5.807452456859835718e-05 4.028668801258403871e-05 2.698503065619787305e-05 1.741818633606587876e-05 1.081215638267294901e-05 6.440791859556598510e-06 3.674087094388612879e-06 2.002562263009244210e-06 1.040566058514329788e-06 5.142786149851006129e-07 2.411837692923993800e-07 1.070709363235127322e-07 4.488483427991831759e-08 1.772312228956435248e-08
1.010998279345768660e-08 2.560411731314209156e-08 6.107757460701500720e-08 1.375809362350988905e-07 2.933652357408865492e-07 5.935807909665173263e-07 1.142342172618879899e-06 2.095847260942583164e-06 3.674087094388600174e-06 6.167689485128760991e-06 9.936035043585661017e-06 1.539334837043514664e-05 2.298114948134415489e-05 3.312804789890090189e-05 4.620081747133187623e-05 6.245323596457365214e-05 8.198057197970471364e-05 1.046873921820267041e-04 1.302745168526803850e-04 1.582478843843778825e-04 1.879485118376465497e-04 2.185994570798969474e-04 2.493633555745028429e-04 2.794030860718976642e-04 3.079384397686823582e-04 3.342930662518991416e-04 3.579280154840949421e-04 3.784604182514859135e-04 3.956678481980495485e-04 4.094804217909286709e-04 4.199636047291480817e-04 4.272950217557561128e-04 4.317384185000296398e-04 4.336174492781273617e-04 4.332913182151819430e-04 4.311336143338199739e-04 4.275150498633317276e-04 4.227902918284874101e-04 4.172886932086767469e-04 4.113084798099304342e-04 4.051138149181551687e-04 3.989341206544650830e-04 3.929650560905254019e-04 3.873706133934028020e-04 3.822858748163202448e-04 3.778200605974666717e-04 3.740595809636239333e-04 3.710708787173609561e-04 3.689029097150935111e-04 3.675891565606992806e-04 3.671491071724003940e-04 3.675891565606992806e-04 3.689029097150935111e-04 3.710708787173609561e-04 3.740595809636239333e-04 3.778200605974666717e-04 3.822858748163202448e-04 3.873706133934028020e-04 3.929650560905254019e-04 3.989341206544650830e-04 4.051138149181558734e-04 4.113084798099304342e-04 4.172886932086767469e-04 4.227902918284874101e-04 4.275150498633317276e-04 4.311336143338199739e-04 4.332913182151819430e-04 4.336174492781277412e-04 4.317384185000296398e-04 4.272950217557561128e-04 4.199636047291480817e-04 4.094804217909286709e-04 3.956678481980495485e-04 3.784604182514859135e-04 3.579280154840952673e-04 3.342930662518991416e-04 3.079384397686826293e-04 2.794030860718976642e-04 2.493633555745034935e-04 2.185994570798969474e-04 1.879485118376465497e-04 1.582478843843783162e-04 1.302745168526803850e-04 1.046873921820269752e-04 8.198057197970471364e-05 6.245323596457381477e-05 4.620081747133187623e-05 3.312804789890090189e-05 2.298114948134429719e-05 1.539334837043514664e-05 9.936035043585694898e-06 6.167689485128760991e-06 3.674087094388612879e-06 2.095847260942583164e-06 1.142342172618883923e-06 5.935807909665173263e-07 2.933652357408865492e-07 1.375809362350998699e-07 6.107757460701500720e-08 2.560411731314227354e-08 1.010998279345768660e-08
5.510449127015091238e-09 1.395553175298154753e-08 3.329035019636429449e-08 7.498853019425678886e-08 1.598988089506001021e-07 3.235313865727865333e-07 6.226339407752192269e-07 1.142342172618883923e-06 2.002562263009237434e-06 3.361700987366782015e-06 5.415638854237087902e-06 8.390149105356970257e-06 1.252588235651837713e-05 1.805645235542269644e-05 2.518176929707839707e-05 3.404015482825079866e-05 4.468353512827881907e-05 5.705989422971502619e-05 7.100616413785676645e-05 8.625305642677980923e-05 1.024413922494256797e-04 1.191476990654613912e-04 1.359155710852715632e-04 1.522887351229250061e-04 1.678419381381931141e-04 1.822065351374311908e-04 1.950887712425092822e-04 2.062799634746373064e-04 2.156588782823432569e-04 2.231874256252693663e-04 2.289012876021295534e-04 2.328972786319264267e-04 2.353191533483014520e-04 2.363433196324919391e-04 2.361655617996830407e-04 2.349895046577161789e-04 2.330172050173690706e-04 2.304419742459268641e-04 2.274433262827135998e-04 2.241838091919612721e-04 2.208074052511829006e-04 2.174391610556925349e-04 2.141857206406660476e-04 2.111364679855136828e-04 2.083650297125109227e-04 2.059309363449518798e-04 2.038812858026309055e-04 2.022522927548401868e-04 2.010706406056721846e-04 2.003545790583242394e-04 2.001147300084164164e-04 2.003545790583242394e-04 2.010706406056721846e-04 2.022522927548401868e-04 2.038812858026309055e-04 2.059309363449518798e-04 2.083650297125109227e-04 2.111364679855136828e-04 2.141857206406660476e-04 2.174391610556925349e-04 2.208074052511832801e-04 2.241838091919612721e-04 2.274433262827135998e-04 2.304419742459264304e-04 2.330172050173690706e-04 2.349895046577161789e-04 2.361655617996830407e-04 2.363433196324921288e-04 2.353191533483014520e-04 2.328972786319264267e-04 2.289012876021295534e-04 2.231874256252693663e-04 2.156588782823434466e-04 2.062799634746371167e-04 1.950887712425092822e-04 1.822065351374311908e-04 1.678419381381931141e-04 1.522887351229250061e-04 1.359155710852719156e-04 1.191476990654613912e-04 1.024413922494256797e-04 8.625305642678012094e-05 7.100616413785676645e-05 5.705989422971518204e-05 4.468353512827881907e-05 3.404015482825094774e-05 2.518176929707839707e-05 1.805645235542269644e-05 1.252588235651846522e-05 8.390149105356970257e-06 5.415638854237107384e-06 3.361700987366782015e-06 2.002562263009244210e-06 1.142342172618883923e-06 6.226339407752226151e-07 3.235313865727865333e-07 1.598988089506001021e-07 7.498853019425718591e-08 3.329035019636429449e-08 1.395553175298162197e-08 5.510449127015091238e-09
2.863324868673685345e-09 7.251536163899301511e-09 1.729824292121532664e-08 3.896533992444492682e-08 8.308619235680335334e-08 1.681125156257707680e-07 3.235313865727858980e-07 5.935807909665173263e-07 1.040566058514324282e-06 1.746798095092154984e-06 2.814059807769644499e-06 4.359666885857294749e-06 6.508665560066206261e-06 9.382445582490859528e-06 1.308488375512601766e-05 1.768785440290054009e-05 2.321833926853785474e-05 2.964930995385733968e-05 3.689603350265969914e-05 4.481858298176379226e-05 5.323032283726462899e-05 6.191120939795035185e-05 7.062408630551159951e-05 7.913186610481099705e-05 8.721357994603304395e-05 9.467767350144771555e-05 1.013715066452765295e-04 1.071866440850295735e-04 1.120600907662483122e-04 1.159720544438195904e-04 1.189410761546461185e-04 1.210174623487442615e-04 1.222759104251835429e-04 1.228080849764016957e-04 1.227157189257311687e-04 1.221046192523731161e-04 1.210797781770793041e-04 1.197416436365943300e-04 1.181834941849692897e-04 1.164897926135197826e-04 1.147353546090162555e-04 1.129851565495819491e-04 1.112946125241551985e-04 1.097101679975624131e-04 1.082700806387700535e-04 1.070052835394125939e-04 1.059402495948750741e-04 1.050937965749626670e-04 1.044797896388951651e-04 1.041077116487417511e-04 1.039830819255560307e-04 1.041077116487417511e-04 1.044797896388951651e-04 1.050937965749626670e-04 1.059402495948750741e-04 1.070052835394125939e-04 1.082700806387700535e-04 1.097101679975624131e-04 1.112946125241551985e-04 1.129851565495819491e-04 1.147353546090164588e-04 1.164897926135197826e-04 1.181834941849692897e-04 1.197416436365941267e-04 1.210797781770793041e-04 1.221046192523731161e-04 1.227157189257311687e-04 1.228080849764018041e-04 1.222759104251835429e-04 1.210174623487442615e-04 1.189410761546461185e-04 1.159720544438195904e-04 1.120600907662484071e-04 1.071866440850294922e-04 1.013715066452765295e-04 9.467767350144771555e-05 8.721357994603304395e-05 7.913186610481099705e-05 7.062408630551165372e-05 6.191120939795024343e-05 5.323032283726462899e-05 4.481858298176387358e-05 3.689603350265969914e-05 2.964930995385739050e-05 2.321833926853785474e-05 1.768785440290057058e-05 1.308488375512601766e-05 9.382445582490859528e-06 6.508665560066241836e-06 4.359666885857294749e-06 2.814059807769654663e-06 1.746798095092154984e-06 1.040566058514329788e-06 5.935807909665173263e-07 3.235313865727865333e-07 1.681125156257707680e-07 8.308619235680335334e-08 3.896533992444499300e-08 1.729824292121532664e-08 7.251536163899366031e-09 2.863324868673685345e-09
1.415140091938352516e-09 3.583924292330892033e-09 8.549304811940420506e-09 1.925782691526368479e-08 4.106366105257132894e-08 8.308619235680335334e-08 1.598988089505992551e-07 2.933652357408865492e-07 5.142786149850977542e-07 8.633194381577400377e-07 1.390791837369048465e-06 2.154676706499762869e-06 3.216775602320856150e-06 4.637082941399847716e-06 6.466937720835328122e-06 8.741862364191779649e-06 1.147519204914889326e-05 1.465356853951596090e-05 1.823511429469750673e-05 2.215067327331902001e-05 2.630800464801171136e-05 3.059835630876673283e-05 3.490451854795581884e-05 3.910931571194255880e-05 4.310353844000625577e-05 4.679251490083612223e-05 5.010080581613338878e-05 5.297481924756708156e-05 5.538342117044676603e-05 5.731682967009140935e-05 5.878420827696677749e-05 5.981041993103480836e-05 6.043238230284797536e-05 6.069539875326101575e-05 6.064974871093857224e-05 6.034772512381414655e-05 5.984121826202554412e-05 5.917987247574553727e-05 5.840978879353740736e-05 5.757271123249658014e-05 5.670561592446624191e-05 5.584061612306911581e-05 5.500509911494267268e-05 5.422201962663007741e-05 5.351028573306585063e-05 5.288518548577980432e-05 5.235881411567107254e-05 5.194047192281488694e-05 5.163701148021417286e-05 5.145311949961685691e-05 5.139152379322082934e-05 5.145311949961685691e-05 5.163701148021417286e-05 5.194047192281488694e-05 5.235881411567107254e-05 5.288518548577980432e-05 5.351028573306585063e-05 5.422201962663007741e-05 5.500509911494267268e-05 5.584061612306911581e-05 5.670561592446633677e-05 5.757271123249658014e-05 5.840978879353740736e-05 5.917987247574553727e-05 5.984121826202554412e-05 6.034772512381414655e-05 6.064974871093857224e-05 6.069539875326107674e-05 6.043238230284797536e-05 5.981041993103475415e-05 5.878420827696677749e-05 5.731682967009140935e-05 5.538342117044676603e-05 5.297481924756708156e-05 5.010080581613338878e-05 4.679251490083612223e-05 4.310353844000629642e-05 3.910931571194255880e-05 3.490451854795581884e-05 3.059835630876664474e-05 2.630800464801171136e-05 2.215067327331905728e-05 1.823511429469750673e-05 1.465356853951598631e-05 1.147519204914889326e-05 8.741862364191794896e-06 6.466937720835328122e-06 4.637082941399847716e-06 3.216775602320873091e-06 2.154676706499762869e-06 1.390791837369051006e-06 8.633194381577400377e-07 5.142786149851006129e-07 2.933652357408865492e-07 1.598988089506001021e-07 8.308619235680335334e-08 4.106366105257132894e-08 1.925782691526378736e-08 8.549304811940420506e-09 3.583924292330916848e-09 1.415140091938352516e-09
6.636652030735765756e-10 1.680770587180651165e-09 4.009409489899120894e-09 9.031437723574173152e-09 1.925782691526378736e-08 3.896533992444499300e-08 7.498853019425678886e-08 1.375809362350998699e-07 2.411837692923985330e-07 4.048751593614550827e-07 6.522464824781554233e-07 1.010489323370370897e-06 1.508587061816773136e-06 2.174675574174327666e-06 3.032831562197954917e-06 4.099714151427872008e-06 5.381577205671074205e-06 6.872156047257334905e-06 8.551811160182678587e-06 1.038811009588310003e-05 1.233779422026573166e-05 1.434986152187961417e-05 1.636934358815670730e-05 1.834128797699680156e-05 2.021447823783559705e-05 2.194451565671533770e-05 2.349602110457524413e-05 2.484386130673928812e-05 2.597343518665236672e-05 2.688015527171709111e-05 2.756831902784653707e-05 2.804958655017407082e-05 2.834127130007619368e-05 2.846461941731878825e-05 2.844321069264142256e-05 2.830156920680984873e-05 2.806403019480525156e-05 2.775387561148611568e-05 2.739272568276334620e-05 2.700015730546888852e-05 2.659351135785828325e-05 2.618784815029093780e-05 2.579601163316552566e-05 2.542876699739109034e-05 2.509498165578601388e-05 2.480182532100352040e-05 2.455497035291559558e-05 2.435877835895135785e-05 2.421646302394622426e-05 2.413022229813966812e-05 2.410133545702290985e-05 2.413022229813966812e-05 2.421646302394622426e-05 2.435877835895135785e-05 2.455497035291559558e-05 2.480182532100352040e-05 2.509498165578601388e-05 2.542876699739109034e-05 2.579601163316552566e-05 2.618784815029093780e-05 2.659351135785830697e-05 2.700015730546888852e-05 2.739272568276329538e-05 2.775387561148611568e-05 2.806403019480525156e-05 2.830156920680984873e-05 2.844321069264142256e-05 2.846461941731878825e-05 2.834127130007619368e-05 2.804958655017407082e-05 2.756831902784653707e-05 2.688015527171709111e-05 2.597343518665229896e-05 2.484386130673928812e-05 2.349602110457524413e-05 2.194451565671533770e-05 2.021447823783563432e-05 1.834128797699680156e-05 1.636934358815670730e-05 1.434986152187958876e-05 1.233779422026573166e-05 1.038811009588310003e-05 8.551811160182678587e-06 6.872156047257347611e-06 5.381577205671074205e-06 4.099714151427880478e-06 3.032831562197954917e-06 2.174675574174327666e-06 1.508587061816783936e-06 1.010489323370370897e-06 6.522464824781589173e-07 4.048751593614550827e-07 2.411837692923993800e-07 1.375809362350998699e-07 7.498853019425718591e-08 3.896533992444499300e-08 1.925782691526378736e-08 9.031437723574237673e-09 4.009409489899120894e-09 1.680770587180657162e-09 6.636652030735765756e-10
2.946270178416242442e-10 7.461599967627846626e-10 1.779934153311220488e-09 4.009409489899106832e-09 8.549304811940420506e-09 1.729824292121532664e-08 3.329035019636411581e-08 6.107757460701500720e-08 1.070709363235125337e-07 1.797399656458906262e-07 2.895577998368003823e-07 4.485958500259158341e-07 6.697209754543356424e-07 9.654237953484713932e-07 1.346392902095960806e-06 1.820023935026748713e-06 2.389093229610756522e-06 3.050819649679972316e-06 3.796484443663089568e-06 4.611689575385480689e-06 5.477230840227610360e-06 6.370466444604215778e-06 7.266993753880500642e-06 8.142417223338922096e-06 8.973999861459737502e-06 9.742031337448460459e-06 1.043080546806580268e-05 1.102916460675732108e-05 1.153062676287052590e-05 1.193315537736248157e-05 1.223865826393262576e-05 1.245231179621169153e-05 1.258180209887566452e-05 1.263656116680821789e-05 1.262705699410442926e-05 1.256417678224468640e-05 1.245872389665742050e-05 1.232103411040673053e-05 1.216070548989064688e-05 1.198642898757363055e-05 1.180590289955962233e-05 1.162581308840162382e-05 1.145186148752298540e-05 1.128882718746404262e-05 1.114064678062504126e-05 1.101050318370547011e-05 1.090091457976738024e-05 1.081381725744523518e-05 1.075063789750363369e-05 1.071235225627488310e-05 1.069952825433281789e-05 1.071235225627488310e-05 1.075063789750363369e-05 1.081381725744523518e-05 1.090091457976738024e-05 1.101050318370547011e-05 1.114064678062504126e-05 1.128882718746404262e-05 1.145186148752298540e-05 1.162581308840162382e-05 1.180590289955962233e-05 1.198642898757361022e-05 1.216070548989064688e-05 1.232103411040673053e-05 1.245872389665742050e-05 1.256417678224468640e-05 1.262705699410442926e-05 1.263656116680819586e-05 1.258180209887566452e-05 1.245231179621171524e-05 1.223865826393262576e-05 1.193315537736248157e-05 1.153062676287052590e-05 1.102916460675732108e-05 1.043080546806582132e-05 9.742031337448460459e-06 8.973999861459718867e-06 8.142417223338922096e-06 7.266993753880513347e-06 6.370466444604215778e-06 5.477230840227619677e-06 4.611689575385490006e-06 3.796484443663089568e-06 3.050819649679977399e-06 2.389093229610756522e-06 1.820023935026758242e-06 1.346392902095960806e-06 9.654237953484713932e-07 6.697209754543380776e-07 4.485958500259158341e-07 2.895577998368008587e-07 1.797399656458906262e-07 1.070709363235127322e-07 6.107757460701500720e-08 3.329035019636429449e-08 1.729824292121532664e-08 8.549304811940420506e-09 4.009409489899120894e-09 1.779934153311220488e-09 7.461599967627873510e-10 2.946270178416242442e-10
1.235095659409470753e-10 3.127951333105795885e-10 7.461599967627873510e-10 1.680770587180651165e-09 3.583924292330916848e-09 7.251536163899366031e-09 1.395553175298157234e-08 2.560411731314227354e-08 4.488483427991807937e-08 7.534816495036438258e-08 1.213845167176187430e-07 1.880543037957031592e-07 2.807513974308242583e-07 4.047119466031033872e-07 5.644166788981783724e-07 7.629658945199762583e-07 1.001523451390656369e-06 1.278923479104128606e-06 1.591511020182279885e-06 1.933250324029788866e-06 2.296090862917823321e-06 2.670541049420602498e-06 3.046371140069116287e-06 3.413354363533866602e-06 3.761959224794558875e-06 4.083923024731417677e-06 4.372661628974522216e-06 4.623497679374751536e-06 4.833713883207911490e-06 5.002456501651128238e-06 5.130525302640275522e-06 5.220090255735377188e-06 5.274373434490520845e-06 5.297328792628503874e-06 5.293344581493109162e-06 5.266984786895983201e-06 5.222778250029403773e-06 5.165057794319301670e-06 5.097846991749612745e-06 5.024789146231683797e-06 4.949111433661505674e-06 4.873616611192548830e-06 4.800694966474939206e-06 4.732349925408176853e-06 4.670231733180881773e-06 4.615674689216341215e-06 4.569734432264944304e-06 4.533222667140913483e-06 4.506737467718339047e-06 4.490687877410650057e-06 4.485311972223505611e-06 4.490687877410650057e-06 4.506737467718339047e-06 4.533222667140905860e-06 4.569734432264944304e-06 4.615674689216341215e-06 4.670231733180881773e-06 4.732349925408176853e-06 4.800694966474939206e-06 4.873616611192548830e-06 4.949111433661505674e-06 5.024789146231675327e-06 5.097846991749612745e-06 5.165057794319301670e-06 5.222778250029403773e-06 5.266984786895983201e-06 5.293344581493109162e-06 5.297328792628503874e-06 5.274373434490520845e-06 5.220090255735396670e-06 5.130525302640275522e-06 5.002456501651128238e-06 4.833713883207919113e-06 4.623497679374743066e-06 4.372661628974538309e-06 4.083923024731417677e-06 3.761959224794558875e-06 3.413354363533866602e-06 3.046371140069126875e-06 2.670541049420602498e-06 2.296090862917831791e-06 1.933250324029791830e-06 1.591511020182279885e-06 1.278923479104135382e-06 1.001523451390656369e-06 7.629658945199802817e-07 5.644166788981783724e-07 4.047119466031033872e-07 2.807513974308257406e-07 1.880543037957031592e-07 1.213845167176189548e-07 7.534816495036438258e-08 4.488483427991831759e-08 2.560411731314227354e-08 1.395553175298162197e-08 7.251536163899366031e-09 3.583924292330916848e-09 1.680770587180657162e-09 7.461599967627873510e-10 3.127951333105828972e-10 1.235095659409470753e-10
4.876870275271972377e-11 1.235095659409457829e-10 2.946270178416242442e-10 6.636652030735743009e-10 1.415140091938352516e-09 2.863324868673685345e-09 5.510449127015071386e-09 1.010998279345768660e-08 1.772312228956431608e-08 2.975180287803908500e-08 4.792961071059442310e-08 7.425468928914614041e-08 1.108568501913527067e-07 1.598036271441377070e-07 2.228642699224074175e-07 3.012629559243868660e-07 3.954592434087402774e-07 5.049927794720364201e-07 6.284203760221890860e-07 7.633587704800674762e-07 9.066291500078182198e-07 1.054483688254560652e-06 1.202883092274236474e-06 1.347789242692937726e-06 1.485438555338922014e-06 1.612568439867576033e-06 1.726579100145502801e-06 1.825623645306351964e-06 1.908629131403244576e-06 1.975258453090829375e-06 2.025827404894309279e-06 2.061192815996513236e-06 2.082626946940249658e-06 2.091691046786154301e-06 2.090117850353267651e-06 2.079709482567855606e-06 2.062254191232735950e-06 2.039462825026955821e-06 2.012924122317398358e-06 1.984076669695619193e-06 1.954194742403400765e-06 1.924385030675340493e-06 1.895591357987891133e-06 1.868604792477645911e-06 1.844076946159104835e-06 1.822534677429520482e-06 1.804394813374638823e-06 1.789977861887963553e-06 1.779519977041994423e-06 1.773182672776891477e-06 1.771059955235932531e-06 1.773182672776891477e-06 1.779519977041994423e-06 1.789977861887963553e-06 1.804394813374638823e-06 1.822534677429520482e-06 1.844076946159104835e-06 1.868604792477645911e-06 1.895591357987891133e-06 1.924385030675340493e-06 1.954194742403400765e-06 1.984076669695619193e-06 2.012924122317398358e-06 2.039462825026955821e-06 2.062254191232735950e-06 2.079709482567855606e-06 2.090117850353267651e-06 2.091691046786154301e-06 2.082626946940249658e-06 2.061192815996516624e-06 2.025827404894309279e-06 1.975258453090829375e-06 1.908629131403244576e-06 1.825623645306348576e-06 1.726579100145505977e-06 1.612568439867576033e-06 1.485438555338922014e-06 1.347789242692937726e-06 1.202883092274238591e-06 1.054483688254560652e-06 9.066291500078199139e-07 7.633587704800687468e-07 6.284203760221890860e-07 5.049927794720364201e-07 3.954592434087402774e-07 3.012629559243878718e-07 2.228642699224074175e-07 1.598036271441377070e-07 1.108568501913535008e-07 7.425468928914614041e-08 4.792961071059467456e-08 2.975180287803908500e-08 1.772312228956435248e-08 1.010998279345768660e-08 5.510449127015091238e-09 2.863324868673685345e-09 1.415140091938352516e-09 6.636652030735765756e-10 2.946270178416242442e-10 1.235095659409470753e-10 4.876870275271972377e-11
