1.604141673581508909e-11 4.300809874940004663e-11 1.340156939909324481e-10 4.432176728335016125e-10 1.363769910312099741e-09 3.442990228916964472e-09 6.616781656443550530e-09 9.707054755495219469e-09 1.178053291082561682e-08 1.347808330340089691e-08 1.665628272549932420e-08 2.444266396854142927e-08 4.349660098490794168e-08 8.845503587748464350e-08 1.826374113413797994e-07 3.344631870391254167e-07 4.894827563206367565e-07 5.521204298306833762e-07 5.021299010954999690e-07 4.115176562739063567e-07 3.492710364761716443e-07 3.457813067521679995e-07 4.230701812503174106e-07 6.251838979606051285e-07 1.014421727304352826e-06 1.581108750751580136e-06 2.089002765008127708e-06 2.176732722581012679e-06 1.800156906923204814e-06 1.283880997577861014e-06 9.003567876238422423e-07 7.097603304843034259e-07 6.882834520980504643e-07 8.337369200944849875e-07 1.182671072364281355e-06 1.739759302867253548e-06 2.317073948435098547e-06 2.522258975243635391e-06 2.171619634236670279e-06 1.552118539652891883e-06 1.030943205125306744e-06 7.306673605733959059e-07 6.201425028295234162e-07 6.642573961621759695e-07 8.726140878688125788e-07 1.272624267060375387e-06 1.799136706184873005e-06 2.177566369727867264e-06 2.105337834675412858e-06 1.642102233627709509e-06 1.125639270985195256e-06 7.734615181849595367e-07 6.075973707747259830e-07 5.943686086653573246e-07 7.310227983029902257e-07 1.054346464204475870e-06 1.574228614936488451e-06 2.123393401522364755e-06 2.340614482764226476e-06 2.047369257860933446e-06 1.496348959342618062e-06 1.024528301286810393e-06 7.537077737353133369e-07 6.661527979273031372e-07 7.414407321651984858e-07 1.004264525636611352e-06 1.492139818158039931e-06 2.119815126089825767e-06 2.545584887464266118e-06 2.418006496517640289e-06 1.841289964795632097e-06 1.227594778496590023e-06 8.174565550218355161e-07 6.185137283770734667e-07 5.764556362182722512e-07 6.643646479614177822e-07 8.786639067549430906e-07 1.173729805260804723e-06 1.381549245113921743e-06 1.299003036766380773e-06 9.506676798638948586e-07 5.720063781622636019e-07 3.176993879953199803e-07 1.865814505262589623e-07 1.290618870676487975e-07 1.096162871038947344e-07 1.098558266929182459e-07 1.166225806818666808e-07 1.141304932622362705e-07 9.112366495667602994e-08 5.571365681846474411e-08 2.652958064105691645e-08 1.077078797575171937e-08 4.253488852779422405e-09 1.853784028973413382e-09 9.619165695247220233e-10 5.931843867270698889e-10 4.014329079965205442e-10 2.616504136613471543e-10 1.432791156064064252e-10 5.989238823488430184e-11
4.524708327168843025e-11 1.213104214870481288e-10 3.780102073018544827e-10 1.250158092670644346e-09 3.846705793606417626e-09 9.711440588885106180e-09 1.866356790864016666e-08 2.738011997806349726e-08 3.322865819020238928e-08 3.801683901211527158e-08 4.698139970360669836e-08 6.894398856288430482e-08 1.226883110894718352e-07 2.494999313379147601e-07 5.151546335080707187e-07 9.434006936236351176e-07 1.380655299967812140e-06 1.557333711602503321e-06 1.416328359411479878e-06 1.160743715336775250e-06 9.851683259710115570e-07 9.753250500298573054e-07 1.193329244920259226e-06 1.763419550592762027e-06 2.861319864938844209e-06 4.459740712746781654e-06 5.892327568055519994e-06 6.139782313549379393e-06 5.077596998512296334e-06 3.621367823369644780e-06 2.539583580101788740e-06 2.001979332951522981e-06 1.941400761821384222e-06 2.351672827373833410e-06 3.335890923823994401e-06 4.907237019394702034e-06 6.535634577551297441e-06 7.114387947469144893e-06 6.125360125166503730e-06 4.377969724731900971e-06 2.907921028355229292e-06 2.060950566414513232e-06 1.749199583051357714e-06 1.873631875099953966e-06 2.461331374160728882e-06 3.589616623866520803e-06 5.074719378129912489e-06 6.142133733158629258e-06 5.938402940926678444e-06 4.631781452300959608e-06 3.175024666894669230e-06 2.181657536682855434e-06 1.713814264903589206e-06 1.676500671559453783e-06 2.061953128770052610e-06 2.973933228513325960e-06 4.440334317209967126e-06 5.989331219276167726e-06 6.602033981955013534e-06 5.774894376473644204e-06 4.220663740735337529e-06 2.889826885366462730e-06 2.125939308376670597e-06 1.878978123683378216e-06 2.091338383747549982e-06 2.832670041968934603e-06 4.208791263084684248e-06 5.979238187648617172e-06 7.180181979880169984e-06 6.820329095693084636e-06 5.193618602178849371e-06 3.462604586695377213e-06 2.305751756544040713e-06 1.744605394489678929e-06 1.625974600869751805e-06 1.873934393959182968e-06 2.478395743438546412e-06 3.310670816158425582e-06 3.896854920428679845e-06 3.664021672320096543e-06 2.681492562839951316e-06 1.613424839643990343e-06 8.961160289473853852e-07 5.262793534978311281e-07 3.640372946806584185e-07 3.091882314515048971e-07 3.098638867199839455e-07 3.289504727902388148e-07 3.219211879799651644e-07 2.570271768521990996e-07 1.571482438834143955e-07 7.483043201220605690e-08 3.038052987878919641e-08 1.199756651712786489e-08 5.228859876161313227e-09 2.713221646098607163e-09 1.673160406199090203e-09 1.132298257395269061e-09 7.380219746161483981e-10 4.041389973033161922e-10 1.689349464847255163e-10
1.570772970528514377e-10 4.211346176086150866e-10 1.312279539983418089e-09 4.339980389593935403e-09 1.335401322973923173e-08 3.371370545658817552e-08 6.479142053971628069e-08 9.505132548130522661e-08 1.153547905368735783e-07 1.319771769300524408e-07 1.630980550257860487e-07 2.393421760795941805e-07 4.259180237142922105e-07 8.661503017577624412e-07 1.788382621478974323e-06 3.275058197727118569e-06 4.793007349853530512e-06 5.406354450715890400e-06 4.916847989953369036e-06 4.029574332590582699e-06 3.420056423447636672e-06 3.385885045599967325e-06 4.142696473067028651e-06 6.121790766358239191e-06 9.933201388683708465e-06 1.548219169197021463e-05 2.045548178614391160e-05 2.131453213269731808e-05 1.762710774661206019e-05 1.257174226929660232e-05 8.816279316987352124e-06 6.949961845882329584e-06 6.739660594963895566e-06 8.163938635745224197e-06 1.158069629441238248e-05 1.703569537014806829e-05 2.268875117988573004e-05 2.469791969271685093e-05 2.126446485310793630e-05 1.519832000685862689e-05 1.009497943623231685e-05 7.154683151355616462e-06 6.072425505570674221e-06 6.504397838101416872e-06 8.544623243073414922e-06 1.246151654344841036e-05 1.761711795723948680e-05 2.132269519227492522e-05 2.061543452802224214e-05 1.607943890434590140e-05 1.102224180412532247e-05 7.573722860751743783e-06 5.949583772400118638e-06 5.820047944629019828e-06 7.158163591939808557e-06 1.032414377619837125e-05 1.541482151170563519e-05 2.079223435086732875e-05 2.291925971691186832e-05 2.004780714759958108e-05 1.465222516516352034e-05 1.003216480006898200e-05 7.380294509881975357e-06 6.522957581981822384e-06 7.260175834305998878e-06 9.833742231810876455e-06 1.461100932175791893e-05 2.075719593485268090e-05 2.492632665347664547e-05 2.367708108232293094e-05 1.802988199383259629e-05 1.202058850898870003e-05 8.004521560385783319e-06 6.056476572087238980e-06 5.644644403875152274e-06 6.505448046010517200e-06 8.603862973200898588e-06 1.149314354941659242e-05 1.352810819280016257e-05 1.271981703605691313e-05 9.308922772084439817e-06 5.601077339890827622e-06 3.110907344625774920e-06 1.827002590327999017e-06 1.263771941530855923e-06 1.073360936556595016e-06 1.075706504395184081e-06 1.141966451624937300e-06 1.117563971323995570e-06 8.922814751758907825e-07 5.455472397544394891e-07 2.597772308812920663e-07 1.054673842231845829e-07 4.165009506593803374e-08 1.815222367116515835e-08 9.419071720389224082e-09 5.808452062280211672e-09 3.930824638161578131e-09 2.562076681102853031e-09 1.402986816827047906e-09 5.864653111948223142e-10
4.169600384896254297e-10 1.117897427967068777e-09 3.483432283129570492e-09 1.152043245103994268e-08 3.544808813707531119e-08 8.949267773609039724e-08 1.719881466571702125e-07 2.523127471300951282e-07 3.062080822923376104e-07 3.503320327315755805e-07 4.329420774171661365e-07 6.353312975379269131e-07 1.130594929333317577e-06 2.299186896736591974e-06 4.747242922286555166e-06 8.693607655602804974e-06 1.272298776826773068e-05 1.435111121819585895e-05 1.305172144927344944e-05 1.069646282650546906e-05 9.078503925857665045e-06 8.987796361556924567e-06 1.099674436261579198e-05 1.625022941862388768e-05 2.636757896309607958e-05 4.109731555678361437e-05 5.429886198006480738e-05 5.657920212013561206e-05 4.679097274009743967e-05 3.337155807260833770e-05 2.340272103173175107e-05 1.844860086805220691e-05 1.789035840193781713e-05 2.167108953142936540e-05 3.074083692075606645e-05 4.522107478615759258e-05 6.022705217586995239e-05 6.556036893239871233e-05 5.644629905128760022e-05 4.034378114429354613e-05 2.679701709450191849e-05 1.899203142747335948e-05 1.611918985132662808e-05 1.726585587994993546e-05 2.268161283111772602e-05 3.307896503876748217e-05 4.676445494892419736e-05 5.660087087621637654e-05 5.472345485670232940e-05 4.268270202148830017e-05 2.925842533019716924e-05 2.010436794354988153e-05 1.579310775829383744e-05 1.544925626131365639e-05 1.900127022052091304e-05 2.740533143276398782e-05 4.091848211946821917e-05 5.519276813316929039e-05 6.083893467113765603e-05 5.321669392543187986e-05 3.889417811136406761e-05 2.663027630125050927e-05 1.959091441374724696e-05 1.731512252553091930e-05 1.927206064855526067e-05 2.610356567374160332e-05 3.878477108708232811e-05 5.509975902514288392e-05 6.616667281549684133e-05 6.285056354188235835e-05 4.786013275732894646e-05 3.190852619325047778e-05 2.124791857595131756e-05 1.607685357457694264e-05 1.498364940102151712e-05 1.726864364583595118e-05 2.283886407377035317e-05 3.050842907692206737e-05 3.591022139159853537e-05 3.376462098880384671e-05 2.471043791923228163e-05 1.486800108635980489e-05 8.257870936729854179e-06 4.849759224768770520e-06 3.354669371510233381e-06 2.849225354758386329e-06 2.855451639998888623e-06 3.031337975361174740e-06 2.966561847197347969e-06 2.368551822659250834e-06 1.448149429318125247e-06 6.895759363019033870e-07 2.799620658757760574e-07 1.105597407621984040e-07 4.818488745738149082e-08 2.500282714788896819e-08 1.541847511317064142e-08 1.043433279777121597e-08 6.801005693436259122e-09 3.724213798686725332e-09 1.556766021039602708e-09
6.881283797716427312e-10 1.844917677589391256e-09 5.748868936498380328e-09 1.901270094256287805e-08 5.850161455310510241e-08 1.476938930527589637e-07 2.838399697194735169e-07 4.164033620758700805e-07 5.053493190955990237e-07 5.781691092962669180e-07 7.145042756308547288e-07 1.048516538843005156e-06 1.865872949643648500e-06 3.794454163460325250e-06 7.834593915351243784e-06 1.434746162267813053e-05 2.099733343882620110e-05 2.368430064970224590e-05 2.153985779225400105e-05 1.765286587355763417e-05 1.498267368710049843e-05 1.483297481072519404e-05 1.814843434018438998e-05 2.681850299434224919e-05 4.351563151255692131e-05 6.782479507986947541e-05 8.961191593595749781e-05 9.337526642776775292e-05 7.722130009440550022e-05 5.507462122783387892e-05 3.862258974300704383e-05 3.044657677597162486e-05 2.952528349060417343e-05 3.576479842328984967e-05 5.073302079434263088e-05 7.463042510464711705e-05 9.939548159657676546e-05 1.081973001875694170e-04 9.315593036437840426e-05 6.658120248944466397e-05 4.422435306449959489e-05 3.134342528866702985e-05 2.660224235349794761e-05 2.849463817942401157e-05 3.743251162538693019e-05 5.459174145106034516e-05 7.717753656075552603e-05 9.341102737518981974e-05 9.031264114051543277e-05 7.044123147320088916e-05 4.828652858453504743e-05 3.317916553692015839e-05 2.606409403798072048e-05 2.549662005568706355e-05 3.135867249488347706e-05 4.522828226955349646e-05 6.752965801130384783e-05 9.108717048320828357e-05 1.004052994956836499e-04 8.782596409085348973e-05 6.418885575527044087e-05 4.394917304408919189e-05 3.233178949860492552e-05 2.857594519657424462e-05 3.180557042586012280e-05 4.307991820607365291e-05 6.400829629775655423e-05 9.093367326308588480e-05 1.091979114457534706e-04 1.037251833880144236e-04 7.898578417551586689e-05 5.266011224912312374e-05 3.506641988079369393e-05 2.653237284362632340e-05 2.472820758253021004e-05 2.849923895802451303e-05 3.769203060283050222e-05 5.034946741209760828e-05 5.926429437447496479e-05 5.572331108465972235e-05 4.078077522825263057e-05 2.453734783568311395e-05 1.362834522137691532e-05 8.003781296911318774e-06 5.536365565508074472e-06 4.702207995941907357e-06 4.712483521601559441e-06 5.002756851907349373e-06 4.895853820425672790e-06 3.908930299497350505e-06 2.389947785100997451e-06 1.138038967704926392e-06 4.620343078594865767e-07 1.824618386794328451e-07 7.952174183318486099e-08 4.126331865593202333e-08 2.544582050742366049e-08 1.722026059892322098e-08 1.122401332653955664e-08 6.146241775342832255e-09 2.569202755309567535e-09
9.812804556605107574e-10 2.630877773013551434e-09 8.197965518311818948e-09 2.711237087830393824e-08 8.342410031772986567e-08 2.106135060454590577e-07 4.047596684116143300e-07 5.937968740832579648e-07 7.206350220207754097e-07 8.244770361125765317e-07 1.018892842924309854e-06 1.495198886209121718e-06 2.660760276793909482e-06 5.410943393642474819e-06 1.117223778755091479e-05 2.045967597404633551e-05 2.994248388846371416e-05 3.377413578154256357e-05 3.071613101651162695e-05 2.517322752168280682e-05 2.136549704223750709e-05 2.115202440262598730e-05 2.587991491467173086e-05 3.824355107567882294e-05 6.205388409233647290e-05 9.671908291755341839e-05 1.277878144357729199e-04 1.331544035693867502e-04 1.101186272370885134e-04 7.853716109152981528e-05 5.507633978761938636e-05 4.341723377539348088e-05 4.210345698397216139e-05 5.100109038528346091e-05 7.234597965372024616e-05 1.064240041620264190e-04 1.417393125161498868e-04 1.542908258841594433e-04 1.328416273512384469e-04 9.494570292094120024e-05 6.306453069240473927e-05 4.469615198755655351e-05 3.793516045202872700e-05 4.063374271217474987e-05 5.337927215916687159e-05 7.784856794334594837e-05 1.100562198411669091e-04 1.332053991681918367e-04 1.287870581354001113e-04 1.004501569027696012e-04 6.885724839225628900e-05 4.731394262115601562e-05 3.716775361373069668e-05 3.635852797460592263e-05 4.471789471159384044e-05 6.449614743245703100e-05 9.629821343209403874e-05 1.298915475426997996e-04 1.431793266142440387e-04 1.252410227441805920e-04 9.153418384627760602e-05 6.267212022982994284e-05 4.610557283226617253e-05 4.074968762766279629e-05 4.535517725687707928e-05 6.143255097413963478e-05 9.127670359702243956e-05 1.296726584130955030e-04 1.557177111867182810e-04 1.479135263280932557e-04 1.126348056044048333e-04 7.509403835386283367e-05 5.000519305776500537e-05 3.783552557792805465e-05 3.526276130669894510e-05 4.064030348521387853e-05 5.374934976085336683e-05 7.179902729895118029e-05 8.451169214599528056e-05 7.946220167552615215e-05 5.815394172733943755e-05 3.499059270435841420e-05 1.943420617700646123e-05 1.141350130138010395e-05 7.894932812722807536e-06 6.705412740569730713e-06 6.720065780319076676e-06 7.133999508678144026e-06 6.981554327622489824e-06 5.574187925091599054e-06 3.408098140563537433e-06 1.622859090856707753e-06 6.588672251791196902e-07 2.601930707456436545e-07 1.133990885347306656e-07 5.884205523712749504e-08 3.628608712587388310e-08 2.455632649929619653e-08 1.600559609975885020e-08 8.764624606689737686e-09 3.663718173127881491e-09
1.893503690048842765e-09 5.076608570498351863e-09 1.581900247811205326e-08 5.231671945354860677e-08 1.609772627992473158e-07 4.064051704797959365e-07 7.810345363542943370e-07 1.145805529632506761e-06 1.390555641359734889e-06 1.590931829156705790e-06 1.966081507801890804e-06 2.885173746264214752e-06 5.134270608756222775e-06 1.044109380086553832e-05 2.155823379014653636e-05 3.947951039948483540e-05 5.777777739787084835e-05 6.517143020800846215e-05 5.927062654543515611e-05 4.857489918176483267e-05 4.122740573893655887e-05 4.081548351171071227e-05 4.993854112389928545e-05 7.379572747490077472e-05 1.197407508046335683e-04 1.866315988931577859e-04 2.465826123221245012e-04 2.569381190163179179e-04 2.124876999371098452e-04 1.515473007486670771e-04 1.062767040968369022e-04 8.377899701475661207e-05 8.124389995039881093e-05 9.841299934588648517e-05 1.396006398010958430e-04 2.053584614145089718e-04 2.735037773616557592e-04 2.977234963430415459e-04 2.563345780818101658e-04 1.832096398109466688e-04 1.216909201527803953e-04 8.624683007923097846e-05 7.320064909492332236e-05 7.840790196336796364e-05 1.030019992984270322e-04 1.502185739208705489e-04 2.123672770409005097e-04 2.570365214189714595e-04 2.485107783439664451e-04 1.938311740177810552e-04 1.328686953513060105e-04 9.129818537312549265e-05 7.171984136895272145e-05 7.015833902278241019e-05 8.628878539176045481e-05 1.244534041749451763e-04 1.858194784446672574e-04 2.506420291563900065e-04 2.762824651391764517e-04 2.416682583899754902e-04 1.766266859578611908e-04 1.209337149576570584e-04 8.896648433800558953e-05 7.863163221709157163e-05 8.751850197700047831e-05 1.185418106389869692e-04 1.761298455293510096e-04 2.502196551325042736e-04 3.004768504632489659e-04 2.854176971474075056e-04 2.173429816212102135e-04 1.449033636647728204e-04 9.649129056865757650e-05 7.300839111130735196e-05 6.804391982983340741e-05 7.842056179765628571e-05 1.037161104379651230e-04 1.385452266457008058e-04 1.630759076139968100e-04 1.533322825539584495e-04 1.122153229654241480e-04 6.751873638215078583e-05 3.750073783397853594e-05 2.202378199410241947e-05 1.523426287290720022e-05 1.293893472995245720e-05 1.296720960761433768e-05 1.376594664304833053e-05 1.347178454984252174e-05 1.075609459487516958e-05 6.576352731759982520e-06 3.131510119497999438e-06 1.271366931780127740e-06 5.020751577594525079e-07 2.188177613750152886e-07 1.135431242707901197e-07 7.001855532119838788e-08 4.738451130076116021e-08 3.088480474822562620e-08 1.691244224719532736e-08 7.069603638897606628e-09
4.938730372086754338e-09 1.324106262167849739e-08 4.125990797131885957e-08 1.364550661776197265e-07 4.198688923503100807e-07 1.060006151226397919e-06 2.037133070621132063e-06 2.988546892958556811e-06 3.626916290763995730e-06 4.149547416183320681e-06 5.128031441189772531e-06 7.525253467583601941e-06 1.339145961385614740e-05 2.723297944606130333e-05 5.622925613902408020e-05 1.029724199164467100e-04 1.506988687511732941e-04 1.699833612430515738e-04 1.545925920455966298e-04 1.266954646937317830e-04 1.075313673563412127e-04 1.064569713436852800e-04 1.302521833374101939e-04 1.924776817314405666e-04 3.123137736056173807e-04 4.867818059657312070e-04 6.431490168748268173e-04 6.701587637782730660e-04 5.542209729452338357e-04 3.952731969568549272e-04 2.771961782418212120e-04 2.185165412004405074e-04 2.119043751224283009e-04 2.566856729310867079e-04 3.641133224993243394e-04 5.356261389312004040e-04 7.133661366678508645e-04 7.765372106749416801e-04 6.685845783358496499e-04 4.778564823235476110e-04 3.174003021616599138e-04 2.249532659730470933e-04 1.909255687440656701e-04 2.045073843125688685e-04 2.686549305365644219e-04 3.918075456485779003e-04 5.539068799661029741e-04 6.704154218123842268e-04 6.481781552623262299e-04 5.055600953986810926e-04 3.465547306190411270e-04 2.381284617443923089e-04 1.870632524835239236e-04 1.829904645065872824e-04 2.250626959030486681e-04 3.246055501970192378e-04 4.846635930750822947e-04 6.537369894875603863e-04 7.206136481427468776e-04 6.303311548598542488e-04 4.606864951177452785e-04 3.154253219624076178e-04 2.320468032922370569e-04 2.050909286727024892e-04 2.282701037789884222e-04 3.091866383158834168e-04 4.593906112347298813e-04 6.526353325797303994e-04 7.837186456465459724e-04 7.444406140009159414e-04 5.668847597888103471e-04 3.779441502595043412e-04 2.516733766497095777e-04 1.904241119220111470e-04 1.774755313472699660e-04 2.045404043211564605e-04 2.705175106796167705e-04 3.613605414865161849e-04 4.253426819929168870e-04 3.999288751589861026e-04 2.926855789378308287e-04 1.761057217938907381e-04 9.781128702820498513e-05 5.744352208771523547e-05 3.973476108981844988e-05 3.374797222159941069e-05 3.382172016189110647e-05 3.590502576987047957e-05 3.513777758774799467e-05 2.805458016264965109e-05 1.715276983329297648e-05 8.167760231437867132e-06 3.316042378500608631e-06 1.309537363844744081e-06 5.707313535929500759e-07 2.961488162525340932e-07 1.826258737132533572e-07 1.235906358975838578e-07 8.055528174972652616e-08 4.411187188667807300e-08 1.843929134837758112e-08
1.114229612036755229e-08 2.987323250382942459e-08 9.308669999761481015e-08 3.078570077582445722e-07 9.472684633158354724e-07 2.391485571500270110e-06 4.595986862887511495e-06 6.742476697888371428e-06 8.182705325215429453e-06 9.361816214535445565e-06 1.156937927918281389e-05 1.697776476937144755e-05 3.021254396572400832e-05 6.144047120751924655e-05 1.268591268051502284e-04 2.323166296796828152e-04 3.399925272536162080e-04 3.835003743492915802e-04 3.487771772929155220e-04 2.858383184277083107e-04 2.426020954867648904e-04 2.401781448715994884e-04 2.938626504642749852e-04 4.342499316291672531e-04 7.046127821942342649e-04 1.098231047139697171e-03 1.451011951582743039e-03 1.511948786651798110e-03 1.250380914004980363e-03 8.917779828253128436e-04 6.253837866632774595e-04 4.929963423423413182e-04 4.780785989371402257e-04 5.791099254615749564e-04 8.214780226894887946e-04 1.208429009105604522e-03 1.609429172712112952e-03 1.751949772096695864e-03 1.508397258419564473e-03 1.078094576529072023e-03 7.160885265913066169e-04 5.075182716760502427e-04 4.307482011813290861e-04 4.613902082388105798e-04 6.061138318369786683e-04 8.839591082933050126e-04 1.249672287147643619e-03 1.512527834221168545e-03 1.462358217712300852e-03 1.140596846795103019e-03 7.818639892341397446e-04 5.372429016250449734e-04 4.220344087198703450e-04 4.128457698885254989e-04 5.077651571289193335e-04 7.323443253861598636e-04 1.093452135659331824e-03 1.474899533466581892e-03 1.625780322279915709e-03 1.422093504240883348e-03 1.039357276167169296e-03 7.116327631553636844e-04 5.235220393241100554e-04 4.627067458041585137e-04 5.150014072661012257e-04 6.975576354699671369e-04 1.036433625577987865e-03 1.472414079399384651e-03 1.768151846110501248e-03 1.679536467936726396e-03 1.278951751525055037e-03 8.526818274901566816e-04 5.678016568981048614e-04 4.296168617515660625e-04 4.004034995648702872e-04 4.614647048575482762e-04 6.103160089023844338e-04 8.152674586602005847e-04 9.596179095304422377e-04 9.022816834246558462e-04 6.603295067733312793e-04 3.973130648736950617e-04 2.206725700480048841e-04 1.295986387343017526e-04 8.964580792608552997e-05 7.613898140305110594e-05 7.630536452727317595e-05 8.100552149970575197e-05 7.927452875482135389e-05 6.329408899736146282e-05 3.869845615530195457e-05 1.842732773046467228e-05 7.481341021929488527e-06 2.954454280620784521e-06 1.287630072468173526e-06 6.681429350814717633e-07 4.120232146413205851e-07 2.788334975034373631e-07 1.817412038503009140e-07 9.952103110609917645e-08 4.160098425590767648e-08
1.579678724631682111e-08 4.235223091586483791e-08 1.319719723330715295e-07 4.364586617793348898e-07 1.342972599049193257e-06 3.390485082026341740e-06 6.515876608878546393e-06 9.559023450749750813e-06 1.160088133768499610e-05 1.327254431066560737e-05 1.640227661075382981e-05 2.406991656679530029e-05 4.283328355671027905e-05 8.710610824680019781e-05 1.798522149067044234e-04 3.293626675495559789e-04 4.820182088452516582e-04 5.437006660956331203e-04 4.944724863303463606e-04 4.052420662913172101e-04 3.439446992357128412e-04 3.405081874297344389e-04 4.166184167855148477e-04 6.156499259730048839e-04 9.989519297563351653e-04 1.556997050837065528e-03 2.057145748362992042e-03 2.143537835653703833e-03 1.772704751517615879e-03 1.264301981697499777e-03 8.866264653617831303e-04 6.989365790556149177e-04 6.777872202321363546e-04 8.210225420256668906e-04 1.164635494494722532e-03 1.713228202957597143e-03 2.281738876323301853e-03 2.483794858535123308e-03 2.138502721232240621e-03 1.528448936634077765e-03 1.015221457219558183e-03 7.195247796933018159e-04 6.106854114527589337e-04 6.541275584804580670e-04 8.593068381189974915e-04 1.253216914835742456e-03 1.771700108705985587e-03 2.144358769791519445e-03 2.073231710372303114e-03 1.617060391143843685e-03 1.108473420564669255e-03 7.616663320454644020e-04 5.983315910072042366e-04 5.853045657752434195e-04 7.198747970443982683e-04 1.038267819684456647e-03 1.550221836185723375e-03 2.091011932206211787e-03 2.304920420608699578e-03 2.016147146708695357e-03 1.473529835068012684e-03 1.008904379818531148e-03 7.422138295933280918e-04 6.559940556186534761e-04 7.301338587892424077e-04 9.889496240743785808e-04 1.469384882731350483e-03 2.087488225002072720e-03 2.506765053670873943e-03 2.381132216359702937e-03 1.813210535682577501e-03 1.208874120033557069e-03 8.049904503731388503e-04 6.090814755958876827e-04 5.676647637954106585e-04 6.542331747039069898e-04 8.652643980650320289e-04 1.155830580535294584e-03 1.360480801340224061e-03 1.279193411782860931e-03 9.361701231307383020e-04 5.632833563379398755e-04 3.128545142301685888e-04 1.837361080141989753e-04 1.270937103120039558e-04 1.079446531829921727e-04 1.081805398248760549e-04 1.148441017079686126e-04 1.123900182928031985e-04 8.973404108450311431e-05 5.486403090012842551e-05 2.612500803530097896e-05 1.060653487969445352e-05 4.188623708772605895e-06 1.825514067029502610e-06 9.472474687078681228e-07 5.841384030653254229e-07 3.953111090950725764e-07 2.576602793624183976e-07 1.410941279906735523e-07 5.897903721358579987e-08
1.749487868822965816e-08 4.690492633061845777e-08 1.461584314716790906e-07 4.833762220882521887e-07 1.487336781563621493e-06 3.754948666421609348e-06 7.216307280860693885e-06 1.058658023566162843e-05 1.284792967802153976e-05 1.469928973395445530e-05 1.816545573738936138e-05 2.665733631818559038e-05 4.743769020614682733e-05 9.646966645935460972e-05 1.991856086012577939e-04 3.647678368621883787e-04 5.338332382258062113e-04 6.021463129010974115e-04 5.476263007235043171e-04 4.488039674514918078e-04 3.809173786265569587e-04 3.771114555474652168e-04 4.614032301184729291e-04 6.818298304186244966e-04 1.106335266402656186e-03 1.724368005822003681e-03 2.278280687739799287e-03 2.373959578846367244e-03 1.963263421496041009e-03 1.400209387528677900e-03 9.819352638869584780e-04 7.740694655614385267e-04 7.506466352617611592e-04 9.092791812075595162e-04 1.289829151617028977e-03 1.897393381871702919e-03 2.527016678584506279e-03 2.750792870661228177e-03 2.368383209765027777e-03 1.692751083534501299e-03 1.124353702990150928e-03 7.968708154149826929e-04 6.763316504454843251e-04 7.244436545103004116e-04 9.516788859939385526e-04 1.387932720319491478e-03 1.962150783600726586e-03 2.374868760120263638e-03 2.296095826321346584e-03 1.790887914958714383e-03 1.227629879387495595e-03 8.435424160790150686e-04 6.626498437172500004e-04 6.482224653808862274e-04 7.972584582312537390e-04 1.149877457234695739e-03 1.716864482696465501e-03 2.315787350881606463e-03 2.552690146154528404e-03 2.232874900401856082e-03 1.631928398226203253e-03 1.117357565036789738e-03 8.219988474231812144e-04 7.265107926248731609e-04 8.086203280774761221e-04 1.095257752869060368e-03 1.627337880093138959e-03 2.311884859247832769e-03 2.776232269893411878e-03 2.637094405101980590e-03 2.008123415435810865e-03 1.338823252447017987e-03 8.915237038306673273e-04 6.745552978997343624e-04 6.286864552473368350e-04 7.245606240553051141e-04 9.582768598039641218e-04 1.280077744626572332e-03 1.506727045568220661e-03 1.416701586782573513e-03 1.036804666691705859e-03 6.238340640137942424e-04 3.464851230934938944e-04 2.034870046822559919e-04 1.407557757963690166e-04 1.195482716221166457e-04 1.198095151344577320e-04 1.271893832657702134e-04 1.244714956997953331e-04 9.938009156539292306e-05 6.076169476605596215e-05 2.893334189920051904e-05 1.174669495317765703e-05 4.638884002992780163e-06 2.021749527188470164e-06 1.049072782609053948e-06 6.469309448442972623e-07 4.378054720804276445e-07 2.853577287541108647e-07 1.562611823738982073e-07 6.531904779820642375e-08
2.446040119711351437e-08 6.557995266008237998e-08 2.043508809548571604e-07 6.758307120688118707e-07 2.079514527685546567e-06 5.249967861568139636e-06 1.008945385658833980e-05 1.480158876688502914e-05 1.796328628949816141e-05 2.055175863820302913e-05 2.539796606671494082e-05 3.727085810705828414e-05 6.632483454071623344e-05 1.348787143368480337e-04 2.784906363686836584e-04 5.099988283688559366e-04 7.463770062116875225e-04 8.418886838485380728e-04 7.656617265257261362e-04 6.274936396161231045e-04 5.325782516244031940e-04 5.272570140726068463e-04 6.451092530258648473e-04 9.532979049131722581e-04 1.546818640870658559e-03 2.410918874347506465e-03 3.185369881944029920e-03 3.319142976588928835e-03 2.744929633477239100e-03 1.957697677661454291e-03 1.372889228459065001e-03 1.082262416303958821e-03 1.049513871057542683e-03 1.271305389930112639e-03 1.803369951088106904e-03 2.652833676437817492e-03 3.533139205564226910e-03 3.846011077047487188e-03 3.311346396379172274e-03 2.366713789102154603e-03 1.572011052646077062e-03 1.114142040918255369e-03 9.456106445215103212e-04 1.012878268538495085e-03 1.330586383425184102e-03 1.940533099921217062e-03 2.743374002838610669e-03 3.320414145090108161e-03 3.210278053349640680e-03 2.503923444089059275e-03 1.716406264170608096e-03 1.179395770143696828e-03 9.264814760581053122e-04 9.063098893544253897e-04 1.114684022316135385e-03 1.607696997087529767e-03 2.400427850699198267e-03 3.237809687007145529e-03 3.569034471148797068e-03 3.121885945030300133e-03 2.281674772196725862e-03 1.562229427736342921e-03 1.149274707749947449e-03 1.015768430197420665e-03 1.130569579440629481e-03 1.531330655493514086e-03 2.275256555915358692e-03 3.232353432480798011e-03 3.881579080834295439e-03 3.687043979725088908e-03 2.807650471330496410e-03 1.871870875498612063e-03 1.246480633621440803e-03 9.431270436511725048e-04 8.789956876286946896e-04 1.013041809083681461e-03 1.339811316581757117e-03 1.789736056765458107e-03 2.106624954989593998e-03 1.980756186243420609e-03 1.449604685020253149e-03 8.722113344215084042e-04 4.844369184108786330e-04 2.845046177013858487e-04 1.967971775138125886e-04 1.671459824563311324e-04 1.675112391257762168e-04 1.778293749923107842e-04 1.740293703476875997e-04 1.389479146449215652e-04 8.495374319995818398e-05 4.045304705678504374e-05 1.642359895231202172e-05 6.485838847023034857e-06 2.826701770065766009e-06 1.466757306802820588e-06 9.045041545995712264e-07 6.121161331963824773e-07 3.989718736785922897e-07 2.184760054936772403e-07 9.132558981574971566e-08
4.931193315185787361e-08 1.322085527386036565e-07 4.119694072049130677e-07 1.362468204300855879e-06 4.192281252919422757e-06 1.058388462858084791e-05 2.034024176895150301e-05 2.983986034947199684e-05 3.621381209397119206e-05 4.143214741055754158e-05 5.120205489609045595e-05 7.513769086111809201e-05 1.337102274334643875e-04 2.719141886263116720e-04 5.614344398264186449e-04 1.028152724454028510e-03 1.504688853621001694e-03 1.697239475538273382e-03 1.543566663977213177e-03 1.265021131935389117e-03 1.073672624197801644e-03 1.062945060560361882e-03 1.300534038853393051e-03 1.921839391842514655e-03 3.118371477310956808e-03 4.860389222904740354e-03 6.421674992841147449e-03 6.691360262820481020e-03 5.533751695313829898e-03 3.946699656904285002e-03 2.767731457596375993e-03 2.181830604309416798e-03 2.115809852605540168e-03 2.562939417822312962e-03 3.635576446988941259e-03 5.348087133212528314e-03 7.122774598707371993e-03 7.753521277281875609e-03 6.675642432233058234e-03 4.771272196940005983e-03 3.169159136736189163e-03 2.246099620390479973e-03 1.906341948955139060e-03 2.041952830889539553e-03 2.682449329571005847e-03 3.912096033550536804e-03 5.530615558933939073e-03 6.693922926271896577e-03 6.471889626419330237e-03 5.047885539459591800e-03 3.460258492007036585e-03 2.377650509827816498e-03 1.867777729631155560e-03 1.827112005177864307e-03 2.247192249666934982e-03 3.241101656917151023e-03 4.839239420304566712e-03 6.527393134621827832e-03 7.195139108296173813e-03 6.293691987653311261e-03 4.599834358159378585e-03 3.149439475158343632e-03 2.316926738240671253e-03 2.047779368948931308e-03 2.279217379781951162e-03 3.087147848008229330e-03 4.586895295971863892e-03 6.516393378064504714e-03 7.825226030239364194e-03 7.433045140634041842e-03 5.660196300147756626e-03 3.773673650634561377e-03 2.512892948275900588e-03 1.901335033528565865e-03 1.772046837654998094e-03 2.042282527053020016e-03 2.701046705937871877e-03 3.608090647389002210e-03 4.246935613171429723e-03 3.993185388050411906e-03 2.922389078915608052e-03 1.758369646952548035e-03 9.766201602526573735e-04 5.735585682519866437e-04 3.967412138432387320e-04 3.369646902791134180e-04 3.377010442056823389e-04 3.585023067034692800e-04 3.508415339507099380e-04 2.801176572430456066e-04 1.712659278119606503e-04 8.155295312525562192e-05 3.310981725618236291e-05 1.307538862837068961e-05 5.698603534850046971e-06 2.956968599173872506e-06 1.823471661309267398e-06 1.234020227146383557e-06 8.043234534776122567e-07 4.404455221879396292e-07 1.841115092004164327e-07
9.792249358729866831e-08 2.625366788575027379e-07 8.180792975800526306e-07 2.705557772145910855e-06 8.324934916685332385e-06 2.101723271483360833e-05 4.039118052927544796e-05 5.925530286388642326e-05 7.191254846211456327e-05 8.227499775002184974e-05 1.016758535257307429e-04 1.492066844926570341e-04 2.655186696511884653e-04 5.399608916174141512e-04 1.114883494108560164e-03 2.041681843156861655e-03 2.987976240270980022e-03 3.370338801111163150e-03 3.065178894719151632e-03 2.512049635090672899e-03 2.132074204718254797e-03 2.110771657558739231e-03 2.582570342304393776e-03 3.816344107702580955e-03 6.192389782193971452e-03 9.651648233825783907e-03 1.275201331835255393e-02 1.328754807499685046e-02 1.098879582005710120e-02 7.837264676970847471e-03 5.496096960409560701e-03 4.332628629689226803e-03 4.201526151604609641e-03 5.089425675798815198e-03 7.219443419913774626e-03 1.062010743715056590e-02 1.414424066113533461e-02 1.539676279198987432e-02 1.325633597142421467e-02 9.474681709786322154e-03 6.293242738801165317e-03 4.460252551786929136e-03 3.785569644915141602e-03 4.054862590208826480e-03 5.326745687788426824e-03 7.768549603977866445e-03 1.098256815314323231e-02 1.329263695266496605e-02 1.285172837351791948e-02 1.002397407225812283e-02 6.871301089545468928e-03 4.721483258108280685e-03 3.708989712268358652e-03 3.628236659457849400e-03 4.462422269672202714e-03 6.436104527435161302e-03 9.609649446167026557e-03 1.296194595329306157e-02 1.428794042655185878e-02 1.249786763385475966e-02 9.134244424212498159e-03 6.254083892027636343e-03 4.600899400332367391e-03 4.066432794402610566e-03 4.526017030572425034e-03 6.130386623024510276e-03 9.108550334504425874e-03 1.294010289174386125e-02 1.553915242798397517e-02 1.476036870986905357e-02 1.123988658479893772e-02 7.493673645217821186e-03 4.990044556868963171e-03 3.775627028343185587e-03 3.518889526441663137e-03 4.055517293206471925e-03 5.363675926609461075e-03 7.164862756308915809e-03 8.433466278147340803e-03 7.929574964138852086e-03 5.803212479187162473e-03 3.491729678241668397e-03 1.939349671915350549e-03 1.138959307245882534e-03 7.878395042583702249e-04 6.691366696452324654e-04 6.705989042007183196e-04 7.119055690048440915e-04 6.966929840825352447e-04 5.562511494043463275e-04 3.400959087578903388e-04 1.619459635630249512e-04 6.574870747737030191e-05 2.596480359368815138e-05 1.131615478102355042e-05 5.871879688811942557e-06 3.621007749002641244e-06 2.450488757096838166e-06 1.597206866190518522e-06 8.746265065128137264e-07 3.656043664624900479e-07
1.275554433579468312e-07 3.419845761948128384e-07 1.065643486823093677e-06 3.524303850054052629e-06 1.084419652035480384e-05 2.737739143364170747e-05 5.261421305176875373e-05 7.718692765288002436e-05 9.367446299666792604e-05 1.071727590956622199e-04 1.324446314646796259e-04 1.943590700686441788e-04 3.458689662245546196e-04 7.033618977932677924e-04 1.452265492572381647e-03 2.659528195813053251e-03 3.892186770458343128e-03 4.390258502342586112e-03 3.992752212123358395e-03 3.272236982563125462e-03 2.777274765908880737e-03 2.749525719208358292e-03 3.364098410362066204e-03 4.971232316817061209e-03 8.066308313613289316e-03 1.257239500853844436e-02 1.661098132758216314e-02 1.730857766949367091e-02 1.431418534647227112e-02 1.020894928184568583e-02 7.159305884079709102e-03 5.643752987893943009e-03 5.472976753498930841e-03 6.629569210623531723e-03 9.404165197281679628e-03 1.383392582264139983e-02 1.842451945817923098e-02 2.005607529243050996e-02 1.726792027236772470e-02 1.234187551698521373e-02 8.197681026079211772e-03 5.809997998308630979e-03 4.931144997743074077e-03 5.281930397212912520e-03 6.938706143702766047e-03 1.011943990274497170e-02 1.430607308558936967e-02 1.731520652486051581e-02 1.674087179099996089e-02 1.305739274149054184e-02 8.950669297872134583e-03 6.150281393296150485e-03 4.831390723691895983e-03 4.726200474992099318e-03 5.812824308349139914e-03 8.383775130922170235e-03 1.251768670011966893e-02 1.688444301492435934e-02 1.861170512529866997e-02 1.627992699801971907e-02 1.189841633507384908e-02 8.146672071153750194e-03 5.993206885928692440e-03 5.297001934625958190e-03 5.895663885086824783e-03 7.985541983348189848e-03 1.186494679315015441e-02 1.685598988533039758e-02 2.024155436351454673e-02 1.922709794185961316e-02 1.464126028754470475e-02 9.761381978527378447e-03 6.500113738013405668e-03 4.918193582613483023e-03 4.583763109267079139e-03 5.282783224056602361e-03 6.986812077421991792e-03 9.333067531261956748e-03 1.098557124869732789e-02 1.032919417323743989e-02 7.559359587010167775e-03 4.548384246334052916e-03 2.526228634146397006e-03 1.483627040940186954e-03 1.026252636948944610e-03 8.716283811498902381e-04 8.735331118219295506e-04 9.273398496786504699e-04 9.075236874946724427e-04 7.245818542946291449e-04 4.430144988818313372e-04 2.109534635563131515e-04 8.564534281402056283e-05 3.382217826328391778e-05 1.474060848862851733e-05 7.648806618503844432e-06 4.716783977879648899e-06 3.192046774998533839e-06 2.080547813763127491e-06 1.139302806983712148e-06 4.762422335185825633e-07
1.191295075250189136e-07 3.193940851972461257e-07 9.952502256311608737e-07 3.291498747311687333e-06 1.012786092828010764e-05 2.556892181901720637e-05 4.913867354201899567e-05 7.208818719600356274e-05 8.748660465353990648e-05 1.000932431816001743e-04 1.236957303064164159e-04 1.815202839703494156e-04 3.230218838947864065e-04 6.568998883163280076e-04 1.356333123630266762e-03 2.483847618537348909e-03 3.635080408594807463e-03 4.100250993004894186e-03 3.729002794219471364e-03 3.056082672567605237e-03 2.593816197995880198e-03 2.567900171359164402e-03 3.141876005773494140e-03 4.642847393293788455e-03 7.533471811541099863e-03 1.174189972884356198e-02 1.551370896425855080e-02 1.616522415228519721e-02 1.336863254170838483e-02 9.534576246043103762e-03 6.686383283526514502e-03 5.270943335236146290e-03 5.111448074470485541e-03 6.191639450057295768e-03 8.782953821047545517e-03 1.292009754349886935e-02 1.720745012252182515e-02 1.873123019742222936e-02 1.612725246272529722e-02 1.152660767402633943e-02 7.656166430651738068e-03 5.426206691293932946e-03 4.605408124113552840e-03 4.933021676194911803e-03 6.480355710422434565e-03 9.450979592145584279e-03 1.336105615281856472e-02 1.617141512504588138e-02 1.563501924731513018e-02 1.219485994407481892e-02 8.359414521280694732e-03 5.744011970289729027e-03 4.512243322766078604e-03 4.414001631199251582e-03 5.428846303641121987e-03 7.829967708587320940e-03 1.169080528968923643e-02 1.576910658024753553e-02 1.738227085735400204e-02 1.520452310588537095e-02 1.111244209584477671e-02 7.608526976625586830e-03 5.597313340934412240e-03 4.947097632362636339e-03 5.506213742619387244e-03 7.458040666497108354e-03 1.108118345300294905e-02 1.574253298035370105e-02 1.890445706891240654e-02 1.795701264211353732e-02 1.367410187824145799e-02 9.116573916820750606e-03 6.070735423600458376e-03 4.593312241213360486e-03 4.280973257142604502e-03 4.933818167816267364e-03 6.525283908248694781e-03 8.716552656846806788e-03 1.025989685964108673e-02 9.646878115071935711e-03 7.060010620463651188e-03 4.247931417397837577e-03 2.359353432192928379e-03 1.385623020744216564e-03 9.584614189525561025e-04 8.140511847842441017e-04 8.158300945740145542e-04 8.660825182546823394e-04 8.475753532143890951e-04 6.767181171677280832e-04 4.137502695995128000e-04 1.970185008384048233e-04 7.998786443487409636e-05 3.158798506639666514e-05 1.376688743060240199e-05 7.143549045252899702e-06 4.405207160072928173e-06 2.981189593260196433e-06 1.943112970414954996e-06 1.064043828666491534e-06 4.447830782295593074e-07
1.280661144127424462e-07 3.433537190526299737e-07 1.069909814226504806e-06 3.538413478911502585e-06 1.088761150233969850e-05 2.748699742922228547e-05 5.282485522405933032e-05 7.749594723466565304e-05 9.404949079294691269e-05 1.076018276206267097e-04 1.329748764928149096e-04 1.951371909289402863e-04 3.472536603242595767e-04 7.061778227964942388e-04 1.458079669775735887e-03 2.670175676102884942e-03 3.907769226770728237e-03 4.407834999912557498e-03 4.008737284418406426e-03 3.285337456109661911e-03 2.788393647211221803e-03 2.760533506584988278e-03 3.377566653178136827e-03 4.991134755976321842e-03 8.098601958371837162e-03 1.262272887161242606e-02 1.667748376081776285e-02 1.737787294520129130e-02 1.437149250590813443e-02 1.024982103738094306e-02 7.187968324436483196e-03 5.666347878519244728e-03 5.494887937671127758e-03 6.656110838424789469e-03 9.441814981832958448e-03 1.388931025239083066e-02 1.849828243166058359e-02 2.013637023598622081e-02 1.733705277528157021e-02 1.239128649014714298e-02 8.230500624414346586e-03 5.833258454531043899e-03 4.950886946428725149e-03 5.303076723048130367e-03 6.966485408091970498e-03 1.015995330548996947e-02 1.436334776740834200e-02 1.738452833933804009e-02 1.680789424359510620e-02 1.310966830377657127e-02 8.986503501502674310e-03 6.174904181659577294e-03 4.850733303922477764e-03 4.745121923722182659e-03 5.836096079766667048e-03 8.417339761145474150e-03 1.256780153726397981e-02 1.695204025810805384e-02 1.868621750076204791e-02 1.634510404788302659e-02 1.194605190953679404e-02 8.179287454003206920e-03 6.017200823007943372e-03 5.318208599696457040e-03 5.919267306592484665e-03 8.017512278306975632e-03 1.191244837155752169e-02 1.692347321577685262e-02 2.032259187665709163e-02 1.930407405615274311e-02 1.469987689878252124e-02 9.800461888408216679e-03 6.526137087950489336e-03 4.937883680020577724e-03 4.602114306835143262e-03 5.303932964203059326e-03 7.014783934986895328e-03 9.370432674725846095e-03 1.102955222755186600e-02 1.037054733187007909e-02 7.589623651265320521e-03 4.566593803837405360e-03 2.536342446676019546e-03 1.489566774800029801e-03 1.030361262208683839e-03 8.751179647621136395e-04 8.770303210657669603e-04 9.310524753943611679e-04 9.111569787642930180e-04 7.274827338657217706e-04 4.447881172824124036e-04 2.117980204400588191e-04 8.598822584905060635e-05 3.395758610629332088e-05 1.479962284259928195e-05 7.679428785939206468e-06 4.735667727454078865e-06 3.204826205265353277e-06 2.088877333214728214e-06 1.143864031113848466e-06 4.781488798938898438e-07
2.048047277188961875e-07 5.490950144330105274e-07 1.711011450540515691e-06 5.658669449201601630e-06 1.741158712803059756e-05 4.395750624680266335e-05 8.447808493733072828e-05 1.239323645094867680e-04 1.504049720121265819e-04 1.720780169598503957e-04 2.126548736053088078e-04 3.120655252116818048e-04 5.553318430735785594e-04 1.129327280539155773e-03 2.331776919524973773e-03 4.270174080111377446e-03 6.249347191855051525e-03 7.049057833342749907e-03 6.410816411481667920e-03 5.253947511788347076e-03 4.459229549587804403e-03 4.414675308668334665e-03 5.401441450211939659e-03 7.981877168628616348e-03 1.295137262962848916e-02 2.018640575982687257e-02 2.667081402706118071e-02 2.779088405388049562e-02 2.298304764756578175e-02 1.639162565643786582e-02 1.149507738474641813e-02 9.061685362613069658e-03 8.787484754113906657e-03 1.064452508910307404e-02 1.509945355485923374e-02 2.221193652581952491e-02 2.958265513134463939e-02 3.220230302402071754e-02 2.772560399268567469e-02 1.981628057772098772e-02 1.316230641573727482e-02 9.328610577220021113e-03 7.917512432386909077e-03 8.480738166506143760e-03 1.114087948794654885e-02 1.624790819889615143e-02 2.297002249287564274e-02 2.780152743281246591e-02 2.687936789425219436e-02 2.096512461357893237e-02 1.437131446682695692e-02 9.874974152329175220e-03 7.757345634341951054e-03 7.588450762617893371e-03 9.333148538463053104e-03 1.346110160212144434e-02 2.009856536733004018e-02 2.710988777368681518e-02 2.988320294473506555e-02 2.613926876296819579e-02 1.910425657768724181e-02 1.308040575474063265e-02 9.622773220200407651e-03 8.504937228772132055e-03 9.466156872027464003e-03 1.282169312835953860e-02 1.905051743304468637e-02 2.706420304784655159e-02 3.250011070396677249e-02 3.087128589061332098e-02 2.350820355221843599e-02 1.567300560166874981e-02 1.043666964897703615e-02 7.896717466845948330e-03 7.359751421089622686e-03 8.482107476705030499e-03 1.121811901922536818e-02 1.498529819035818861e-02 1.763858028474973513e-02 1.658469246403750791e-02 1.213740896656443670e-02 7.302946645070230135e-03 4.056146519126964563e-03 2.382131441489883285e-03 1.647764974571220295e-03 1.399498199167553865e-03 1.402556460237370899e-03 1.488949278968469464e-03 1.457132183643620365e-03 1.163398326815658253e-03 7.113100110075725032e-04 3.387097055808813454e-04 1.375133091434958463e-04 5.430534227091674394e-05 2.366771835407007491e-05 1.228102631795349090e-05 7.573331508774921146e-06 5.125193040841150118e-06 3.340555426616812914e-06 1.829279841228639853e-06 7.646609066326109212e-07
3.663254153316519550e-07 9.821426558804642007e-07 3.060412653738933340e-06 1.012141887197291786e-05 3.114335766219997664e-05 7.862490242366595679e-05 1.511023202236116969e-04 2.216724946129390540e-04 2.690229100370728800e-04 3.077885541723664989e-04 3.803666339318459650e-04 5.581781944544052633e-04 9.932982032526160073e-04 2.019979175757582405e-03 4.170749171758181099e-03 7.637876873537279877e-03 1.117793876687337741e-02 1.260834682508098908e-02 1.146675182115103678e-02 9.397510134767210824e-03 7.976032267448552107e-03 7.896340011359545205e-03 9.661326204121259420e-03 1.427684068376284046e-02 2.316556365913377893e-02 3.610655650572445335e-02 4.770493891677382581e-02 4.970836004061769675e-02 4.110878966933576711e-02 2.931899640909291574e-02 2.056075093645505503e-02 1.620824719739959174e-02 1.571779635228769470e-02 1.903940459629391985e-02 2.700774369992465368e-02 3.972953634307336418e-02 5.291322396852562310e-02 5.759887557918768469e-02 4.959159640045948669e-02 3.544452949799960922e-02 2.354285185782143547e-02 1.668568485810434376e-02 1.416171424601372388e-02 1.516913191295300202e-02 1.992721237950874358e-02 2.906193516880436686e-02 4.108549213487568130e-02 4.972739739513198226e-02 4.807797025676632113e-02 3.749941745529614123e-02 2.570535260371548114e-02 1.766294190584523707e-02 1.387523077724980326e-02 1.357313577817038930e-02 1.669380171436849261e-02 2.407729396748559472e-02 3.594944017045868107e-02 4.849029125890644276e-02 5.345080092679965061e-02 4.675418674515555845e-02 3.417096276717457998e-02 2.339635966504007361e-02 1.721184093645792071e-02 1.521241573571412153e-02 1.693170800480545135e-02 2.293361150797272943e-02 3.407484186850190389e-02 4.840857695302032415e-02 5.813155137852243221e-02 5.521814243088728896e-02 4.204811346829517155e-02 2.803363159861708975e-02 1.866762250277885157e-02 1.412451918477932410e-02 1.316407109394879087e-02 1.517158113926194568e-02 2.006536740986805678e-02 2.680355890507664721e-02 3.154937056697389858e-02 2.966432671112466044e-02 2.170966183373220296e-02 1.306246683217273871e-02 7.255054972679362765e-03 4.260816141295823735e-03 2.947286400083718675e-03 2.503222287766812808e-03 2.508692467918758294e-03 2.663219590196815555e-03 2.606309719075482981e-03 2.080920592086378616e-03 1.272289649336399119e-03 6.058354948918981756e-04 2.459641466615091008e-04 9.713363203912824863e-05 4.233343073948646042e-05 2.196654401844740608e-05 1.354609261854598294e-05 9.167212545591077547e-06 5.975107936831583666e-06 3.271954241777361204e-06 1.367716103675784822e-06
4.621796269665182668e-07 1.239134134091614309e-06 3.861212789148388416e-06 1.276983087396535729e-05 3.929245644550493727e-05 9.919821708125156927e-05 1.906403734818616798e-04 2.796762293333929033e-04 3.394165487912246398e-04 3.883257704714790631e-04 4.798949284530867887e-04 7.042333916695920140e-04 1.253208687773347402e-03 2.548535217209939915e-03 5.262084517474525241e-03 9.636435083358086545e-03 1.410280410069526119e-02 1.590749860204119029e-02 1.446718916409103425e-02 1.185650120554302030e-02 1.006307360548500118e-02 9.962528746597750645e-03 1.218934847034838093e-02 1.801257741155636374e-02 2.922716012143007983e-02 4.555434626820262234e-02 6.018760902257823397e-02 6.271525354005376418e-02 5.186548429138437138e-02 3.699072533943404545e-02 2.594076141115945686e-02 2.044936368035829219e-02 1.983057945422423557e-02 2.402133334377852189e-02 3.407470076062715791e-02 5.012532987909178867e-02 6.675871531662175284e-02 7.267043375840721853e-02 6.256793704659471822e-02 4.471909055656982795e-02 2.970317109863858385e-02 2.105172963884499593e-02 1.786732651760814319e-02 1.913834922588499021e-02 2.514144855525712180e-02 3.666640039999037592e-02 5.183609062844056481e-02 6.273927228688264135e-02 6.065824927397451410e-02 4.731166893036751336e-02 3.243152066495863517e-02 2.228469977651990203e-02 1.750588060863263185e-02 1.712473819224699656e-02 2.106197038503212007e-02 3.037745752415495215e-02 4.535611822782019409e-02 6.117845988176719152e-02 6.743695686810118051e-02 5.898807913569249078e-02 4.311227712803175627e-02 2.951834715746622442e-02 2.171556187609082963e-02 1.919295887135364850e-02 2.136212821183098437e-02 2.893451441842681895e-02 4.299100484051659316e-02 6.107536387523410104e-02 7.334249169358417197e-02 6.966674820360586884e-02 5.305059541071739659e-02 3.536902669730251914e-02 2.355226922182002136e-02 1.782039884399655785e-02 1.660863596388386862e-02 1.914143932680195323e-02 2.531575379787100871e-02 3.381708813435155975e-02 3.980470835328506207e-02 3.742641618558724403e-02 2.739030104913565619e-02 1.648044551397104956e-02 9.153442432758236713e-03 5.375718779910901302e-03 3.718485455673177249e-03 3.158225705215965233e-03 3.165127235156984381e-03 3.360088558454799989e-03 3.288287416888475978e-03 2.625422814648830250e-03 1.605202180665760365e-03 7.643608969328844708e-04 3.103241347538895846e-04 1.225500168507371928e-04 5.341056997007710878e-05 2.771440008058979117e-05 1.709061880848578688e-05 1.156594300400424641e-05 7.538579202399357255e-06 4.128107217314092252e-06 1.725598312693305214e-06
3.925386779808709936e-07 1.052422145973410735e-06 3.279407561954138254e-06 1.084568041695356797e-05 3.337189267508937509e-05 8.425108922846323122e-05 1.619147963477213356e-04 2.375347828413869496e-04 2.882734667943063567e-04 3.298130762865071489e-04 4.075846484647115673e-04 5.981199265972690030e-04 1.064375954348004052e-03 2.164523459238833387e-03 4.469196778469635908e-03 8.184422824729795098e-03 1.197780203736926487e-02 1.351056625367038147e-02 1.228728177796310772e-02 1.006997071517310230e-02 8.546775710231484247e-03 8.461380890376658803e-03 1.035266475375240178e-02 1.529845305075003270e-02 2.482322916417201153e-02 3.869024469505345093e-02 5.111857619432448596e-02 5.326535675193511121e-02 4.405042422619066811e-02 3.141698503155108957e-02 2.203202304045178209e-02 1.736806582610229271e-02 1.684251963602829624e-02 2.040181324303102714e-02 2.894034528730829448e-02 4.257247523703412001e-02 5.669955213319357451e-02 6.172049638589583581e-02 5.314023781935311996e-02 3.798084481308056787e-02 2.522751509283615787e-02 1.787966764325072191e-02 1.517508847438349233e-02 1.625459424331000130e-02 2.135315016626569001e-02 3.114152917945947271e-02 4.402545958274953208e-02 5.328575636839773949e-02 5.151830065492056521e-02 4.018277503248867538e-02 2.754475858291007342e-02 1.892685458009046515e-02 1.486810501818471367e-02 1.454439291249882103e-02 1.788836531994455331e-02 2.580020044417860245e-02 3.852188553690279182e-02 5.196012624034247046e-02 5.727559665449118154e-02 5.009979075134177173e-02 3.661614506822154919e-02 2.507054031226611107e-02 1.844347403714103814e-02 1.630097534015315791e-02 1.814329554542975023e-02 2.457467914017449906e-02 3.651314601625257894e-02 5.187256467823895406e-02 6.229128903448660076e-02 5.916940436894419647e-02 4.505696351286743451e-02 3.003964296815502324e-02 2.000342742163438436e-02 1.513523183448546063e-02 1.410605665835814107e-02 1.625721872967417561e-02 2.150119119946715396e-02 2.872154957704923725e-02 3.380695877264314197e-02 3.178702624232414981e-02 2.326314691518127295e-02 1.399718186855223104e-02 7.774207217033445028e-03 4.565708698397549781e-03 3.158186297482102212e-03 2.682346150191708412e-03 2.688207761740606973e-03 2.853792429777627943e-03 2.792810241157696848e-03 2.229825679611207537e-03 1.363331278849720185e-03 6.491874554307079746e-04 2.635646802550955115e-04 1.040842538146037762e-04 4.536269732152809300e-05 2.353841089896372291e-05 1.451541461701863806e-05 9.823193649171429694e-06 6.402670609663859661e-06 3.506086497761526476e-06 1.465586193914435161e-06
3.447366921387700625e-07 9.242618617932463751e-07 2.880052790971163740e-06 9.524931428838744873e-06 2.930798042729691031e-05 7.399128656342026777e-05 1.421973793470515137e-04 2.086086286473693417e-04 2.531685333155567685e-04 2.896495946029119966e-04 3.579504170162700399e-04 5.252829760828679230e-04 9.347599772368388269e-04 1.900935370835297447e-03 3.924953642407568236e-03 7.187752468560286434e-03 1.051918724212172127e-02 1.186529679869915282e-02 1.079097962346122971e-02 8.843684938614463156e-03 7.505979288341036240e-03 7.430983550662488210e-03 9.091953486948266272e-03 1.343546100140697794e-02 2.180034322802790192e-02 3.397868215896499011e-02 4.489353496251871634e-02 4.677888810016436055e-02 3.868611779394269534e-02 2.759113459203621846e-02 1.934904041344085585e-02 1.525304357913667176e-02 1.479149656403953676e-02 1.791735185743456929e-02 2.541609136459845389e-02 3.738814825806808378e-02 4.979487919175044908e-02 5.420439043276525926e-02 4.666900571312387891e-02 3.335567051085707585e-02 2.215539663179138738e-02 1.570234431822085247e-02 1.332711933122441260e-02 1.427516666719312426e-02 1.875283830099307159e-02 2.734922278918209063e-02 3.866419325737322638e-02 4.679680352275761984e-02 4.524458237782477688e-02 3.528945737757734763e-02 2.419045432281237418e-02 1.662200849631912877e-02 1.305751924550636010e-02 1.277322766666513267e-02 1.570998282229934748e-02 2.265834236614205216e-02 3.383082518963227703e-02 4.563260399038049364e-02 5.030077502810029189e-02 4.399881364379529258e-02 3.215715912281941202e-02 2.201753769039666714e-02 1.619749234347075267e-02 1.431589963645292160e-02 1.593386853749055240e-02 2.158206075572567662e-02 3.206670293477737604e-02 4.555570536873806281e-02 5.470567395107856640e-02 5.196396146971569291e-02 3.957008425039867938e-02 2.638152042274948678e-02 1.756748006653309838e-02 1.329211629338648663e-02 1.238827046684412049e-02 1.427747155279675793e-02 1.888285141549478352e-02 2.522393982988387073e-02 2.969006569875062146e-02 2.791611347975528692e-02 2.043024233313547877e-02 1.229265406774669549e-02 6.827491481316052754e-03 4.009712678635669707e-03 2.773593427664792013e-03 2.355699427492636069e-03 2.360847232509876922e-03 2.506267579420916151e-03 2.452711588219349745e-03 1.958285315447851581e-03 1.197309569027679493e-03 5.701316800533819682e-04 2.314686962903105385e-04 9.140923780643912377e-05 3.983858686628050728e-05 2.067198563273135874e-05 1.274777824654927145e-05 8.626959519690856120e-06 5.622975799947049092e-06 3.079127559627682758e-06 1.287112238552282483e-06
4.486228328480575453e-07 1.202787472835050423e-06 3.747954515144363015e-06 1.239526229070226902e-05 3.813991810032408636e-05 9.628850465036088463e-05 1.850484517631934716e-04 2.714726806703210839e-04 3.294606788136542194e-04 3.769352802507670462e-04 4.658185036953957272e-04 6.835766025227576819e-04 1.216449187405235517e-03 2.473780803065535154e-03 5.107735445652484066e-03 9.353776223385318334e-03 1.368913633922130314e-02 1.544089498971191500e-02 1.404283314853561199e-02 1.150872268734263147e-02 9.767900453946758155e-03 9.670304807599566441e-03 1.183180677441668383e-02 1.748422698400930314e-02 2.836986012524870052e-02 4.421813225632058308e-02 5.842216767381753356e-02 6.087567054954007989e-02 5.034415004952805250e-02 3.590570207475527603e-02 2.517985906668491689e-02 1.984953669298607573e-02 1.924890283495134247e-02 2.331673225019525661e-02 3.307521122039815825e-02 4.865503837846708868e-02 6.480052826908683228e-02 7.053884237817246994e-02 6.073267518850566232e-02 4.340737652058068025e-02 2.883190860294484320e-02 2.043423386901958155e-02 1.734323663368933163e-02 1.857697731530245228e-02 2.440399189984253717e-02 3.559089033358990573e-02 5.031561857049211828e-02 6.089898477114383951e-02 5.887900296147294266e-02 4.592390859289979810e-02 3.148022938565849665e-02 2.163103814966531313e-02 1.699239276661925618e-02 1.662243013611615708e-02 2.044417423050868057e-02 2.948641665288115679e-02 4.402571870142208549e-02 5.938395459267599430e-02 6.545887543202225101e-02 5.725782276430126105e-02 4.184769463477296114e-02 2.865250597412041453e-02 2.107859437613181577e-02 1.862998513395462685e-02 2.073552773616586797e-02 2.808579839547530044e-02 4.172997954307125501e-02 5.928388262972564271e-02 7.119118730452927979e-02 6.762326184636897886e-02 5.149449912718963990e-02 3.433157159299001643e-02 2.286142686046709060e-02 1.729768545694712611e-02 1.612146637610119282e-02 1.857997677643459522e-02 2.457318436779044185e-02 3.282515496643532982e-02 3.863714447853654893e-02 3.632861310380712527e-02 2.658688036483820502e-02 1.599703604765635029e-02 8.884950860876221837e-03 5.218036553162135570e-03 3.609413703450089963e-03 3.065587663279198752e-03 3.072286755434012247e-03 3.261529413592131887e-03 3.191834365061699350e-03 2.548413109989819576e-03 1.558117899550603633e-03 7.419404294191319412e-04 3.012216123591660954e-04 1.189553422897581577e-04 5.184391480272070160e-05 2.690147282441624253e-05 1.658931155255060033e-05 1.122668722780255181e-05 7.317455292495728422e-06 4.007020314346573401e-06 1.674982535425304684e-06
7.323965161627886497e-07 1.963603477772586739e-06 6.118700673797449091e-06 2.023581114006519236e-05 6.226509463657220716e-05 1.571952209938750028e-04 3.020997405153974915e-04 4.431910972833964053e-04 5.378590560001010558e-04 6.153634319544448250e-04 7.604692055123696542e-04 1.115968884240062632e-03 1.985906827988830232e-03 4.038556019125336301e-03 8.338602879680115723e-03 1.527045129531772426e-02 2.234811746088442852e-02 2.520794054352248903e-02 2.292554306643184228e-02 1.878849622562156485e-02 1.594652732514504484e-02 1.578719813781062631e-02 1.931594521500640954e-02 2.854376994053896971e-02 4.631504506324352760e-02 7.218804671656788019e-02 9.537675958074560978e-02 9.938221099115832069e-02 8.218904033789783958e-02 5.861763865869990681e-02 4.110722795991963302e-02 3.240524212532037290e-02 3.142468092133225005e-02 3.806559144555915486e-02 5.399673778390225165e-02 7.943149120594372725e-02 1.057897139307249768e-01 1.151577642269200064e-01 9.914876477179364322e-02 7.086445230086409197e-02 4.706935953541304535e-02 3.335978599465166949e-02 2.831359698939564518e-02 3.032773294258682764e-02 3.984059066820403588e-02 5.810369463803354700e-02 8.214246144285090867e-02 9.942027248386306471e-02 9.612256329076850070e-02 7.497280164830506799e-02 5.139285975190314992e-02 3.531362164788628966e-02 2.774082893760495758e-02 2.713684866319333172e-02 3.337601407220582017e-02 4.813787272840115011e-02 7.187392312108452364e-02 9.694691904898083967e-02 1.068644946446233868e-01 9.347591527924659083e-02 6.831820298886202847e-02 4.677647684928823435e-02 3.441173287743934384e-02 3.041427053913264497e-02 3.385166149113112005e-02 4.585130178932130679e-02 6.812602792163509335e-02 9.678354716582206196e-02 1.162227460254768863e-01 1.103979507093406504e-01 8.406703582801093588e-02 5.604780137799020984e-02 3.732228536122528945e-02 2.823923268889557206e-02 2.631900328018082699e-02 3.033262969487560828e-02 4.011680481740228371e-02 5.358850994564346576e-02 6.307683857932955274e-02 5.930805952372372042e-02 4.340425214478389748e-02 2.611586529346836966e-02 1.450507326047589633e-02 8.518674291462958320e-03 5.892526702251908895e-03 5.004706760740679043e-03 5.015643323475323101e-03 5.324590290495469398e-03 5.210810056855926832e-03 4.160396544355692700e-03 2.543696035614484256e-03 1.211250399934360672e-03 4.917575373599178488e-04 1.941998308888532329e-04 8.463747229426696480e-05 4.391783817860945893e-05 2.708278111814728847e-05 1.832806092702072705e-05 1.194606776783462172e-05 6.541636991122362600e-06 2.734482696279731517e-06
9.294697341003798219e-07 2.491969803360187493e-06 7.765120345070396902e-06 2.568086218952109383e-05 7.901938318713472938e-05 1.994933031966426471e-04 3.833887235834825967e-04 5.624449355737999069e-04 6.825861438870897430e-04 7.809453934467752798e-04 9.650962212960668973e-04 1.416253735795162342e-03 2.520274537937094907e-03 5.125250470759461392e-03 1.058235372548149353e-02 1.937942356609605524e-02 2.836154778949741273e-02 3.199089192417501476e-02 2.909434704810505770e-02 2.384410385028778306e-02 2.023741810021474977e-02 2.003521662312137894e-02 2.451347878735543606e-02 3.622432612849611766e-02 5.877749507237122611e-02 9.161240271650995803e-02 1.210407332783757228e-01 1.261239713539659135e-01 1.043044632012584544e-01 7.439046993716738609e-02 5.216835880335873171e-02 4.112484305562338210e-02 3.988043249190981882e-02 4.830827888784441221e-02 6.852617728609781966e-02 1.008049128867994915e-01 1.342556048640339561e-01 1.461444096653774227e-01 1.258277094375706007e-01 8.993265558162939766e-02 5.973478044498437695e-02 4.233623554157196073e-02 3.593221825117145357e-02 3.848831780590844520e-02 5.056089481254033569e-02 7.373823388512552868e-02 1.042453508594619466e-01 1.261722744312239741e-01 1.219872178133894758e-01 9.514647936599690548e-02 6.522164788348376596e-02 4.481580919465604634e-02 3.520532980065244066e-02 3.443883054421077727e-02 4.235683026942270446e-02 6.109080911449905199e-02 9.121375475966513047e-02 1.230333911777906769e-01 1.356195875186719801e-01 1.186284098873017917e-01 8.670126163210685466e-02 5.936308890032591240e-02 4.367124023896604146e-02 3.859814093460455647e-02 4.296046487204248365e-02 5.818896778149657695e-02 8.645737610740229784e-02 1.228260591964827481e-01 1.474959567130239291e-01 1.401038257645543239e-01 1.066877896239214751e-01 7.112914096949710108e-02 4.736496403951512280e-02 3.583784400841221601e-02 3.340091936644257187e-02 3.849453217605816602e-02 5.091143265118972666e-02 6.800810352153827121e-02 8.004955114940906502e-02 7.526666921401978239e-02 5.508346614099849520e-02 3.314312102042566571e-02 1.840809764792008738e-02 1.081087874374042114e-02 7.478087492573670669e-03 6.351373005605735061e-03 6.365252378094017963e-03 6.757330779547672701e-03 6.612934566331227573e-03 5.279875838424837216e-03 3.228153637652320367e-03 1.537173596966888867e-03 6.240796309170162622e-04 2.464551116713414153e-04 1.074117191059868260e-04 5.573524787911842977e-05 3.437021450684805946e-05 2.325977464456851791e-05 1.516051508530991531e-05 8.301860345507532527e-06 3.470277163426995981e-06
7.670536817527710330e-07 2.056521629867000188e-06 6.408238946806112299e-06 2.119337421150530764e-05 6.521149272513998194e-05 1.646337337171225072e-04 3.163951672421490800e-04 4.641629983063985990e-04 5.633106658268805271e-04 6.444825660418139392e-04 7.964547769888839735e-04 1.168776779363612768e-03 2.079880379562349096e-03 4.229661385699939880e-03 8.733187417444296038e-03 1.599305243759020084e-02 2.340563533593413223e-02 2.640078588114986441e-02 2.401038484920875113e-02 1.967757203429651436e-02 1.670112053510225056e-02 1.653425185528403438e-02 2.022998002684696026e-02 2.989446746511838574e-02 4.850668326828874721e-02 7.560400109846653061e-02 9.989000899862143790e-02 1.040849992581818623e-01 8.607824395617291735e-02 6.139143832139089263e-02 4.305243110454449323e-02 3.393866537015612778e-02 3.291170379250733108e-02 3.986686367569110961e-02 5.655187539228444943e-02 8.319020698767182198e-02 1.107957066580295968e-01 1.206070551720691830e-01 1.038405063119386129e-01 7.421777390143909081e-02 4.929669206858788844e-02 3.493837846710151629e-02 2.965340267887470876e-02 3.176284799210519344e-02 4.172585625524542763e-02 6.085317435567409727e-02 8.602946093748120582e-02 1.041248618291634315e-01 1.006711043056214561e-01 7.852053125123070743e-02 5.382478127427237080e-02 3.698467005680691061e-02 2.905353111583363485e-02 2.842097036087434803e-02 3.495537446088489708e-02 5.041576754286386519e-02 7.527501310477245633e-02 1.015344687611541008e-01 1.119213462336954845e-01 9.789921632316921085e-02 7.155103550723634909e-02 4.898995010879442918e-02 3.604010370970396615e-02 3.185348056691355428e-02 3.545352962117209739e-02 4.802099555978653345e-02 7.134976667320390431e-02 1.013633660842484518e-01 1.217224321455461777e-01 1.156220062231138601e-01 8.804510660941659850e-02 5.869999577056946027e-02 3.908838418258166192e-02 2.957551944318101769e-02 2.756442435294002499e-02 3.176797645979837631e-02 4.201514091924787170e-02 5.612433012217454137e-02 6.606164857131292811e-02 6.211453005488262735e-02 4.545815098331528609e-02 2.735167383164044744e-02 1.519145654437921607e-02 8.921779848372446420e-03 6.171362372761778591e-03 5.241530594700245099e-03 5.252984678009216951e-03 5.576551084033027836e-03 5.457386744501269496e-03 4.357267431608363370e-03 2.664064296210202909e-03 1.268567037513955225e-03 5.150276130993513852e-04 2.033894099599337850e-04 8.864253625577842618e-05 4.599604002217467288e-05 2.836434432760461807e-05 1.919534883524158148e-05 1.251135834424006000e-05 6.851188704473903331e-06 2.863879023974501713e-06
5.847143967081896469e-07 1.567657952409902516e-06 4.884911785028563111e-06 1.615541560008484071e-05 4.970981762331256844e-05 1.254980147781242100e-04 2.411836534212832383e-04 3.538250242262260003e-04 4.294039178269844670e-04 4.912801330031856938e-04 6.071264443555723445e-04 8.909423495243738896e-04 1.585464003747486450e-03 3.224212286900390335e-03 6.657187800027198309e-03 1.219128234441097490e-02 1.784179161196388849e-02 2.012495338506713194e-02 1.830278378920749405e-02 1.499994059662704965e-02 1.273103284729496659e-02 1.260383116406147558e-02 1.542103355763446183e-02 2.278813846357781100e-02 3.697597276206572581e-02 5.763188280382105372e-02 7.614477022695491371e-02 7.934255319464841860e-02 6.561625304962194483e-02 4.679784306505666708e-02 3.281827188755773173e-02 2.587097450812838803e-02 2.508813592250909788e-02 3.038995796162886204e-02 4.310871127970679340e-02 6.341474247235788508e-02 8.445803249176996041e-02 9.193708756151601491e-02 7.915617960833649935e-02 5.657518101293958213e-02 3.757818552767754061e-02 2.663304195434149785e-02 2.260437811614818965e-02 2.421237905931037174e-02 3.180704225507138133e-02 4.638753189978766373e-02 6.557906643019427440e-02 7.937293988034878345e-02 7.674018836009063871e-02 5.985511334077373707e-02 4.102988520806057082e-02 2.819290168883824624e-02 2.214710433280037138e-02 2.166491203124968831e-02 2.664599776498150288e-02 3.843124126077433755e-02 5.738109981322578323e-02 7.739831912559652638e-02 8.531609194843321753e-02 7.462721654604667632e-02 5.454236327353213093e-02 3.734436038058238511e-02 2.747287184616137995e-02 2.428146701568401761e-02 2.702573454344113849e-02 3.660573974940808245e-02 5.438893882923701711e-02 7.726788992503075271e-02 9.278732397868375004e-02 8.813705379844403998e-02 6.711556520606880294e-02 4.474619368924995927e-02 2.979653382718882096e-02 2.254500880438338808e-02 2.101197887390183691e-02 2.421628841919559738e-02 3.202755994739587414e-02 4.278279944247199984e-02 5.035787964886347112e-02 4.734904587754713151e-02 3.465211882816565669e-02 2.084980209844228619e-02 1.158023689837178218e-02 6.800949197823898465e-03 4.704344053745218406e-03 3.995546168951819542e-03 4.004277458001298876e-03 4.250927647412981562e-03 4.160090322000208583e-03 3.321484608153269479e-03 2.030779311548160885e-03 9.670110810613907152e-04 3.925984155285074063e-04 1.550409299513508493e-04 6.757097755015634697e-05 3.506214419188452433e-05 2.162174679044717466e-05 1.463234853153223446e-05 9.537235163953208214e-06 5.222566249752496921e-06 2.183095310776716124e-06
6.357839051648952623e-07 1.704578680732199113e-06 5.311564600694180361e-06 1.756644487908831496e-05 5.405152011223204558e-05 1.364591300903055958e-04 2.622488618330481511e-04 3.847284365051831614e-04 4.669084621588245930e-04 5.341890044937200842e-04 6.601534422520849085e-04 9.687580970237100403e-04 1.723939929435341911e-03 3.505818037637948702e-03 7.238632879138236220e-03 1.325608047541490184e-02 1.940011056689237151e-02 2.188268584877177403e-02 1.990136623692281836e-02 1.631004959593019069e-02 1.384297329774019682e-02 1.370466169918022580e-02 1.676792121443996045e-02 2.477847603099542564e-02 4.020548919658168546e-02 6.266550595863863704e-02 8.279532647960005654e-02 8.627240683629361362e-02 7.134723865367112450e-02 5.088521094178635740e-02 3.568465079516053295e-02 2.813056989155695090e-02 2.727935744342702834e-02 3.304424563413651400e-02 4.687386689696335096e-02 6.895344606030470724e-02 9.183467693366770268e-02 9.996695974721975242e-02 8.606975520467298468e-02 6.151651083386723562e-02 4.086029979474097018e-02 2.895919702931872702e-02 2.457866588101280392e-02 2.632711114746773967e-02 3.458509941010802502e-02 5.043906281125268287e-02 7.130680411972990795e-02 8.630544752386408447e-02 8.344274899565612413e-02 6.508291555351654323e-02 4.461347418997577141e-02 3.065529638840934837e-02 2.408145337291803245e-02 2.355714593967154005e-02 2.897328441271419808e-02 4.178786222242351911e-02 6.239281934444335792e-02 8.415836152470990150e-02 9.276768011486573318e-02 8.114522822483327680e-02 5.930614487037284832e-02 4.060605213813656827e-02 2.987237845823766461e-02 2.640223331129743986e-02 2.938618776057599566e-02 3.980291968241610884e-02 5.913932018999751294e-02 8.401654051440113347e-02 1.008914566172533361e-01 9.583502744104446802e-02 7.297750215197641721e-02 4.865436856895782175e-02 3.239899127450822369e-02 2.451411119740439307e-02 2.284718498278846474e-02 2.633136195454298389e-02 3.482487732625532545e-02 4.651948961160293217e-02 5.475618448805970317e-02 5.148455632927124298e-02 3.767866766209305301e-02 2.267084353436645688e-02 1.259166574216538659e-02 7.394950533394261012e-03 5.115225912971763447e-03 4.344520950508755190e-03 4.354014838602249075e-03 4.622207688849582982e-03 4.523436545517378268e-03 3.611586215433433208e-03 2.208149497417841254e-03 1.051470743522272058e-03 4.268883324773593336e-04 1.685823514177310623e-04 7.347269064094532980e-05 3.812450502889888474e-05 2.351021060590978713e-05 1.591035169218550091e-05 1.037022630390313158e-05 5.678710125735325960e-06 2.373768920086093653e-06
9.527278715938903631e-07 2.554326407550559577e-06 7.959427087951143545e-06 2.632347485547722047e-05 8.099668660153541450e-05 2.044852276289884036e-04 3.929822663524640638e-04 5.765190050826527780e-04 6.996665089632656768e-04 8.004870037535261442e-04 9.892458410048746067e-04 1.451692677919192223e-03 2.583339411998293155e-03 5.253499703374852302e-03 1.084715614875828189e-02 1.986435522261899983e-02 2.907123929833966072e-02 3.279140057509161155e-02 2.982237540567570649e-02 2.444075528003691183e-02 2.074381936904574897e-02 2.053655820083702399e-02 2.512687999792029975e-02 3.713076807791770850e-02 6.024828536468827822e-02 9.390482147993935158e-02 1.240695376747109613e-01 1.292799737060137955e-01 1.069144756172836636e-01 7.625194397395257395e-02 5.347376856264871720e-02 4.215391072624796731e-02 4.087836125512581131e-02 4.951709779956057350e-02 7.024090902479973586e-02 1.033273559937950697e-01 1.376150852243324951e-01 1.498013837971872986e-01 1.289762984224771536e-01 9.218304200297806894e-02 6.122952490600634678e-02 4.339561590766485843e-02 3.683135078004443064e-02 3.945141165886768830e-02 5.182608097213397408e-02 7.558338700771623231e-02 1.068538841063194217e-01 1.293294854720230813e-01 1.250397061088805717e-01 9.752733139154423636e-02 6.685369032486096486e-02 4.593723597585307183e-02 3.608627338705170523e-02 3.530059400624348254e-02 4.341672597775260434e-02 6.261948550475296416e-02 9.349619814826343189e-02 1.261120578877675813e-01 1.390131988409119834e-01 1.215968506730212562e-01 8.887078882585901229e-02 6.084853251729274021e-02 4.476402645106695305e-02 3.956398289364351784e-02 4.403546533964370485e-02 5.964503134506962678e-02 8.862080054938306639e-02 1.258995378346471350e-01 1.511867506303629094e-01 1.436096462592396650e-01 1.093574400589123197e-01 7.290900671420053047e-02 4.855017836720108143e-02 3.673461500894983911e-02 3.423671115883081956e-02 3.945778153131091620e-02 5.218539032528125149e-02 6.970987149132350236e-02 8.205263247483679523e-02 7.715006840071045313e-02 5.646182068243652680e-02 3.397246192027025130e-02 1.886872379891969126e-02 1.108139955256584770e-02 7.665211807341296146e-03 6.510303523961910588e-03 6.524530200231926265e-03 6.926419586416645777e-03 6.778410144218855946e-03 5.411994264333138543e-03 3.308931782867947750e-03 1.575638318902404782e-03 6.396959864907839381e-04 2.526221622625890884e-04 1.100994844411316636e-04 5.712991196644555836e-05 3.523026098857176417e-05 2.384180439433233317e-05 1.553987692076315487e-05 8.509597942853409588e-06 3.557113969883840723e-06
1.244625970756198286e-06 3.336924508471779716e-06 1.039804750272606474e-05 3.438849793578848448e-05 1.058125648416454573e-04 2.671356979587960066e-04 5.133847233109985284e-04 7.531537050133210558e-04 9.140313135451145045e-04 1.045741332682599122e-03 1.292332366762176605e-03 1.896464313017401761e-03 3.374826557841763709e-03 6.863074297638977091e-03 1.417052303613839694e-02 2.595042418674703422e-02 3.797812629565327364e-02 4.283807579277543881e-02 3.895939653518047663e-02 3.192894810092975627e-02 2.709933978964675777e-02 2.682857765454694718e-02 3.282528867048480070e-02 4.850694478643394203e-02 7.870723938512561024e-02 1.226755121560846457e-01 1.620821363306172158e-01 1.688889530480435497e-01 1.396710823421498937e-01 9.961412132496336169e-02 6.985713664063829265e-02 5.506908491199314498e-02 5.340273080807996647e-02 6.468821554963193055e-02 9.176141707236031009e-02 1.349849359862823894e-01 1.797777877028889082e-01 1.956977414938803062e-01 1.684922373059774825e-01 1.204262114724005267e-01 7.998911247089375565e-02 5.669122546533760659e-02 4.811579159764007435e-02 5.153859039672441245e-02 6.770462821930230135e-02 9.874073093940063939e-02 1.395919267192254620e-01 1.689536342982416173e-01 1.633495463279286408e-01 1.274078917260895172e-01 8.733641756487044161e-02 6.001155064840373726e-02 4.714243634983920211e-02 4.611603942035125830e-02 5.671880326825391033e-02 8.180493114389389420e-02 1.221416942359581509e-01 1.647504467461735345e-01 1.816042573267402094e-01 1.588518640234729273e-01 1.160991455295671132e-01 7.949139110071898329e-02 5.847889154686569668e-02 5.168565136401580273e-02 5.752711286210512170e-02 7.791915955439247810e-02 1.157725654949491867e-01 1.644728145016400578e-01 1.975075589569823542e-01 1.876089707403354734e-01 1.428625256496686702e-01 9.524697026730069571e-02 6.342504998785393477e-02 4.798941778556294058e-02 4.472620265666278627e-02 5.154691187960491056e-02 6.817402327511663807e-02 9.106767951590037657e-02 1.071920328899823999e-01 1.007874143710073278e-01 7.376067235229875896e-02 4.438099236643080342e-02 2.464974981352438879e-02 1.447653426195619208e-02 1.001369013252787626e-02 8.504939432361356341e-03 8.523524897624982360e-03 9.048545716612824488e-03 8.855188934294372718e-03 7.070128644083429129e-03 4.322726935161559127e-03 2.058384593014717535e-03 8.356869384359904640e-04 3.300208940193878051e-04 1.438319186286092695e-04 7.463345437926148605e-05 4.602415767425575751e-05 3.114648980430388296e-05 2.030100616829763429e-05 1.111678047441811592e-05 4.646947528101999671e-06
1.054353055888880907e-06 2.826790244976249896e-06 8.808439979053342420e-06 2.913133643193863256e-05 8.963640781531044565e-05 2.262971736872400514e-04 4.349007369183749546e-04 6.380148969190812223e-04 7.742982480342230217e-04 8.858730218471285106e-04 1.094766309023705768e-03 1.606541234712658339e-03 2.858897996635501992e-03 5.813877846459877298e-03 1.200419613421591265e-02 2.198323808580480293e-02 3.217219828092393596e-02 3.628918018886462260e-02 3.300345626525615778e-02 2.704779170008741671e-02 2.295651255165878299e-02 2.272714333450511284e-02 2.780710368684706502e-02 4.109141755762698439e-02 6.667482465906234002e-02 1.039214223096405765e-01 1.373037360303155374e-01 1.430699567066634204e-01 1.183187848774203410e-01 8.438555493490829118e-02 5.917768648837846285e-02 4.665036671755068420e-02 4.523875746068585502e-02 5.479896719760242452e-02 7.773333738500995405e-02 1.143490358550297015e-01 1.522941544682042958e-01 1.657803361191811653e-01 1.427338891130293108e-01 1.020159847684213444e-01 6.776073065572106591e-02 4.802452159595232278e-02 4.076006213871754408e-02 4.365959859248022545e-02 5.735424403643986369e-02 8.364568460949435569e-02 1.182517302161147782e-01 1.431247497733416085e-01 1.383773899915272942e-01 1.079303366168273409e-01 7.398481223556759023e-02 5.083725014699132239e-02 3.993550913717541090e-02 3.906602323170046270e-02 4.804788342630352677e-02 6.929895499925986524e-02 1.034692121126834646e-01 1.395641269483939850e-01 1.538414014923249751e-01 1.345672934697272061e-01 9.835042153331768899e-02 6.733909872777235628e-02 4.953889719171696016e-02 4.378417752937276836e-02 4.873262222366570029e-02 6.600722298808561761e-02 9.807376761030618673e-02 1.393289378937583312e-01 1.673134766912546534e-01 1.589281408711557542e-01 1.210223344441501009e-01 8.068603462008035188e-02 5.372890880138795483e-02 4.065300779622547933e-02 3.788865856680331823e-02 4.366664792385425292e-02 5.775188005171302125e-02 7.714565535858236567e-02 9.080498888821006420e-02 8.537948012819183974e-02 6.248446692126626706e-02 3.759622249927593862e-02 2.088140505938125904e-02 1.226342571696458807e-02 8.482841464042706683e-03 7.204741899457401538e-03 7.220486100973555824e-03 7.665244058714698779e-03 7.501446806283561773e-03 5.989278639981924883e-03 3.661887555738253981e-03 1.743707858290204906e-03 7.079308145651757884e-04 2.795687590426163623e-04 1.218435309109747346e-04 6.322382189125286484e-05 3.898818796066131086e-05 2.638495216794110149e-05 1.719747811317075994e-05 9.417296232158179503e-06 3.936542738082846754e-06
7.398787485553061080e-07 1.983663837459206377e-06 6.181209901205404243e-06 2.044254210923249584e-05 6.290120075905083553e-05 1.588011423063247099e-04 3.051860201663422170e-04 4.477187796398663907e-04 5.433538752170178916e-04 6.216500432396334036e-04 7.682382311664100964e-04 1.127369728387237055e-03 2.006195040820254408e-03 4.079814291111150126e-03 8.423790838931462938e-03 1.542645567656307330e-02 2.257642795211087239e-02 2.546546725906674233e-02 2.315975259250453028e-02 1.898044128811670131e-02 1.610943856334362198e-02 1.594848165389387701e-02 1.951327874648887961e-02 2.883537580613304910e-02 4.678820396390137581e-02 7.292552666025374497e-02 9.635113761816112288e-02 1.003975091007318077e-01 8.302869138259187654e-02 5.921648202437159586e-02 4.152718330626653520e-02 3.273629715762425146e-02 3.174571844721520153e-02 3.845447314429608493e-02 5.454837358721528057e-02 8.024297086671697277e-02 1.068704716990920289e-01 1.163342268871510876e-01 1.001616779726108852e-01 7.158841027824729142e-02 4.755022458438434851e-02 3.370059273781378373e-02 2.860285138625261181e-02 3.063756394370026684e-02 4.024760592763831912e-02 5.869728750276140966e-02 8.298163663312776994e-02 1.004359594332621813e-01 9.710456052974275609e-02 7.573873091294706927e-02 5.191789408985247184e-02 3.567438896171152424e-02 2.802423188162737541e-02 2.741408128734951558e-02 3.371698660295001371e-02 4.862965380966913914e-02 7.260819394827472406e-02 9.793733798470126428e-02 1.079562324748761931e-01 9.443087411068287751e-02 6.901614824136020898e-02 4.725434978091194033e-02 3.476328640989920227e-02 3.072498561655415128e-02 3.419749328109729369e-02 4.631972304463352619e-02 6.882200989538835023e-02 9.777229707886253562e-02 1.174100886409435857e-01 1.115257866624566052e-01 8.492587265305623356e-02 5.662039104184751759e-02 3.770357337438476342e-02 2.852772737299343400e-02 2.658788071820244667e-02 3.064251072167566495e-02 4.052664190682727513e-02 5.413597525457600201e-02 6.372123755504931208e-02 5.991395629454789734e-02 4.384767410843866398e-02 2.638266745451803980e-02 1.465325846700040249e-02 8.605701877365267566e-03 5.952725314878263944e-03 5.055835320494713077e-03 5.066883612193317198e-03 5.378986810780921231e-03 5.264044187464500361e-03 4.202899550723063031e-03 2.569682675985354280e-03 1.223624649098357942e-03 4.967813790824014957e-04 1.961837948117174473e-04 8.550213675244753696e-05 4.436650698598048188e-05 2.735946138312649479e-05 1.851530213876039960e-05 1.206810993112073041e-05 6.608466976130368512e-06 2.762418431302172713e-06
6.914454212247154855e-07 1.853810885011096061e-06 5.776580679148760793e-06 1.910434941836369784e-05 5.878361466565493187e-05 1.484058339928850327e-04 2.852081867168765089e-04 4.184105852246431333e-04 5.077852957083919816e-04 5.809561050935624187e-04 7.179484589698018797e-04 1.053570788785042041e-03 1.874867169475404527e-03 3.812744880893254463e-03 7.872359648532941540e-03 1.441662186420833089e-02 2.109854860080470976e-02 2.379846801926807989e-02 2.164368812870074224e-02 1.773795942526895306e-02 1.505489589324532709e-02 1.490447541114495351e-02 1.823591672106621153e-02 2.694777841555236544e-02 4.372539346661516446e-02 6.815173648127020867e-02 9.004387957615429816e-02 9.382537085382762487e-02 7.759353623667641919e-02 5.534010192445287801e-02 3.880876536803379989e-02 3.059334089766585843e-02 2.966760662700000314e-02 3.593719840332011001e-02 5.097757331965822869e-02 7.499017224051555963e-02 9.987460575770112925e-02 1.087188524740073936e-01 9.360497750689089624e-02 6.690214929987299552e-02 4.443753132696131453e-02 3.149451256252473047e-02 2.673047531587123202e-02 2.863199321201667993e-02 3.761295061962698777e-02 5.485489448283720898e-02 7.754956174608947095e-02 9.386130418266645792e-02 9.074798254366907291e-02 7.078078509672627860e-02 4.851928808355911865e-02 3.333910177948708892e-02 2.618973292005889741e-02 2.561952349656249073e-02 3.150983326609508445e-02 4.544629985398912497e-02 6.785517673937850602e-02 9.152624541343602760e-02 1.008892913645350470e-01 8.824931876144874454e-02 6.449827054126749948e-02 4.416102483381467020e-02 3.248764106521886269e-02 2.871369216002492633e-02 3.195888541568252944e-02 4.328757985568038730e-02 6.431684071824785021e-02 9.137200827812191894e-02 1.097242870603949288e-01 1.042251783644459195e-01 7.936652580457158324e-02 5.291395409083272938e-02 3.523545340967396133e-02 2.666026900829245039e-02 2.484740698197754338e-02 2.863661616812615898e-02 3.787372057760170913e-02 5.059217106370626771e-02 5.954997089488320988e-02 5.599191871399727960e-02 4.097735413111007474e-02 2.465562721829839266e-02 1.369403904736200134e-02 8.042362577851958072e-03 5.563052960796515019e-03 4.724874433342281764e-03 4.735199490957833247e-03 5.026872049514707376e-03 4.919453704615787439e-03 3.927772835602178977e-03 2.401468245682051444e-03 1.143524749925308413e-03 4.642614895845308402e-04 1.833413743886048129e-04 7.990506698272848807e-05 4.146222360230061274e-05 2.556847907508601501e-05 1.730326882808290250e-05 1.127811735504411350e-05 6.175869006755915959e-06 2.581587293269677024e-06
9.515268383025339793e-07 2.551106357897418807e-06 7.949393229178073822e-06 2.629029080514318762e-05 8.089458009242762697e-05 2.042274482847544997e-04 3.924868627866875221e-04 5.757922303772523148e-04 6.987844913429491116e-04 7.994778892209586287e-04 9.879987722207989390e-04 1.449862636742709886e-03 2.580082787804551230e-03 5.246877006350849151e-03 1.083348194436094952e-02 1.983931370484143947e-02 2.903459134538337316e-02 3.275006289102131568e-02 2.978478055119787235e-02 2.440994463448695889e-02 2.071766917611559192e-02 2.051066928667326719e-02 2.509520440588062715e-02 3.708396007541787248e-02 6.017233482453128446e-02 9.378644264356958415e-02 1.239131324202479983e-01 1.291170000417008745e-01 1.067796964758594563e-01 7.615581880959668148e-02 5.340635815284237864e-02 4.210077042076029036e-02 4.082682894015178532e-02 4.945467527081775366e-02 7.015236152590813290e-02 1.031970988677504419e-01 1.374416041037782310e-01 1.496125403148078070e-01 1.288137075790475039e-01 9.206683368615942165e-02 6.115233739001285640e-02 4.334091027664678519e-02 3.678492023070144279e-02 3.940167819330416682e-02 5.176074767973857377e-02 7.548810464348990057e-02 1.067191813481143808e-01 1.291664493919028323e-01 1.248820778351038691e-01 9.740438592588623878e-02 6.676941284109647046e-02 4.587932631312049286e-02 3.604078210145894579e-02 3.525609316831244261e-02 4.336199373483650560e-02 6.254054576863184167e-02 9.337833443298919345e-02 1.259530777797212286e-01 1.388379552223258651e-01 1.214435625514738576e-01 8.875875602069877024e-02 6.077182529011648793e-02 4.470759576647601041e-02 3.951410751788226455e-02 4.397995309795308533e-02 5.956984128246589627e-02 8.850908288588228701e-02 1.257408256348529763e-01 1.509961607188750055e-01 1.434286082406616980e-01 1.092195812535971949e-01 7.281709574264781659e-02 4.848897476199660883e-02 3.668830640721120612e-02 3.419355147901632225e-02 3.940804003572213887e-02 5.211960407826165403e-02 6.962199343202286894e-02 8.194919481316652321e-02 7.705281103757201377e-02 5.639064345717410137e-02 3.392963535985132895e-02 1.884493739975620294e-02 1.106743005490100351e-02 7.655548843928124299e-03 6.502096467674119661e-03 6.516305209429634239e-03 6.917687963503926438e-03 6.769865105820786939e-03 5.405171764983747636e-03 3.304760458244678650e-03 1.573652028658818194e-03 6.388895692555689133e-04 2.523037002588433700e-04 1.099606901955578085e-04 5.705789252810465904e-05 3.518584881425411637e-05 2.381174880169413557e-05 1.552028695170497204e-05 8.498870524531626118e-06 3.552629780403971730e-06
1.291559041711609976e-06 3.462755174397709004e-06 1.079014305007086821e-05 3.568523916696324683e-05 1.098026058100739436e-04 2.772090042866453066e-04 5.327437293198005342e-04 7.815540574953162931e-04 9.484981312895791276e-04 1.085174747476267678e-03 1.341064377898321678e-03 1.967977278565738713e-03 3.502086456014356225e-03 7.121871045056724948e-03 1.470487325761603639e-02 2.692897768659060012e-02 3.941022729472256486e-02 4.445343855879113626e-02 4.042849983603380437e-02 3.313294321429075678e-02 2.812121725892341093e-02 2.784024506972120755e-02 3.406308350885521585e-02 5.033607252037381602e-02 8.167517717331304605e-02 1.273014308270690453e-01 1.681940226191445120e-01 1.752575146908424975e-01 1.449378797351054404e-01 1.033704278251925956e-01 7.249134967148568309e-02 5.714566159474865348e-02 5.541647165321567786e-02 6.712751593521311400e-02 9.522160929043668731e-02 1.400750254809657036e-01 1.865569517768480290e-01 2.030772243290054901e-01 1.748458393637211672e-01 1.249673122213201537e-01 8.300538786564232163e-02 5.882897075575402313e-02 4.993016950247834707e-02 5.348203716456086804e-02 7.025767322630611933e-02 1.024641031333398816e-01 1.448557392664887866e-01 1.753246349787725977e-01 1.695092248405707658e-01 1.322122616839388753e-01 9.062974936002272941e-02 6.227450066784986915e-02 4.892011041594742510e-02 4.785500952153191184e-02 5.885758847830199064e-02 8.488967847207827544e-02 1.267474833942124346e-01 1.709629512163930443e-01 1.884522949663071933e-01 1.648419413485376073e-01 1.204770787906667556e-01 8.248889813217506750e-02 6.068404717662925080e-02 5.363464359127126380e-02 5.969637827457024287e-02 8.085737997568949453e-02 1.201381838885324793e-01 1.706748498557248139e-01 2.049552874284736592e-01 1.946834375621056545e-01 1.482496678198675366e-01 9.883859772717715209e-02 6.581671820093323855e-02 4.979903031411266751e-02 4.641276399490640303e-02 5.349067243869725513e-02 7.074476850048187770e-02 9.450171187975002496e-02 1.112340916318741157e-01 1.045879640792968801e-01 7.654208214975471991e-02 4.605453631677905446e-02 2.557925673706097636e-02 1.502242373049432651e-02 1.039129211140182515e-02 8.825648573283415704e-03 8.844934869945758268e-03 9.389753475521369491e-03 9.189105484600902304e-03 7.336733115718437233e-03 4.485730805188110036e-03 2.136003341480004029e-03 8.671995014867980812e-04 3.424655114383624399e-04 1.492556152260281557e-04 7.744777554267193121e-05 4.775966304578241703e-05 3.232097953081127575e-05 2.106652816876189801e-05 1.153597841746329072e-05 4.822177294463036678e-06
1.171037289941136980e-06 3.139628390338643183e-06 9.783261521429989144e-06 3.235527329017980427e-05 9.955638246773603720e-05 2.513412632665368578e-04 4.830307813021326524e-04 7.086233891552700965e-04 8.599890870707804042e-04 9.839117333057347849e-04 1.215923038755904349e-03 1.784335601029333465e-03 3.175289475853735298e-03 6.457294090761119681e-03 1.333268892276593016e-02 2.441610180607734285e-02 3.573266438212201190e-02 4.030526870027147102e-02 3.665591688447631530e-02 3.004114467583134454e-02 2.549708761675693880e-02 2.524233432994153412e-02 3.088448898657097930e-02 4.563896503904529139e-02 7.405366308747882154e-02 1.154223057149612319e-01 1.524990078434217133e-01 1.589033705910976590e-01 1.314130104883817207e-01 9.372442277207056194e-02 6.572682387866149445e-02 5.181311773182573077e-02 5.024528704230284137e-02 6.086351595439086493e-02 8.633601073283728167e-02 1.270039331769799162e-01 1.691484014071265862e-01 1.841270857520015403e-01 1.585301107215612570e-01 1.133059952419571831e-01 7.525974525166054252e-02 5.333934900300672799e-02 4.527093883605783076e-02 4.849136418782693664e-02 6.370158281225078711e-02 9.290267171255460477e-02 1.313385349524930357e-01 1.589642275535277927e-01 1.536914820512306212e-01 1.198748826953887625e-01 8.217263992667175887e-02 5.646335950532550829e-02 4.435513335046107480e-02 4.338942227986433003e-02 5.336529626455231018e-02 7.696820339717286297e-02 1.149200498524010766e-01 1.550095540405706240e-01 1.708668807645636889e-01 1.494597258284145191e-01 1.092347676650381461e-01 7.479145172559734100e-02 5.502131908286970324e-02 4.862973015530583365e-02 5.412581444307131007e-02 7.331217858456565151e-02 1.089274967196508653e-01 1.547483368404818371e-01 1.858298975099720862e-01 1.765165646759941365e-01 1.344157592736789086e-01 8.961548011822118021e-02 5.967503522928371829e-02 4.515203689291065470e-02 4.208175980499129221e-02 4.849919366189354292e-02 6.414322482116581459e-02 8.568329050432266225e-02 1.008542892789713596e-01 9.482834470623308087e-02 6.939956250727453979e-02 4.175696012040214927e-02 2.319232998313432506e-02 1.362060719298771941e-02 9.421629333333876935e-03 8.002083724747274460e-03 8.019570321834264270e-03 8.513549213064255938e-03 8.331624676956136261e-03 6.652106320642139220e-03 4.067145113669436152e-03 1.936682322317305775e-03 7.862768338593364298e-04 3.105083635058725677e-04 1.353278367601037523e-04 7.022074117747603066e-05 4.330297305457829157e-05 2.930494933305215406e-05 1.910070640094203729e-05 1.045949930783115754e-05 4.372196119691279939e-06
7.991523065510010795e-07 2.142580164956355332e-06 6.676402261140119351e-06 2.208024586495866033e-05 6.794037505412323270e-05 1.715231034880121636e-04 3.296352441792309231e-04 4.835866635364674039e-04 5.868833285196660724e-04 6.714520006048612212e-04 8.297837390465387635e-04 1.217686168896750694e-03 2.166916400009071073e-03 4.406658533452232837e-03 9.098642030170476028e-03 1.666230806048160998e-02 2.438508270015974158e-02 2.750557025353037727e-02 2.501513895295637627e-02 2.050101244882618357e-02 1.740000643385870849e-02 1.722615485926861853e-02 2.107653686374735130e-02 3.114545069814712505e-02 5.053652532950859283e-02 7.876777505879634100e-02 1.040700709632700061e-01 1.084406075001994180e-01 8.968032986198064271e-02 6.396046418148322588e-02 4.485403099976768143e-02 3.535888472609475391e-02 3.428894824962555599e-02 4.153515825461027294e-02 5.891838176991524151e-02 8.667143822937896369e-02 1.154321355050225290e-01 1.256540560588144950e-01 1.081858833438935907e-01 7.732353890132587226e-02 5.135959334935302767e-02 3.640043246430201690e-02 3.089429815884291511e-02 3.309201668586861378e-02 4.347194344077518618e-02 6.339967567349649724e-02 8.962950543751671550e-02 1.084821381861250517e-01 1.048838524900060076e-01 8.180635221989035477e-02 5.607716790648521049e-02 3.853235449621535830e-02 3.026932398214227798e-02 2.961029268044220938e-02 3.641813968344093794e-02 5.252549838018311101e-02 7.842502002059949240e-02 1.057833458533081056e-01 1.166048793228775249e-01 1.019959702890941844e-01 7.454520644638550075e-02 5.104001526698886265e-02 3.754826121443501780e-02 3.318644193005914483e-02 3.693714096696793653e-02 5.003051321882279884e-02 7.433551518646439038e-02 1.056050831030482529e-01 1.268161078189875279e-01 1.204603995252535309e-01 9.172949912275124573e-02 6.115639378379796043e-02 4.072410200480586218e-02 3.081315577086291002e-02 2.871790309390949078e-02 3.309735976273999597e-02 4.377333369805044838e-02 5.847294516372809198e-02 6.882610707204984968e-02 6.471381487963441537e-02 4.736042218955004851e-02 2.849624967660499553e-02 1.582716806673624410e-02 9.295126422018908444e-03 6.429613196673515836e-03 5.460871076246807433e-03 5.472804474538927634e-03 5.809911049799053838e-03 5.685760082192945798e-03 4.539604464543451484e-03 2.775546454912582259e-03 1.321652314773186449e-03 5.365797919192578447e-04 2.119005748412741642e-04 9.235192919674691415e-05 4.792082008124736478e-05 2.955129703753635442e-05 1.999860982569221630e-05 1.303491674277387586e-05 7.137887981041147387e-06 2.983722759093556895e-06
6.615630789639582731e-07 1.773694349920735821e-06 5.526932976448736617e-06 1.827871272967542568e-05 5.624315082159299747e-05 1.419921478381436014e-04 2.728822844989574944e-04 4.003280469224004606e-04 4.858402317372383637e-04 5.558488028568464969e-04 6.869207293501331749e-04 1.008038398317194061e-03 1.793840640508757465e-03 3.647968683110362677e-03 7.532138225126080826e-03 1.379357568360433696e-02 2.018672818643602387e-02 2.276996461928342333e-02 2.070830830464847824e-02 1.697137430042359313e-02 1.440426528962489988e-02 1.426034556115044448e-02 1.744781127098982837e-02 2.578317060550387729e-02 4.183570393661391329e-02 6.520640854549325516e-02 8.615243428577246121e-02 8.977050005920955700e-02 7.424016005415741415e-02 5.294845709510022369e-02 3.713155878910977259e-02 2.927118204674052093e-02 2.838545542884001252e-02 3.438409293813586565e-02 4.877446480696800285e-02 7.174930618760996803e-02 9.555830390538205821e-02 1.040203269503722217e-01 8.955963149792181555e-02 6.401082503624855313e-02 4.251706518520376177e-02 3.013340758613758733e-02 2.557525873960587309e-02 2.739459833672242342e-02 3.598742381830429687e-02 5.248421896558461835e-02 7.419808601838311091e-02 8.980488044981496665e-02 8.682610788718513051e-02 6.772183701373933606e-02 4.642241980118174544e-02 3.189827880277804756e-02 2.505788572169461575e-02 2.451231915883505391e-02 3.014806617163800356e-02 4.348223755053722689e-02 6.492266528836802830e-02 8.757073640674981063e-02 9.652913763083861842e-02 8.443542938340166393e-02 6.171083521177001679e-02 4.225250853135303214e-02 3.108361584535992636e-02 2.747276648410375971e-02 3.057771153998864108e-02 4.141681140862622096e-02 6.153724627958768317e-02 8.742316497016663912e-02 1.049823094586795624e-01 9.972085690034787619e-02 7.593652595883014500e-02 5.062716060290774200e-02 3.371267540553900266e-02 2.550808655279430612e-02 2.377357136612717053e-02 2.739902150156496574e-02 3.623692402613486185e-02 4.840571856140659518e-02 5.697638727240855738e-02 5.357210418129771529e-02 3.920642719530480214e-02 2.359007978884859746e-02 1.310222088039716092e-02 7.694794102077253360e-03 5.322633330430332627e-03 4.520678540763878317e-03 4.530557378191892894e-03 4.809624662412825304e-03 4.706848638728022317e-03 3.758025450496824647e-03 2.297683487199301752e-03 1.094104800191041940e-03 4.441974031007693059e-04 1.754178716335590355e-04 7.645179288957272762e-05 3.967034196053429573e-05 2.446348073486215191e-05 1.655546981824232398e-05 1.079070858420653002e-05 5.908965176384757492e-06 2.470018292007269591e-06
8.340506173626737749e-07 2.236144843331973603e-06 6.967955146995642080e-06 2.304447167858246490e-05 7.090727423700034053e-05 1.790133735251990272e-04 3.440301387588344442e-04 5.047044874482965954e-04 6.125120311348943112e-04 7.007737461846983611e-04 8.660196988183344611e-04 1.270861502365583677e-03 2.261543821353573236e-03 4.599093614826202381e-03 9.495972094702796046e-03 1.738993707533631125e-02 2.544995880483037071e-02 2.870671543185415384e-02 2.610752908562727695e-02 2.139627446399935962e-02 1.815985011781756989e-02 1.797840659081063885e-02 2.199693154730799488e-02 3.250554640196183509e-02 5.274341299514371390e-02 8.220749771668310613e-02 1.086147236570021157e-01 1.131761178580203697e-01 9.359659463349097319e-02 6.675356399533197149e-02 4.681276890511399530e-02 3.690297755922564843e-02 3.578631785440750807e-02 4.334896377140505519e-02 6.149129807469497916e-02 9.045630722747738384e-02 1.204729600255640826e-01 1.311412632746873641e-01 1.129102701114988450e-01 8.070019297779744416e-02 5.360242370493625841e-02 3.799000881339751473e-02 3.224342624196012419e-02 3.453711729337698155e-02 4.537032674186486370e-02 6.616828632365151508e-02 9.354355074904772971e-02 1.132194621541599278e-01 1.094640423403226981e-01 8.537876699331485575e-02 5.852601078536651819e-02 4.021503009195766948e-02 3.159115996725892633e-02 3.090334932148036326e-02 3.800848929194149128e-02 5.481924283037542533e-02 8.184977485350822257e-02 1.104028158242078561e-01 1.216969165821204235e-01 1.064500487463650308e-01 7.780053307531563378e-02 5.326888991581192612e-02 3.918796228212589189e-02 3.463566600876721163e-02 3.855015492612569317e-02 5.221530376008198110e-02 7.758168477398549867e-02 1.102167684891902227e-01 1.323540608603724356e-01 1.257208041173067392e-01 9.573524939681456181e-02 6.382704219573735738e-02 4.250248937557341705e-02 3.215874043396804716e-02 2.997198983033667538e-02 3.454269369793298849e-02 4.568487845883656417e-02 6.102640962559605781e-02 7.183168542910199628e-02 6.753981288647932513e-02 4.942861209552208007e-02 2.974065699424535344e-02 1.651832721866985237e-02 9.701036795110877867e-03 6.710389011117140826e-03 5.699342734977087474e-03 5.711797254761601800e-03 6.063624991361872898e-03 5.934052455151669382e-03 4.737845183198747916e-03 2.896752240169986163e-03 1.379367762614392041e-03 5.600117812911945166e-04 2.211540951794665393e-04 9.638486046997988654e-05 5.001348209302746925e-05 3.084177738834068997e-05 2.087193233978283855e-05 1.360414062183251457e-05 7.449593561140603703e-06 3.114019428913739251e-06
1.172734011861169541e-06 3.144177413974692691e-06 9.797436539096279781e-06 3.240215301116875044e-05 9.970063021959102922e-05 2.517054329086619515e-04 4.837306470721859587e-04 7.096501172088990912e-04 8.612351296584565144e-04 9.853373280494862052e-04 1.217684795867015213e-03 1.786920934009729152e-03 3.179890169019019587e-03 6.466650097202583658e-03 1.335200672395171588e-02 2.445147842088879822e-02 3.578443762234165271e-02 4.036366721027960514e-02 3.670902782996968844e-02 3.008467144403264085e-02 2.553403047743946219e-02 2.527890807728355380e-02 3.092923768065837867e-02 4.570509156896409436e-02 7.416095981876012766e-02 1.155895416841736800e-01 1.527199644360200947e-01 1.591336064976437703e-01 1.316034154715435001e-01 9.386022056768793254e-02 6.582205581001580874e-02 5.188819002316601148e-02 5.031808769573657691e-02 6.095170141401463210e-02 8.646110342045436326e-02 1.271879498254698260e-01 1.693934813912321979e-01 1.843938684284804064e-01 1.587598058099729537e-01 1.134701648780989530e-01 7.536878948155945057e-02 5.341663265864349946e-02 4.533653213092843359e-02 4.856162357346432978e-02 6.379388036146352303e-02 9.303727886885802822e-02 1.315288320276698786e-01 1.591945516360380730e-01 1.539141664258090458e-01 1.200485700261660349e-01 8.229170028502932888e-02 5.654516955576049247e-02 4.441939973007862780e-02 4.345228943577144481e-02 5.344261751530909182e-02 7.707972302081869675e-02 1.150865581005248856e-01 1.552341481763972186e-01 1.711144506622014616e-01 1.496762787897534530e-01 1.093930384787166754e-01 7.489981744261069163e-02 5.510103975355961498e-02 4.870019002010134157e-02 5.420423761250750538e-02 7.341840097515750507e-02 1.090853223268847400e-01 1.549725524973709079e-01 1.860991473991180922e-01 1.767723204295530703e-01 1.346105149549167990e-01 8.974532444580739232e-02 5.976149869310501406e-02 4.521745791014757099e-02 4.214273228204899746e-02 4.856946439169596008e-02 6.423616226774457594e-02 8.580743746226150714e-02 1.010004175746445770e-01 9.496574197998816635e-02 6.950011588841636945e-02 4.181746199353528898e-02 2.322593346869112479e-02 1.364034216042812192e-02 9.435280380272853887e-03 8.013677984792052025e-03 8.031189918299014296e-03 8.525884538071539648e-03 8.343696410572387992e-03 6.661744591520072332e-03 4.073038021030791003e-03 1.939488391241533157e-03 7.874160743862462786e-04 3.109582606622136153e-04 1.355239139550776044e-04 7.032248436859400275e-05 4.336571495376070000e-05 2.934740942405512310e-05 1.912838151215921293e-05 1.047465412988558967e-05 4.378531017015791926e-06
1.169783878050234740e-06 3.136267910197426652e-06 9.772790073229201759e-06 3.232064204092438846e-05 9.944982296303688559e-05 2.510722418350593813e-04 4.825137725525762257e-04 7.078649188744605674e-04 8.590686035327739370e-04 9.828586099964098030e-04 1.214621583705503783e-03 1.782425749414098728e-03 3.171890826109371574e-03 6.450382569440705691e-03 1.331841836880743105e-02 2.438996819564825599e-02 3.569441816501607578e-02 4.026212822687326442e-02 3.661668247026112627e-02 3.000899033858136708e-02 2.546979698043239787e-02 2.521531636708492646e-02 3.085143198140745044e-02 4.559011567962704958e-02 7.397440024702435502e-02 1.152987642259741680e-01 1.523357815555623218e-01 1.587332894366250691e-01 1.312723534560391314e-01 9.362410546622582097e-02 6.565647361457638276e-02 5.175765990957897217e-02 5.019150733709475121e-02 6.079837109924853683e-02 8.624360156414959122e-02 1.268679953708972408e-01 1.689673545527930754e-01 1.839300065635747772e-01 1.583604290832807959e-01 1.131847189316578378e-01 7.517919148926960338e-02 5.328225758937905204e-02 4.522248339101186954e-02 4.843946178215525339e-02 6.363340025132627198e-02 9.280323396243211898e-02 1.311979576345395915e-01 1.587940812612145813e-01 1.535269794066193849e-01 1.197465754205634531e-01 8.208468699393786649e-02 5.640292432805806000e-02 4.430765813166005068e-02 4.334298070341566222e-02 5.330817707844767023e-02 7.688582099809110337e-02 1.147970459496000378e-01 1.548436406064664095e-01 1.706839945474025177e-01 1.492997526156280841e-01 1.091178489658066325e-01 7.471139919803389262e-02 5.496242738387422527e-02 4.857767965055102832e-02 5.406788124144693702e-02 7.323370938706418032e-02 1.088109069058100925e-01 1.545827029984516987e-01 1.856309957284274503e-01 1.763276313576387366e-01 1.342718882693602067e-01 8.951956079152330326e-02 5.961116245649587808e-02 4.510370871376021690e-02 4.203671787628173590e-02 4.844728287599693595e-02 6.407456955168602808e-02 8.559157997034358423e-02 1.007463405684420055e-01 9.472684582496729289e-02 6.932528115208856645e-02 4.171226583885151440e-02 2.316750622864903117e-02 1.360602846764423848e-02 9.411544955714537877e-03 7.993518748227087731e-03 8.010986628652438588e-03 8.504436792897010836e-03 8.322706978493113819e-03 6.644986283361113515e-03 4.062791872238701897e-03 1.934609407413102498e-03 7.854352477360187828e-04 3.101760129664093112e-04 1.351829895197790166e-04 7.014558087922074137e-05 4.325662400847674066e-05 2.927358297753817080e-05 1.908026208825168885e-05 1.044830405306177302e-05 4.367516368966969619e-06
8.149618014189890377e-07 2.184966465846011053e-06 6.808480397458919117e-06 2.251705563303974474e-05 6.928442799865276377e-05 1.749163160234782233e-04 3.361563624422201691e-04 4.931533766808033833e-04 5.984935421100939746e-04 6.847352219265602545e-04 8.461992103609054057e-04 1.241775448349723317e-03 2.209784140519207608e-03 4.493834713635292723e-03 9.278638926009349572e-03 1.699193568166427332e-02 2.486748866538494168e-02 2.804970829605326135e-02 2.551000921442832248e-02 2.090658050943417987e-02 1.774422781714707353e-02 1.756693696627166859e-02 2.149349042647993174e-02 3.176159587965658726e-02 5.153628085957899507e-02 8.032602462567726975e-02 1.061288715690092421e-01 1.105858696907761340e-01 9.145446065418413872e-02 6.522578322260001726e-02 4.574137070596198673e-02 3.605838356008747581e-02 3.496728071133210075e-02 4.235684126282352607e-02 6.008395414777869398e-02 8.838604462750387913e-02 1.177157099111876687e-01 1.281398489897982995e-01 1.103261063695841482e-01 7.885321738866096775e-02 5.237563149480108787e-02 3.712053606097510949e-02 3.150547483216105393e-02 3.374667045296409623e-02 4.433194154263213338e-02 6.465390073044234576e-02 9.140263077873027331e-02 1.106282219712346609e-01 1.069587519980009643e-01 8.342471344463735228e-02 5.718653303120737469e-02 3.929463354573541067e-02 3.086813689706520772e-02 3.019606809062835157e-02 3.713859357903428332e-02 5.356460142759087578e-02 7.997648892255217190e-02 1.078760398863195524e-01 1.189116539215689938e-01 1.040137393121234877e-01 7.601992165284424119e-02 5.204973125330450423e-02 3.829107211306520542e-02 3.384296369578417701e-02 3.766786217714091639e-02 5.102025839692218845e-02 7.580608210620681797e-02 1.076942505942324463e-01 1.293248894233295643e-01 1.228434472277741690e-01 9.354416828373153525e-02 6.236624037467178999e-02 4.152974002445583568e-02 3.142272721804852120e-02 2.928602451189303221e-02 3.375211923102120620e-02 4.463929415237335302e-02 5.962970554457695804e-02 7.018768230322865176e-02 6.599403733014960749e-02 4.829734540858315883e-02 2.905998616253663638e-02 1.614027425472408170e-02 9.479010335337554119e-03 6.556809146685432278e-03 5.568902564796563391e-03 5.581072039488028588e-03 5.924847537089804501e-03 5.798240511897255998e-03 4.629410691587510819e-03 2.830454620821762097e-03 1.347798338899489079e-03 5.471948591562225987e-04 2.160925680608584746e-04 9.417891178656904929e-05 4.886882955695549769e-05 3.013590534690060299e-05 2.039423894021073134e-05 1.329278429525447783e-05 7.279095611275712367e-06 3.042749241605976587e-06
6.168420491143333853e-07 1.653794312435065198e-06 5.153317606310910202e-06 1.704308927427239498e-05 5.244116775042705579e-05 1.323936147824196789e-04 2.544357036987966746e-04 3.732662547738783997e-04 4.529978978819452400e-04 5.182739567161454095e-04 6.404855466466144670e-04 9.398959690702191972e-04 1.672578733095037668e-03 3.401369497703336884e-03 7.022972902712855577e-03 1.286114319229062115e-02 1.882212471550824898e-02 2.123073684223065680e-02 1.930844651780610696e-02 1.582412566939810777e-02 1.343055076645645850e-02 1.329635987364063271e-02 1.626835595754862196e-02 2.404025299276095484e-02 3.900765046141185105e-02 6.079851784591457087e-02 8.032861232861965295e-02 8.370210032467353956e-02 6.922159641390351892e-02 4.936919216098410029e-02 3.462150101567503663e-02 2.729247820477867167e-02 2.646662585703810425e-02 3.205976122203288425e-02 4.547735774962154837e-02 6.689912188057306475e-02 8.909865418003067028e-02 9.698865258033256831e-02 8.350548627595394402e-02 5.968375463560249977e-02 3.964295234286729225e-02 2.809641812439042652e-02 2.384639576965751767e-02 2.554274975434135328e-02 3.355470847193112865e-02 4.893633608392512074e-02 6.918236654260814800e-02 8.373415663383701468e-02 8.095674624047639878e-02 6.314390576143029399e-02 4.328430873115090421e-02 2.974198573889557870e-02 2.336399667171415798e-02 2.285530988542981007e-02 2.811008580356526981e-02 4.054287998168473045e-02 6.053395536092583823e-02 8.165103858604770559e-02 9.000386047645481113e-02 7.872767531143243236e-02 5.753924191809223210e-02 3.939627946516729290e-02 2.898239321632267718e-02 2.561563380990517294e-02 2.851068755694747062e-02 3.861707466669358352e-02 5.737738743129316976e-02 8.151344283709012484e-02 9.788560599340050128e-02 9.297982258347720075e-02 7.080328960984896836e-02 4.720481308606912230e-02 3.143373087090305801e-02 2.378376435827158838e-02 2.216650073521807263e-02 2.554687391748134556e-02 3.378734270492622649e-02 4.513353839671641748e-02 5.312483812017419760e-02 4.995068130209019686e-02 3.655611030693760310e-02 2.199541301263690379e-02 1.221652331092843748e-02 7.174633398332079699e-03 4.962828420486506582e-03 4.215085005709487062e-03 4.224296043198922518e-03 4.484498646568499218e-03 4.388670183545982997e-03 3.503986533133847565e-03 2.142362286419853632e-03 1.020144364695475597e-03 4.141700845353119107e-04 1.635597916969222640e-04 7.128372499009699725e-05 3.698866487882618184e-05 2.280977289209252485e-05 1.543633593145461605e-05 1.006126702974641079e-05 5.509524795813137006e-06 2.303047423652632945e-06
7.101010331792606805e-07 1.903827813963525047e-06 5.932436288668072326e-06 1.961979621785480099e-05 6.036963182742255933e-05 1.524099123565225494e-04 2.929032745637602476e-04 4.296995536320115665e-04 5.214856473806633169e-04 5.966306490655985889e-04 7.373191387700696060e-04 1.081996760233960419e-03 1.925452209604964484e-03 3.915615023345921444e-03 8.084760630969894252e-03 1.480559096421007331e-02 2.166780008966927643e-02 2.444056495252097672e-02 2.222764780881414035e-02 1.821654020365805551e-02 1.546108600916656917e-02 1.530660709228892982e-02 1.872793268579854564e-02 2.767484563116454077e-02 4.490513079371783595e-02 6.999051118538365812e-02 9.247331742430614510e-02 9.635683560348221044e-02 7.968705635811783317e-02 5.683321104823448044e-02 3.985584912174308658e-02 3.141876757439342194e-02 3.046805643816964670e-02 3.690680555894837456e-02 5.235297880654610908e-02 7.701345204074289130e-02 1.025692824913018164e-01 1.116521522857354121e-01 9.613049591192937560e-02 6.870720939276199479e-02 4.563648256043019436e-02 3.234425339098138258e-02 2.745167956359074318e-02 2.940450155244720559e-02 3.862777057458801483e-02 5.633491241898434809e-02 7.964189540941413181e-02 9.639373843507346995e-02 9.319641751196203194e-02 7.269049310847912337e-02 4.982836756114748800e-02 3.423861073076424344e-02 2.689634761378906572e-02 2.631075359823225115e-02 3.235998745631812196e-02 4.667246826702781126e-02 6.968595008388171752e-02 9.399567838048827895e-02 1.036113449240657347e-01 9.063033828306273076e-02 6.623847254423395614e-02 4.535251575634546145e-02 3.336417709601331022e-02 2.948840478704748205e-02 3.282115530208765813e-02 4.445550470911081853e-02 6.605214763583035220e-02 9.383727983480526225e-02 1.126847140999757274e-01 1.070372361549458695e-01 8.150788224738093890e-02 5.434160429169860446e-02 3.618612706470962503e-02 2.737957904774801846e-02 2.551780491723527888e-02 2.940924923868376561e-02 3.889557626234856069e-02 5.195717816669753047e-02 6.115666480711089148e-02 5.750261424549513861e-02 4.208294770961692327e-02 2.532085082056885830e-02 1.406351242980986849e-02 8.259350341230913689e-03 5.713147464474602893e-03 4.852354377899966223e-03 4.862958011759384823e-03 5.162500070790482405e-03 5.052183514553808437e-03 4.033746501226885897e-03 2.466261298520922365e-03 1.174377733169075684e-03 4.767875428770494131e-04 1.882880345743771582e-04 8.206095358935541176e-05 4.258089924979730889e-05 2.625833196766555046e-05 1.777012139358282930e-05 1.158240772199868213e-05 6.342497654709179192e-06 2.651240065985590266e-06
1.020526602193600553e-06 2.736099286388999563e-06 8.525841768316516379e-06 2.819672558465862255e-05 8.676063315762747247e-05 2.190369577431123648e-04 4.209479631702965781e-04 6.175456800405493144e-04 7.494566983396705028e-04 8.574518562934831285e-04 1.059643290550426904e-03 1.554999113805396148e-03 2.767176935874512966e-03 5.627353163228899016e-03 1.161906955596477865e-02 2.127795726831347919e-02 3.114002848794357806e-02 3.512492665306638645e-02 3.194461750256132743e-02 2.618002651612703555e-02 2.222000649754663978e-02 2.199799605567210811e-02 2.691497775236110362e-02 3.977309545904430393e-02 6.453571873398937508e-02 1.005873463470673690e-01 1.328986665490089758e-01 1.384798915110505291e-01 1.145228031845862415e-01 8.167824162025229262e-02 5.727910872013238647e-02 4.515369872685689318e-02 4.378737765396086695e-02 5.304087040440240430e-02 7.523944492370641945e-02 1.106804142819750036e-01 1.474081524450608638e-01 1.604616614759936388e-01 1.381546058607427407e-01 9.874304031620638467e-02 6.558678597458983406e-02 4.648376705748900189e-02 3.945237080434787352e-02 4.225888240742779051e-02 5.551416715774118438e-02 8.096210830509631418e-02 1.144578998153768512e-01 1.385329266702398643e-01 1.339378748320858570e-01 1.044676440078442931e-01 7.161118244309684633e-02 4.920625578652747939e-02 3.865427165881742816e-02 3.781268117656525624e-02 4.650637937811175765e-02 6.707565998501292814e-02 1.001496442574301565e-01 1.350865381071855720e-01 1.489057596644460246e-01 1.302500163527036681e-01 9.519507811080221704e-02 6.517868112166362582e-02 4.794955745147394532e-02 4.237946452028054645e-02 4.716914993144697560e-02 6.388953550239029333e-02 9.492729998234940292e-02 1.348588945437132758e-01 1.619456148158777420e-01 1.538293028984021038e-01 1.171396156818675094e-01 7.809741176866656642e-02 5.200514233102300488e-02 3.934875105024055603e-02 3.667308950535097534e-02 4.226570557747950235e-02 5.589904595076976984e-02 7.467061730163936095e-02 8.789172303786554896e-02 8.264027904658780010e-02 6.047979883102720666e-02 3.639003556560499453e-02 2.021147397947552909e-02 1.186998236339012296e-02 8.210689320711620637e-03 6.973594593640592039e-03 6.988833679246488767e-03 7.419322617346526226e-03 7.260780416953065489e-03 5.797126632215726487e-03 3.544404451620844151e-03 1.687765066834241191e-03 6.852185088677617553e-04 2.705994487820894551e-04 1.179344659792522676e-04 6.119543332473031819e-05 3.773734306829050635e-05 2.553845264126354666e-05 1.664573721971801559e-05 9.115164291483627594e-06 3.810247964329865006e-06
1.134101969478092414e-06 3.040602354423197584e-06 9.474690733316167170e-06 3.133476574707479362e-05 9.641630578343839879e-05 2.434137871869295410e-04 4.677956586854942938e-04 6.862729207364775446e-04 8.328644405727373638e-04 9.528784814279711579e-04 1.177571990945030763e-03 1.728056430584683743e-03 3.075138664806984466e-03 6.253626599883541255e-03 1.291216675645540969e-02 2.364600118467771739e-02 3.460563160418336087e-02 3.903401284140081001e-02 3.549976408846848563e-02 2.909362633870451326e-02 2.469289196040290804e-02 2.444617376723342075e-02 2.991037099062422017e-02 4.419948073414874806e-02 7.171795968922420328e-02 1.117818069137830606e-01 1.476890843906200346e-01 1.538914491383356620e-01 1.272681538752794272e-01 9.076829010231214634e-02 6.365375470842309091e-02 5.017889641022232200e-02 4.866051617752667480e-02 5.894383885649409627e-02 8.361291365359864447e-02 1.229981418906967161e-01 1.638133446455284636e-01 1.783195909979116978e-01 1.535299621414616122e-01 1.097322463267058901e-01 7.288600119353841333e-02 5.165698929880353785e-02 4.384306233038586659e-02 4.696191325457984428e-02 6.169239113630341220e-02 8.997245763564100385e-02 1.271960273489469440e-01 1.539503866303705837e-01 1.488439471428521788e-01 1.160939465579522711e-01 7.958085842231112095e-02 5.468246636412232159e-02 4.295614197883469015e-02 4.202089009871257802e-02 5.168211816589785706e-02 7.454057339567024543e-02 1.112953925461073468e-01 1.501204462363178727e-01 1.654776219836777973e-01 1.447456634179264401e-01 1.057894280639249535e-01 7.243247796693919049e-02 5.328590888707022272e-02 4.709591506440644754e-02 5.241864907869709517e-02 7.099986211682872417e-02 1.054918486552072071e-01 1.498674680061394537e-01 1.799686949034431105e-01 1.709491109840016176e-01 1.301761939014212943e-01 8.678894632203221216e-02 5.779284362977633177e-02 4.372791063619450858e-02 4.075447219647766739e-02 4.696949578165664219e-02 6.212010345291119062e-02 8.298078066941858011e-02 9.767327572236744748e-02 9.183739358043170598e-02 6.721065263803360779e-02 4.043991691703228281e-02 2.246082796558985378e-02 1.319100388667494329e-02 9.124464672823186587e-03 7.749692507760054354e-03 7.766627565564081584e-03 8.245026023270495691e-03 8.068839511987854415e-03 6.442294318225451517e-03 3.938864563226300054e-03 1.875598031642412887e-03 7.614771224575563437e-04 3.007147164452213944e-04 1.310595038374550944e-04 6.800593076894233127e-05 4.193716754137061042e-05 2.838065110269949578e-05 1.849825700155115901e-05 1.012959951545377123e-05 4.234294050990970600e-06
8.394131410077995678e-07 2.250522123735180324e-06 7.012755574518953372e-06 2.319263597663980098e-05 7.136317214869978295e-05 1.801643389802188048e-04 3.462420785564014787e-04 5.079494820462263386e-04 6.164501737146222717e-04 7.052793669534726615e-04 8.715877674887246478e-04 1.279032499082380500e-03 2.276084404339820139e-03 4.628663460759089611e-03 9.557026392644928439e-03 1.750174557569876901e-02 2.561358916852445392e-02 2.889128509354201360e-02 2.627538729365803960e-02 2.153384168754938349e-02 1.827660876965653616e-02 1.809399865253675035e-02 2.213836069211891355e-02 3.271454062551314851e-02 5.308252646550522258e-02 8.273605035022255083e-02 1.093130613977750798e-01 1.139037830565620413e-01 9.419837340012303384e-02 6.718275565093340118e-02 4.711375133342417254e-02 3.714024504109934843e-02 3.601640577913443886e-02 4.362767568453911754e-02 6.188665602183927861e-02 9.103789553430199910e-02 1.212475402288352155e-01 1.319844352723122949e-01 1.136362260434839733e-01 8.121905440419137368e-02 5.394706017971354767e-02 3.823426535646501367e-02 3.245073516545097375e-02 3.475917349028479625e-02 4.566203499658637310e-02 6.659371493983064216e-02 9.414498847032996831e-02 1.139474060346042233e-01 1.101678407706829788e-01 8.592770928442057532e-02 5.890230343494663040e-02 4.047359239653269131e-02 3.179427514848977981e-02 3.110204222812192401e-02 3.825286465513946799e-02 5.517170283671803815e-02 8.237602750995723366e-02 1.111126500932809874e-01 1.224793662070291778e-01 1.071344687222557934e-01 7.830075115505148731e-02 5.361138193701122517e-02 3.943992106012744747e-02 3.485835582407356692e-02 3.879801292540185909e-02 5.255102175515544843e-02 7.808049576982722950e-02 1.109254065679934065e-01 1.332050305330959583e-01 1.265291253039691199e-01 9.635077863194140002e-02 6.423741779626780668e-02 4.277575888645018115e-02 3.236550487054370290e-02 3.016469456648905936e-02 3.476478574830180884e-02 4.597860912201239686e-02 6.141877857513189376e-02 7.229352683724186990e-02 6.797405972480227709e-02 4.974641307257317985e-02 2.993187437725921413e-02 1.662453170847421821e-02 9.763409555364329848e-03 6.753533418651880456e-03 5.735986626297046552e-03 5.748521222344845152e-03 6.102611033353138800e-03 5.972205411266944507e-03 4.768307131542091730e-03 2.915376892029962821e-03 1.388236399707103727e-03 5.636123738166435573e-04 2.225760041618806025e-04 9.700456637576369346e-05 5.033504348836210682e-05 3.104007441859241026e-05 2.100612830866229095e-05 1.369160836568105184e-05 7.497490680076265016e-06 3.134040998913566795e-06
5.997993640784171257e-07 1.608101747180331400e-06 5.010936961248683252e-06 1.657220697473154976e-05 5.099227446215425272e-05 1.287357210302949521e-04 2.474059177653373264e-04 3.629533080093358161e-04 4.404820512294366696e-04 5.039546024838690349e-04 6.227896171015588752e-04 9.139276502917079940e-04 1.626367174419946458e-03 3.307393302138586771e-03 6.828935684646155260e-03 1.250580358315934136e-02 1.830208957248628115e-02 2.064415432633039116e-02 1.877497482435025455e-02 1.538692202846680783e-02 1.305947903601875106e-02 1.292899569382180945e-02 1.581887870962955800e-02 2.337604655526593148e-02 3.792991086541727674e-02 5.911871992716669078e-02 7.810921882058222132e-02 8.138950095709437949e-02 6.730907785739573268e-02 4.800517426744826954e-02 3.366494603028132027e-02 2.653841626856421471e-02 2.573538133651203513e-02 3.117398436291914446e-02 4.422086707181302478e-02 6.505077080751152374e-02 8.663695381039067389e-02 9.430896000691316172e-02 8.119831914392157401e-02 5.803475643018519980e-02 3.854766003644399808e-02 2.732014418940349743e-02 2.318754539957073799e-02 2.483703094084689644e-02 3.262762782173844051e-02 4.758427754010902122e-02 6.727093186541995007e-02 8.142067158477540867e-02 7.871999806533168387e-02 6.139930728703194701e-02 4.208840964845782240e-02 2.892024653350501115e-02 2.271847447194206421e-02 2.222384215664104101e-02 2.733343424524399198e-02 3.942272363863244533e-02 5.886146702023032501e-02 7.939510785714322394e-02 8.751715022653080989e-02 7.655251397820447834e-02 5.594949430178849936e-02 3.830780246611090178e-02 2.818164073863076505e-02 2.490790128803123393e-02 2.772296780131777716e-02 3.755012626150968508e-02 5.579211168107594404e-02 7.926131373133232794e-02 9.518113155802349068e-02 9.041088968848283447e-02 6.884707056469802078e-02 4.590059466782046155e-02 3.056525055976711674e-02 2.312664442698860248e-02 2.155406406537506425e-02 2.484104115777726815e-02 3.285383462008119315e-02 4.388654707931827215e-02 5.165705575195509575e-02 4.857059748649551756e-02 3.554610413924219614e-02 2.138770331329412078e-02 1.187899385858156957e-02 6.976405963235035763e-03 4.825710787570453714e-03 4.098626722336845898e-03 4.107583268727605860e-03 4.360596752903507338e-03 4.267415927659764206e-03 3.407175138806832915e-03 2.083171111413701163e-03 9.919588687105093758e-04 4.027270087719639715e-04 1.590408098628644012e-04 6.931423203004759466e-05 3.596670769167594579e-05 2.217956330164896019e-05 1.500984650556978412e-05 9.783284999668490580e-06 5.357302527685611228e-06 2.239416690435849996e-06
6.288276249903060924e-07 1.685928433711977081e-06 5.253449364954962194e-06 1.737424575096049192e-05 5.346012810826877105e-05 1.349660945894421359e-04 2.593795275457879356e-04 3.805190207371521283e-04 4.617998929542916058e-04 5.283443010476980908e-04 6.529305285148565789e-04 9.581586579854563463e-04 1.705077845862774943e-03 3.467459953526632645e-03 7.159433078735590733e-03 1.311104218637553984e-02 1.918784881659483729e-02 2.164326158448959606e-02 1.968362011551821542e-02 1.613159702151137700e-02 1.369151365881860795e-02 1.355471536410788984e-02 1.658445894531752896e-02 2.450736815901143062e-02 3.976559028574769977e-02 6.197986605302073515e-02 8.188944087372072855e-02 8.532847757288500312e-02 7.056660961017645339e-02 5.032846236545631541e-02 3.529421557519517999e-02 2.782278587241641260e-02 2.698088676523329246e-02 3.268269978668483788e-02 4.636100749874205729e-02 6.819900813587430333e-02 9.082988939924950544e-02 9.887319475166968241e-02 8.512804320646397138e-02 6.084344238836685709e-02 4.041323642764270418e-02 2.864234678109672458e-02 2.430974418482488228e-02 2.603905924832156105e-02 3.420669467320246876e-02 4.988719565983786020e-02 7.052661748118531360e-02 8.536115675353773968e-02 8.252977976847647446e-02 6.437082612896287415e-02 4.412534634731395122e-02 3.031988866767202848e-02 2.381797181053110779e-02 2.329940096384122347e-02 2.865628003069762425e-02 4.133065014902116002e-02 6.171016297532708195e-02 8.323756259122892798e-02 9.175268434541755669e-02 8.025739678119760134e-02 5.865726062457544271e-02 4.016177056201901407e-02 2.954553685002967583e-02 2.611335948065115001e-02 2.906466569362053248e-02 3.936742539130830276e-02 5.849226121723281185e-02 8.309729328217327349e-02 9.978757645647773344e-02 9.478647101172371636e-02 7.217903596356430029e-02 4.812202823015106212e-02 3.204450532598287354e-02 2.424589581111534151e-02 2.259720787791080765e-02 2.604326354619022899e-02 3.444384911563354301e-02 4.601050754916263807e-02 5.415708256444052432e-02 5.092125015624394263e-02 3.726641537521777764e-02 2.242279582800243282e-02 1.245389699077720756e-02 7.314040420115803208e-03 5.059258870840176517e-03 4.296986395590648815e-03 4.306376408538850967e-03 4.571634889746662399e-03 4.473944427665749700e-03 3.572070893662714249e-03 2.183989548657529027e-03 1.039966323501720011e-03 4.222176341160897828e-04 1.667378472404061412e-04 7.266880646406183438e-05 3.770737471725667099e-05 2.325297916200296756e-05 1.573627231844233179e-05 1.025676291003955996e-05 5.616577853521483205e-06 2.347796885337005845e-06
9.040398093931523900e-07 2.423790494075336400e-06 7.552669720296853684e-06 2.497824394608970836e-05 7.685744408235533373e-05 1.940352452376094706e-04 3.728993595766330041e-04 5.470566643489733778e-04 6.639108566685686342e-04 7.595790360203761617e-04 9.386915699745860446e-04 1.377505593121683934e-03 2.451320822296942665e-03 4.985025642779182010e-03 1.029282470846113601e-02 1.884921019380986565e-02 2.758558704714418608e-02 3.111563376018944629e-02 2.829833720755291562e-02 2.319173858934570412e-02 1.968373033645418047e-02 1.948706101188770259e-02 2.384279969259390716e-02 3.523324287723849507e-02 5.716936602918445964e-02 8.910592357269574160e-02 1.177291066370240585e-01 1.226732693271674196e-01 1.014507342969997450e-01 7.235517607010186203e-02 5.074105311733428936e-02 3.999968359735085049e-02 3.878931961501493747e-02 4.698658346325620266e-02 6.665132814908282521e-02 9.804693029653130387e-02 1.305824245570707809e-01 1.421459563561150163e-01 1.223851130197566306e-01 8.747213365578584976e-02 5.810046045221015781e-02 4.117793286348453430e-02 3.494912695603055730e-02 3.743529263682161823e-02 4.917756870622286974e-02 7.172078493875644334e-02 1.013932392455205028e-01 1.227202508513154378e-01 1.186496957290998772e-01 9.254330928130657941e-02 6.343720936536065280e-02 4.358966636105782166e-02 3.424212588633644000e-02 3.349659774672013313e-02 4.119796412771790928e-02 5.941938871307089060e-02 8.871818246645112038e-02 1.196672462035764523e-01 1.319090891851643632e-01 1.153827834608617958e-01 8.432914936805319117e-02 5.773893824136450831e-02 4.247641235979567748e-02 3.754211104810586258e-02 4.178508352609583421e-02 5.659694061247097507e-02 8.409193645494951463e-02 1.194655867433637442e-01 1.434605256105112581e-01 1.362706404442859676e-01 1.037688538503506591e-01 6.918307577449119006e-02 4.606907733648948899e-02 3.485733475526756053e-02 3.248708340871452743e-02 3.744133698425924917e-02 4.951851596809838524e-02 6.614742867803942439e-02 7.785942705618378867e-02 7.320740288091109882e-02 5.357640426992578420e-02 3.223633832359288492e-02 1.790445936900076154e-02 1.051509737250687013e-02 7.273489973242634223e-03 6.177601949492320284e-03 6.191101587832828490e-03 6.572452879126251292e-03 6.432007289254907355e-03 5.135420521475100863e-03 3.139832629515006482e-03 1.495117134665141035e-03 6.070050587784236226e-04 2.397121971862560097e-04 1.044729769077989165e-04 5.421035351719867334e-05 3.342985901703061154e-05 2.262339639983636992e-05 1.474572938223867544e-05 8.074724726378916030e-06 3.375331751283387772e-06
1.116800267505170937e-06 2.994215347637028852e-06 9.330146168748610697e-06 3.085672691728888549e-05 9.494539202710077050e-05 2.397003002912620159e-04 4.606590331539055466e-04 6.758032364697856955e-04 8.201583764599451164e-04 9.383414997933639014e-04 1.159607116368219530e-03 1.701693441930211392e-03 3.028224776871159783e-03 6.158222141913236893e-03 1.271518053558882456e-02 2.328526107809198581e-02 3.407769289962772619e-02 3.843851536836508098e-02 3.495818462304325219e-02 2.864977802014863351e-02 2.431618063369124505e-02 2.407322633897568051e-02 2.945406252921010937e-02 4.352517960109278383e-02 7.062384046710531993e-02 1.100764792084561600e-01 1.454359602522712347e-01 1.515437025857063746e-01 1.253265686137643997e-01 8.938354168796590338e-02 6.268266187633031450e-02 4.941337414292634733e-02 4.791815810796131586e-02 5.804459984582188009e-02 8.233732666754675633e-02 1.211216993383615742e-01 1.613142310344759245e-01 1.755991721093008995e-01 1.511877303841993592e-01 1.080581864327463948e-01 7.177406249262173465e-02 5.086891745189763003e-02 4.317419866694510028e-02 4.624546883505133155e-02 6.075122059417981113e-02 8.859985033076220318e-02 1.252555424396899486e-01 1.516017409355568391e-01 1.465732045789151505e-01 1.143228334497278093e-01 7.836678391029380797e-02 5.384823825973796690e-02 4.230080904896926092e-02 4.137982524150284058e-02 5.089366295648920652e-02 7.340339277127190531e-02 1.095974855107478413e-01 1.478302295796817545e-01 1.629531183889378343e-01 1.425374437007152217e-01 1.041755192572150768e-01 7.132745815331448247e-02 5.247298646939331512e-02 4.637742633189740477e-02 5.161895745608218594e-02 6.991669809143769010e-02 1.038824796785844662e-01 1.475811107502115194e-01 1.772231175149233395e-01 1.683411351137701628e-01 1.281902439855703291e-01 8.546490622315239261e-02 5.691116404226083392e-02 4.306080371099087201e-02 4.013272763471518317e-02 4.625293568414923923e-02 6.117240779114996307e-02 8.171483741628830788e-02 9.618318580739713963e-02 9.043633507206000344e-02 6.618529626563982027e-02 3.982297116688061217e-02 2.211816869686069470e-02 1.298976376531627529e-02 8.985263108342812430e-03 7.631464276296225611e-03 7.648140975212865643e-03 8.119241052559927896e-03 7.945742418198325357e-03 6.344011571774468145e-03 3.878773793067421920e-03 1.846984168834814267e-03 7.498601333449983258e-04 2.961270545392987287e-04 1.290600782680260267e-04 6.696844174395047368e-05 4.129737994385577701e-05 2.794767983521962538e-05 1.821605016453579410e-05 9.975063753557453263e-06 4.169696249640114995e-06
9.040398093931523900e-07 2.423790494075336400e-06 7.552669720296853684e-06 2.497824394608970836e-05 7.685744408235533373e-05 1.940352452376094706e-04 3.728993595766330041e-04 5.470566643489733778e-04 6.639108566685686342e-04 7.595790360203761617e-04 9.386915699745860446e-04 1.377505593121683934e-03 2.451320822296942665e-03 4.985025642779182010e-03 1.029282470846113601e-02 1.884921019380986565e-02 2.758558704714418608e-02 3.111563376018944629e-02 2.829833720755291562e-02 2.319173858934570412e-02 1.968373033645418047e-02 1.948706101188770259e-02 2.384279969259390716e-02 3.523324287723849507e-02 5.716936602918445964e-02 8.910592357269574160e-02 1.177291066370240585e-01 1.226732693271674196e-01 1.014507342969997450e-01 7.235517607010186203e-02 5.074105311733428936e-02 3.999968359735085049e-02 3.878931961501493747e-02 4.698658346325620266e-02 6.665132814908282521e-02 9.804693029653130387e-02 1.305824245570707809e-01 1.421459563561150163e-01 1.223851130197566306e-01 8.747213365578584976e-02 5.810046045221015781e-02 4.117793286348453430e-02 3.494912695603055730e-02 3.743529263682161823e-02 4.917756870622286974e-02 7.172078493875644334e-02 1.013932392455205028e-01 1.227202508513154378e-01 1.186496957290998772e-01 9.254330928130657941e-02 6.343720936536065280e-02 4.358966636105782166e-02 3.424212588633644000e-02 3.349659774672013313e-02 4.119796412771790928e-02 5.941938871307089060e-02 8.871818246645112038e-02 1.196672462035764523e-01 1.319090891851643632e-01 1.153827834608617958e-01 8.432914936805319117e-02 5.773893824136450831e-02 4.247641235979567748e-02 3.754211104810586258e-02 4.178508352609583421e-02 5.659694061247097507e-02 8.409193645494951463e-02 1.194655867433637442e-01 1.434605256105112581e-01 1.362706404442859676e-01 1.037688538503506591e-01 6.918307577449119006e-02 4.606907733648948899e-02 3.485733475526756053e-02 3.248708340871452743e-02 3.744133698425924917e-02 4.951851596809838524e-02 6.614742867803942439e-02 7.785942705618378867e-02 7.320740288091109882e-02 5.357640426992578420e-02 3.223633832359288492e-02 1.790445936900076154e-02 1.051509737250687013e-02 7.273489973242634223e-03 6.177601949492320284e-03 6.191101587832828490e-03 6.572452879126251292e-03 6.432007289254907355e-03 5.135420521475100863e-03 3.139832629515006482e-03 1.495117134665141035e-03 6.070050587784236226e-04 2.397121971862560097e-04 1.044729769077989165e-04 5.421035351719867334e-05 3.342985901703061154e-05 2.262339639983636992e-05 1.474572938223867544e-05 8.074724726378916030e-06 3.375331751283387772e-06
6.288276249903060924e-07 1.685928433711977081e-06 5.253449364954962194e-06 1.737424575096049192e-05 5.346012810826877105e-05 1.349660945894421359e-04 2.593795275457879356e-04 3.805190207371521283e-04 4.617998929542916058e-04 5.283443010476980908e-04 6.529305285148565789e-04 9.581586579854563463e-04 1.705077845862774943e-03 3.467459953526632645e-03 7.159433078735590733e-03 1.311104218637553984e-02 1.918784881659483729e-02 2.164326158448959606e-02 1.968362011551821542e-02 1.613159702151137700e-02 1.369151365881860795e-02 1.355471536410788984e-02 1.658445894531752896e-02 2.450736815901143062e-02 3.976559028574769977e-02 6.197986605302073515e-02 8.188944087372072855e-02 8.532847757288500312e-02 7.056660961017645339e-02 5.032846236545631541e-02 3.529421557519517999e-02 2.782278587241641260e-02 2.698088676523329246e-02 3.268269978668483788e-02 4.636100749874205729e-02 6.819900813587430333e-02 9.082988939924950544e-02 9.887319475166968241e-02 8.512804320646397138e-02 6.084344238836685709e-02 4.041323642764270418e-02 2.864234678109672458e-02 2.430974418482488228e-02 2.603905924832156105e-02 3.420669467320246876e-02 4.988719565983786020e-02 7.052661748118531360e-02 8.536115675353773968e-02 8.252977976847647446e-02 6.437082612896287415e-02 4.412534634731395122e-02 3.031988866767202848e-02 2.381797181053110779e-02 2.329940096384122347e-02 2.865628003069762425e-02 4.133065014902116002e-02 6.171016297532708195e-02 8.323756259122892798e-02 9.175268434541755669e-02 8.025739678119760134e-02 5.865726062457544271e-02 4.016177056201901407e-02 2.954553685002967583e-02 2.611335948065115001e-02 2.906466569362053248e-02 3.936742539130830276e-02 5.849226121723281185e-02 8.309729328217327349e-02 9.978757645647773344e-02 9.478647101172371636e-02 7.217903596356430029e-02 4.812202823015106212e-02 3.204450532598287354e-02 2.424589581111534151e-02 2.259720787791080765e-02 2.604326354619022899e-02 3.444384911563354301e-02 4.601050754916263807e-02 5.415708256444052432e-02 5.092125015624394263e-02 3.726641537521777764e-02 2.242279582800243282e-02 1.245389699077720756e-02 7.314040420115803208e-03 5.059258870840176517e-03 4.296986395590648815e-03 4.306376408538850967e-03 4.571634889746662399e-03 4.473944427665749700e-03 3.572070893662714249e-03 2.183989548657529027e-03 1.039966323501720011e-03 4.222176341160897828e-04 1.667378472404061412e-04 7.266880646406183438e-05 3.770737471725667099e-05 2.325297916200296756e-05 1.573627231844233179e-05 1.025676291003955996e-05 5.616577853521483205e-06 2.347796885337005845e-06
5.997993640784160669e-07 1.608101747180328435e-06 5.010936961248683252e-06 1.657220697473154976e-05 5.099227446215420529e-05 1.287357210302945997e-04 2.474059177653371096e-04 3.629533080093354908e-04 4.404820512294362360e-04 5.039546024838680591e-04 6.227896171015583331e-04 9.139276502917072350e-04 1.626367174419943423e-03 3.307393302138580699e-03 6.828935684646149189e-03 1.250580358315932228e-02 1.830208957248625687e-02 2.064415432633036340e-02 1.877497482435023027e-02 1.538692202846679048e-02 1.305947903601872850e-02 1.292899569382179037e-02 1.581887870962953371e-02 2.337604655526590025e-02 3.792991086541722817e-02 5.911871992716661445e-02 7.810921882058211030e-02 8.138950095709426846e-02 6.730907785739564941e-02 4.800517426744820709e-02 3.366494603028127169e-02 2.653841626856418001e-02 2.573538133651200044e-02 3.117398436291910283e-02 4.422086707181295540e-02 6.505077080751142660e-02 8.663695381039054899e-02 9.430896000691302294e-02 8.119831914392147687e-02 5.803475643018511654e-02 3.854766003644394951e-02 2.732014418940346273e-02 2.318754539957069982e-02 2.483703094084686175e-02 3.262762782173839887e-02 4.758427754010895183e-02 6.727093186541986680e-02 8.142067158477529765e-02 7.871999806533157285e-02 6.139930728703186374e-02 4.208840964845775995e-02 2.892024653350497645e-02 2.271847447194202604e-02 2.222384215664100632e-02 2.733343424524395729e-02 3.942272363863238982e-02 5.886146702023024174e-02 7.939510785714309904e-02 8.751715022653068499e-02 7.655251397820436732e-02 5.594949430178842303e-02 3.830780246611084627e-02 2.818164073863073035e-02 2.490790128803119577e-02 2.772296780131773553e-02 3.755012626150962957e-02 5.579211168107587465e-02 7.926131373133223079e-02 9.518113155802336578e-02 9.041088968848270957e-02 6.884707056469793751e-02 4.590059466782039910e-02 3.056525055976707511e-02 2.312664442698856779e-02 2.155406406537503650e-02 2.484104115777723693e-02 3.285383462008114458e-02 4.388654707931820970e-02 5.165705575195504023e-02 4.857059748649545511e-02 3.554610413924214757e-02 2.138770331329409302e-02 1.187899385858155570e-02 6.976405963235027090e-03 4.825710787570446775e-03 4.098626722336839827e-03 4.107583268727601523e-03 4.360596752903502134e-03 4.267415927659759002e-03 3.407175138806830313e-03 2.083171111413699428e-03 9.919588687105085085e-04 4.027270087719635920e-04 1.590408098628641302e-04 6.931423203004751334e-05 3.596670769167585092e-05 2.217956330164892292e-05 1.500984650556978412e-05 9.783284999668490580e-06 5.357302527685601911e-06 2.239416690435842373e-06
8.394131410077981914e-07 2.250522123735176089e-06 7.012755574518927961e-06 2.319263597663972305e-05 7.136317214869952546e-05 1.801643389802181543e-04 3.462420785564002319e-04 5.079494820462249292e-04 6.164501737146201032e-04 7.052793669534700594e-04 8.715877674887217205e-04 1.279032499082376814e-03 2.276084404339814935e-03 4.628663460759075733e-03 9.557026392644898949e-03 1.750174557569872044e-02 2.561358916852438106e-02 2.889128509354192340e-02 2.627538729365795980e-02 2.153384168754931757e-02 1.827660876965648412e-02 1.809399865253669484e-02 2.213836069211885110e-02 3.271454062551304443e-02 5.308252646550506298e-02 8.273605035022228715e-02 1.093130613977747329e-01 1.139037830565617082e-01 9.419837340012275628e-02 6.718275565093320689e-02 4.711375133342402682e-02 3.714024504109923741e-02 3.601640577913432784e-02 4.362767568453898570e-02 6.188665602183909126e-02 9.103789553430172155e-02 1.212475402288348686e-01 1.319844352723119063e-01 1.136362260434836263e-01 8.121905440419112387e-02 5.394706017971338807e-02 3.823426535646489571e-02 3.245073516545087661e-02 3.475917349028468523e-02 4.566203499658624126e-02 6.659371493983043400e-02 9.414498847032969076e-02 1.139474060346039042e-01 1.101678407706826457e-01 8.592770928442032552e-02 5.890230343494645693e-02 4.047359239653257335e-02 3.179427514848968961e-02 3.110204222812183381e-02 3.825286465513935003e-02 5.517170283671786468e-02 8.237602750995698386e-02 1.111126500932806543e-01 1.224793662070288169e-01 1.071344687222554742e-01 7.830075115505125138e-02 5.361138193701107252e-02 3.943992106012733645e-02 3.485835582407345590e-02 3.879801292540174112e-02 5.255102175515529578e-02 7.808049576982699358e-02 1.109254065679930595e-01 1.332050305330955420e-01 1.265291253039687591e-01 9.635077863194109471e-02 6.423741779626761239e-02 4.277575888645004931e-02 3.236550487054360575e-02 3.016469456648896569e-02 3.476478574830169782e-02 4.597860912201225808e-02 6.141877857513170641e-02 7.229352683724164785e-02 6.797405972480205505e-02 4.974641307257302025e-02 2.993187437725911698e-02 1.662453170847416617e-02 9.763409555364300357e-03 6.753533418651861374e-03 5.735986626297028337e-03 5.748521222344830407e-03 6.102611033353119718e-03 5.972205411266926292e-03 4.768307131542081322e-03 2.915376892029955015e-03 1.388236399707100258e-03 5.636123738166420394e-04 2.225760041618799791e-04 9.700456637576335465e-05 5.033504348836193064e-05 3.104007441859235605e-05 2.100612830866225368e-05 1.369160836568100271e-05 7.497490680076238758e-06 3.134040998913561289e-06
1.134101969478090508e-06 3.040602354423197584e-06 9.474690733316150229e-06 3.133476574707479362e-05 9.641630578343839879e-05 2.434137871869293513e-04 4.677956586854938601e-04 6.862729207364762435e-04 8.328644405727366048e-04 9.528784814279711579e-04 1.177571990945029679e-03 1.728056430584681358e-03 3.075138664806981864e-03 6.253626599883536051e-03 1.291216675645539928e-02 2.364600118467770004e-02 3.460563160418332618e-02 3.903401284140077532e-02 3.549976408846845094e-02 2.909362633870448550e-02 2.469289196040288722e-02 2.444617376723339647e-02 2.991037099062419241e-02 4.419948073414870643e-02 7.171795968922413389e-02 1.117818069137829357e-01 1.476890843906198680e-01 1.538914491383355232e-01 1.272681538752793440e-01 9.076829010231207695e-02 6.365375470842304928e-02 5.017889641022228037e-02 4.866051617752664010e-02 5.894383885649404770e-02 8.361291365359857508e-02 1.229981418906965912e-01 1.638133446455283249e-01 1.783195909979115312e-01 1.535299621414614735e-01 1.097322463267057929e-01 7.288600119353834395e-02 5.165698929880349621e-02 4.384306233038582495e-02 4.696191325457980265e-02 6.169239113630336363e-02 8.997245763564090670e-02 1.271960273489468052e-01 1.539503866303704449e-01 1.488439471428520400e-01 1.160939465579521601e-01 7.958085842231105156e-02 5.468246636412227302e-02 4.295614197883465546e-02 4.202089009871254333e-02 5.168211816589781543e-02 7.454057339567017604e-02 1.112953925461072496e-01 1.501204462363177339e-01 1.654776219836776585e-01 1.447456634179263013e-01 1.057894280639248702e-01 7.243247796693912111e-02 5.328590888707016721e-02 4.709591506440639896e-02 5.241864907869704659e-02 7.099986211682865478e-02 1.054918486552071238e-01 1.498674680061393150e-01 1.799686949034429162e-01 1.709491109840014789e-01 1.301761939014212111e-01 8.678894632203214277e-02 5.779284362977629014e-02 4.372791063619447388e-02 4.075447219647762576e-02 4.696949578165659361e-02 6.212010345291112817e-02 8.298078066941848296e-02 9.767327572236736422e-02 9.183739358043162271e-02 6.721065263803353840e-02 4.043991691703223423e-02 2.246082796558983644e-02 1.319100388667493462e-02 9.124464672823181383e-03 7.749692507760047415e-03 7.766627565564075512e-03 8.245026023270488752e-03 8.068839511987847476e-03 6.442294318225445446e-03 3.938864563226296585e-03 1.875598031642411369e-03 7.614771224575556932e-04 3.007147164452213944e-04 1.310595038374549588e-04 6.800593076894226351e-05 4.193716754137056976e-05 2.838065110269944496e-05 1.849825700155115901e-05 1.012959951545375429e-05 4.234294050990962977e-06
1.020526602193604364e-06 2.736099286389004646e-06 8.525841768316531625e-06 2.819672558465869709e-05 8.676063315762768931e-05 2.190369577431129340e-04 4.209479631702973371e-04 6.175456800405509407e-04 7.494566983396725628e-04 8.574518562934846464e-04 1.059643290550428855e-03 1.554999113805399617e-03 2.767176935874517737e-03 5.627353163228913761e-03 1.161906955596480641e-02 2.127795726831352777e-02 3.114002848794365091e-02 3.512492665306646972e-02 3.194461750256139682e-02 2.618002651612709800e-02 2.222000649754668489e-02 2.199799605567216015e-02 2.691497775236116261e-02 3.977309545904440108e-02 6.453571873398951386e-02 1.005873463470676049e-01 1.328986665490092534e-01 1.384798915110508344e-01 1.145228031845865052e-01 8.167824162025248691e-02 5.727910872013251137e-02 4.515369872685700420e-02 4.378737765396096410e-02 5.304087040440252920e-02 7.523944492370659987e-02 1.106804142819752534e-01 1.474081524450611691e-01 1.604616614759939719e-01 1.381546058607430461e-01 9.874304031620660671e-02 6.558678597458997284e-02 4.648376705748910598e-02 3.945237080434796373e-02 4.225888240742788765e-02 5.551416715774131622e-02 8.096210830509650846e-02 1.144578998153771010e-01 1.385329266702401696e-01 1.339378748320861345e-01 1.044676440078445151e-01 7.161118244309699898e-02 4.920625578652759041e-02 3.865427165881751143e-02 3.781268117656533950e-02 4.650637937811186173e-02 6.707565998501308080e-02 1.001496442574303924e-01 1.350865381071858773e-01 1.489057596644463577e-01 1.302500163527039456e-01 9.519507811080243909e-02 6.517868112166376460e-02 4.794955745147404941e-02 4.237946452028063665e-02 4.716914993144707968e-02 6.388953550239043211e-02 9.492729998234962496e-02 1.348588945437135811e-01 1.619456148158781028e-01 1.538293028984024646e-01 1.171396156818677592e-01 7.809741176866673296e-02 5.200514233102312978e-02 3.934875105024065317e-02 3.667308950535105166e-02 4.226570557747958562e-02 5.589904595076990168e-02 7.467061730163952749e-02 8.789172303786571550e-02 8.264027904658796664e-02 6.047979883102733850e-02 3.639003556560507086e-02 2.021147397947556726e-02 1.186998236339015071e-02 8.210689320711643188e-03 6.973594593640607651e-03 6.988833679246504380e-03 7.419322617346543573e-03 7.260780416953081969e-03 5.797126632215739497e-03 3.544404451620851524e-03 1.687765066834244878e-03 6.852185088677629479e-04 2.705994487820899430e-04 1.179344659792525929e-04 6.119543332473049437e-05 3.773734306829060799e-05 2.553845264126359410e-05 1.664573721971807318e-05 9.115164291483659781e-06 3.810247964329871359e-06
7.101010331792606805e-07 1.903827813963525047e-06 5.932436288668072326e-06 1.961979621785480099e-05 6.036963182742255933e-05 1.524099123565225494e-04 2.929032745637602476e-04 4.296995536320115665e-04 5.214856473806633169e-04 5.966306490655985889e-04 7.373191387700696060e-04 1.081996760233960419e-03 1.925452209604964484e-03 3.915615023345921444e-03 8.084760630969894252e-03 1.480559096421007331e-02 2.166780008966927643e-02 2.444056495252097672e-02 2.222764780881414035e-02 1.821654020365805551e-02 1.546108600916656917e-02 1.530660709228892982e-02 1.872793268579854564e-02 2.767484563116454077e-02 4.490513079371783595e-02 6.999051118538365812e-02 9.247331742430614510e-02 9.635683560348221044e-02 7.968705635811783317e-02 5.683321104823448044e-02 3.985584912174308658e-02 3.141876757439342194e-02 3.046805643816964670e-02 3.690680555894837456e-02 5.235297880654610908e-02 7.701345204074289130e-02 1.025692824913018164e-01 1.116521522857354121e-01 9.613049591192937560e-02 6.870720939276199479e-02 4.563648256043019436e-02 3.234425339098138258e-02 2.745167956359074318e-02 2.940450155244720559e-02 3.862777057458801483e-02 5.633491241898434809e-02 7.964189540941413181e-02 9.639373843507346995e-02 9.319641751196203194e-02 7.269049310847912337e-02 4.982836756114748800e-02 3.423861073076424344e-02 2.689634761378906572e-02 2.631075359823225115e-02 3.235998745631812196e-02 4.667246826702781126e-02 6.968595008388171752e-02 9.399567838048827895e-02 1.036113449240657347e-01 9.063033828306273076e-02 6.623847254423395614e-02 4.535251575634546145e-02 3.336417709601331022e-02 2.948840478704748205e-02 3.282115530208765813e-02 4.445550470911081853e-02 6.605214763583035220e-02 9.383727983480526225e-02 1.126847140999757274e-01 1.070372361549458695e-01 8.150788224738093890e-02 5.434160429169860446e-02 3.618612706470962503e-02 2.737957904774801846e-02 2.551780491723527888e-02 2.940924923868376561e-02 3.889557626234856069e-02 5.195717816669753047e-02 6.115666480711089148e-02 5.750261424549513861e-02 4.208294770961692327e-02 2.532085082056885830e-02 1.406351242980986849e-02 8.259350341230913689e-03 5.713147464474602893e-03 4.852354377899966223e-03 4.862958011759384823e-03 5.162500070790482405e-03 5.052183514553808437e-03 4.033746501226885897e-03 2.466261298520922365e-03 1.174377733169075684e-03 4.767875428770494131e-04 1.882880345743771582e-04 8.206095358935541176e-05 4.258089924979730889e-05 2.625833196766555046e-05 1.777012139358282930e-05 1.158240772199868213e-05 6.342497654709179192e-06 2.651240065985590266e-06
6.168420491143333853e-07 1.653794312435065198e-06 5.153317606310910202e-06 1.704308927427239498e-05 5.244116775042705579e-05 1.323936147824196789e-04 2.544357036987966746e-04 3.732662547738783997e-04 4.529978978819452400e-04 5.182739567161454095e-04 6.404855466466144670e-04 9.398959690702191972e-04 1.672578733095037668e-03 3.401369497703336884e-03 7.022972902712855577e-03 1.286114319229062115e-02 1.882212471550824898e-02 2.123073684223065680e-02 1.930844651780610696e-02 1.582412566939810777e-02 1.343055076645645850e-02 1.329635987364063271e-02 1.626835595754862196e-02 2.404025299276095484e-02 3.900765046141185105e-02 6.079851784591457087e-02 8.032861232861965295e-02 8.370210032467353956e-02 6.922159641390351892e-02 4.936919216098410029e-02 3.462150101567503663e-02 2.729247820477867167e-02 2.646662585703810425e-02 3.205976122203288425e-02 4.547735774962154837e-02 6.689912188057306475e-02 8.909865418003067028e-02 9.698865258033256831e-02 8.350548627595394402e-02 5.968375463560249977e-02 3.964295234286729225e-02 2.809641812439042652e-02 2.384639576965751767e-02 2.554274975434135328e-02 3.355470847193112865e-02 4.893633608392512074e-02 6.918236654260814800e-02 8.373415663383701468e-02 8.095674624047639878e-02 6.314390576143029399e-02 4.328430873115090421e-02 2.974198573889557870e-02 2.336399667171415798e-02 2.285530988542981007e-02 2.811008580356526981e-02 4.054287998168473045e-02 6.053395536092583823e-02 8.165103858604770559e-02 9.000386047645481113e-02 7.872767531143243236e-02 5.753924191809223210e-02 3.939627946516729290e-02 2.898239321632267718e-02 2.561563380990517294e-02 2.851068755694747062e-02 3.861707466669358352e-02 5.737738743129316976e-02 8.151344283709012484e-02 9.788560599340050128e-02 9.297982258347720075e-02 7.080328960984896836e-02 4.720481308606912230e-02 3.143373087090305801e-02 2.378376435827158838e-02 2.216650073521807263e-02 2.554687391748134556e-02 3.378734270492622649e-02 4.513353839671641748e-02 5.312483812017419760e-02 4.995068130209019686e-02 3.655611030693760310e-02 2.199541301263690379e-02 1.221652331092843748e-02 7.174633398332079699e-03 4.962828420486506582e-03 4.215085005709487062e-03 4.224296043198922518e-03 4.484498646568499218e-03 4.388670183545982997e-03 3.503986533133847565e-03 2.142362286419853632e-03 1.020144364695475597e-03 4.141700845353119107e-04 1.635597916969222640e-04 7.128372499009699725e-05 3.698866487882618184e-05 2.280977289209252485e-05 1.543633593145461605e-05 1.006126702974641079e-05 5.509524795813137006e-06 2.303047423652632945e-06
8.149618014189890377e-07 2.184966465846011053e-06 6.808480397458919117e-06 2.251705563303974474e-05 6.928442799865276377e-05 1.749163160234782233e-04 3.361563624422201691e-04 4.931533766808033833e-04 5.984935421100939746e-04 6.847352219265602545e-04 8.461992103609054057e-04 1.241775448349723317e-03 2.209784140519207608e-03 4.493834713635292723e-03 9.278638926009349572e-03 1.699193568166427332e-02 2.486748866538494168e-02 2.804970829605326135e-02 2.551000921442832248e-02 2.090658050943417987e-02 1.774422781714707353e-02 1.756693696627166859e-02 2.149349042647993174e-02 3.176159587965658726e-02 5.153628085957899507e-02 8.032602462567726975e-02 1.061288715690092421e-01 1.105858696907761340e-01 9.145446065418413872e-02 6.522578322260001726e-02 4.574137070596198673e-02 3.605838356008747581e-02 3.496728071133210075e-02 4.235684126282352607e-02 6.008395414777869398e-02 8.838604462750387913e-02 1.177157099111876687e-01 1.281398489897982995e-01 1.103261063695841482e-01 7.885321738866096775e-02 5.237563149480108787e-02 3.712053606097510949e-02 3.150547483216105393e-02 3.374667045296409623e-02 4.433194154263213338e-02 6.465390073044234576e-02 9.140263077873027331e-02 1.106282219712346609e-01 1.069587519980009643e-01 8.342471344463735228e-02 5.718653303120737469e-02 3.929463354573541067e-02 3.086813689706520772e-02 3.019606809062835157e-02 3.713859357903428332e-02 5.356460142759087578e-02 7.997648892255217190e-02 1.078760398863195524e-01 1.189116539215689938e-01 1.040137393121234877e-01 7.601992165284424119e-02 5.204973125330450423e-02 3.829107211306520542e-02 3.384296369578417701e-02 3.766786217714091639e-02 5.102025839692218845e-02 7.580608210620681797e-02 1.076942505942324463e-01 1.293248894233295643e-01 1.228434472277741690e-01 9.354416828373153525e-02 6.236624037467178999e-02 4.152974002445583568e-02 3.142272721804852120e-02 2.928602451189303221e-02 3.375211923102120620e-02 4.463929415237335302e-02 5.962970554457695804e-02 7.018768230322865176e-02 6.599403733014960749e-02 4.829734540858315883e-02 2.905998616253663638e-02 1.614027425472408170e-02 9.479010335337554119e-03 6.556809146685432278e-03 5.568902564796563391e-03 5.581072039488028588e-03 5.924847537089804501e-03 5.798240511897255998e-03 4.629410691587510819e-03 2.830454620821762097e-03 1.347798338899489079e-03 5.471948591562225987e-04 2.160925680608584746e-04 9.417891178656904929e-05 4.886882955695549769e-05 3.013590534690060299e-05 2.039423894021073134e-05 1.329278429525447783e-05 7.279095611275712367e-06 3.042749241605976587e-06
1.169783878050230717e-06 3.136267910197420723e-06 9.772790073229201759e-06 3.232064204092430037e-05 9.944982296303680428e-05 2.510722418350593813e-04 4.825137725525754126e-04 7.078649188744599169e-04 8.590686035327739370e-04 9.828586099964098030e-04 1.214621583705503783e-03 1.782425749414095475e-03 3.171890826109366370e-03 6.450382569440695282e-03 1.331841836880740503e-02 2.438996819564820395e-02 3.569441816501600639e-02 4.026212822687318810e-02 3.661668247026105688e-02 3.000899033858131504e-02 2.546979698043234583e-02 2.521531636708487789e-02 3.085143198140739146e-02 4.559011567962697326e-02 7.397440024702420236e-02 1.152987642259739598e-01 1.523357815555620443e-01 1.587332894366247915e-01 1.312723534560389094e-01 9.362410546622566831e-02 6.565647361457627174e-02 5.175765990957887502e-02 5.019150733709466794e-02 6.079837109924843275e-02 8.624360156414945244e-02 1.268679953708970187e-01 1.689673545527927701e-01 1.839300065635744164e-01 1.583604290832805184e-01 1.131847189316576435e-01 7.517919148926947848e-02 5.328225758937895490e-02 4.522248339101178627e-02 4.843946178215517706e-02 6.363340025132616096e-02 9.280323396243195244e-02 1.311979576345393694e-01 1.587940812612143038e-01 1.535269794066191074e-01 1.197465754205632449e-01 8.208468699393772772e-02 5.640292432805796979e-02 4.430765813165998129e-02 4.334298070341559284e-02 5.330817707844758696e-02 7.688582099809097847e-02 1.147970459495998435e-01 1.548436406064661597e-01 1.706839945474022402e-01 1.492997526156278343e-01 1.091178489658064382e-01 7.471139919803376772e-02 5.496242738387412813e-02 4.857767965055095200e-02 5.406788124144684682e-02 7.323370938706405542e-02 1.088109069058099260e-01 1.545827029984514212e-01 1.856309957284271450e-01 1.763276313576384591e-01 1.342718882693599847e-01 8.951956079152315060e-02 5.961116245649577400e-02 4.510370871376014751e-02 4.203671787628165957e-02 4.844728287599683880e-02 6.407456955168591706e-02 8.559157997034341769e-02 1.007463405684418112e-01 9.472684582496712635e-02 6.932528115208842767e-02 4.171226583885144501e-02 2.316750622864898607e-02 1.360602846764421246e-02 9.411544955714520530e-03 7.993518748227070383e-03 8.010986628652424710e-03 8.504436792896996958e-03 8.322706978493094737e-03 6.644986283361098769e-03 4.062791872238697560e-03 1.934609407413100763e-03 7.854352477360181323e-04 3.101760129664090401e-04 1.351829895197788811e-04 7.014558087922074137e-05 4.325662400847674066e-05 2.927358297753817080e-05 1.908026208825165497e-05 1.044830405306175269e-05 4.367516368966961996e-06
1.172734011861171659e-06 3.144177413974703703e-06 9.797436539096296721e-06 3.240215301116881143e-05 9.970063021959112409e-05 2.517054329086621683e-04 4.837306470721868261e-04 7.096501172088998501e-04 8.612351296584580323e-04 9.853373280494879399e-04 1.217684795867017382e-03 1.786920934009733706e-03 3.179890169019026526e-03 6.466650097202597536e-03 1.335200672395174711e-02 2.445147842088885720e-02 3.578443762234173597e-02 4.036366721027967452e-02 3.670902782996975783e-02 3.008467144403268595e-02 2.553403047743950036e-02 2.527890807728358849e-02 3.092923768065842030e-02 4.570509156896416375e-02 7.416095981876025256e-02 1.155895416841738882e-01 1.527199644360203723e-01 1.591336064976439924e-01 1.316034154715437221e-01 9.386022056768808519e-02 6.582205581001591976e-02 5.188819002316609474e-02 5.031808769573665324e-02 6.095170141401473618e-02 8.646110342045448816e-02 1.271879498254700480e-01 1.693934813912325310e-01 1.843938684284807117e-01 1.587598058099732035e-01 1.134701648780991334e-01 7.536878948155957547e-02 5.341663265864359661e-02 4.533653213092850298e-02 4.856162357346441305e-02 6.379388036146362018e-02 9.303727886885816700e-02 1.315288320276700729e-01 1.591945516360383783e-01 1.539141664258092956e-01 1.200485700261662431e-01 8.229170028502946765e-02 5.654516955576058962e-02 4.441939973007869719e-02 4.345228943577151420e-02 5.344261751530917509e-02 7.707972302081882165e-02 1.150865581005250798e-01 1.552341481763974684e-01 1.711144506622017392e-01 1.496762787897537028e-01 1.093930384787168697e-01 7.489981744261083041e-02 5.510103975355969824e-02 4.870019002010141790e-02 5.420423761250758865e-02 7.341840097515762997e-02 1.090853223268848926e-01 1.549725524973711577e-01 1.860991473991183975e-01 1.767723204295533479e-01 1.346105149549170210e-01 8.974532444580754498e-02 5.976149869310512508e-02 4.521745791014764038e-02 4.214273228204905991e-02 4.856946439169605029e-02 6.423616226774465920e-02 8.580743746226165980e-02 1.010004175746447574e-01 9.496574197998830513e-02 6.950011588841648047e-02 4.181746199353535143e-02 2.322593346869116296e-02 1.364034216042814447e-02 9.435280380272874703e-03 8.013677984792069373e-03 8.031189918299031644e-03 8.525884538071558730e-03 8.343696410572405339e-03 6.661744591520090547e-03 4.073038021030798810e-03 1.939488391241536627e-03 7.874160743862475796e-04 3.109582606622141574e-04 1.355239139550779839e-04 7.032248436859407051e-05 4.336571495376081520e-05 2.934740942405520103e-05 1.912838151215921293e-05 1.047465412988558967e-05 4.378531017015799550e-06
8.340506173626767395e-07 2.236144843331977838e-06 6.967955146995653938e-06 2.304447167858254960e-05 7.090727423700058448e-05 1.790133735251995151e-04 3.440301387588353115e-04 5.047044874482984386e-04 6.125120311348959375e-04 7.007737461847007463e-04 8.660196988183360874e-04 1.270861502365587146e-03 2.261543821353579307e-03 4.599093614826212789e-03 9.495972094702822067e-03 1.738993707533634941e-02 2.544995880483043316e-02 2.870671543185423710e-02 2.610752908562734981e-02 2.139627446399942207e-02 1.815985011781763234e-02 1.797840659081070130e-02 2.199693154730805733e-02 3.250554640196192530e-02 5.274341299514385961e-02 8.220749771668335593e-02 1.086147236570024349e-01 1.131761178580206750e-01 9.359659463349122299e-02 6.675356399533215190e-02 4.681276890511412020e-02 3.690297755922575945e-02 3.578631785440760521e-02 4.334896377140516621e-02 6.149129807469514569e-02 9.045630722747763364e-02 1.204729600255644018e-01 1.311412632746877249e-01 1.129102701114991364e-01 8.070019297779766621e-02 5.360242370493639719e-02 3.799000881339760494e-02 3.224342624196021440e-02 3.453711729337707176e-02 4.537032674186498860e-02 6.616828632365169549e-02 9.354355074904797951e-02 1.132194621541602469e-01 1.094640423403229895e-01 8.537876699331507779e-02 5.852601078536667084e-02 4.021503009195778744e-02 3.159115996725900266e-02 3.090334932148045000e-02 3.800848929194160924e-02 5.481924283037557105e-02 8.184977485350844462e-02 1.104028158242081475e-01 1.216969165821207427e-01 1.064500487463653222e-01 7.780053307531584195e-02 5.326888991581207183e-02 3.918796228212599597e-02 3.463566600876730184e-02 3.855015492612581113e-02 5.221530376008211988e-02 7.758168477398570684e-02 1.102167684891905419e-01 1.323540608603727686e-01 1.257208041173070723e-01 9.573524939681483936e-02 6.382704219573753779e-02 4.250248937557352807e-02 3.215874043396813042e-02 2.997198983033675518e-02 3.454269369793307870e-02 4.568487845883668907e-02 6.102640962559622434e-02 7.183168542910220444e-02 6.753981288647953329e-02 4.942861209552222579e-02 2.974065699424544018e-02 1.651832721866990095e-02 9.701036795110903888e-03 6.710389011117159908e-03 5.699342734977103087e-03 5.711797254761617412e-03 6.063624991361889378e-03 5.934052455151683260e-03 4.737845183198755722e-03 2.896752240169994837e-03 1.379367762614396812e-03 5.600117812911954924e-04 2.211540951794673253e-04 9.638486046998023891e-05 5.001348209302759800e-05 3.084177738834077129e-05 2.087193233978283855e-05 1.360414062183253829e-05 7.449593561140629961e-06 3.114019428913750262e-06
6.615630789639582731e-07 1.773694349920735821e-06 5.526932976448736617e-06 1.827871272967545956e-05 5.624315082159309911e-05 1.419921478381433303e-04 2.728822844989574944e-04 4.003280469224004606e-04 4.858402317372383637e-04 5.558488028568470390e-04 6.869207293501325244e-04 1.008038398317194061e-03 1.793840640508757465e-03 3.647968683110362677e-03 7.532138225126080826e-03 1.379357568360433696e-02 2.018672818643602387e-02 2.276996461928343374e-02 2.070830830464848518e-02 1.697137430042360354e-02 1.440426528962490162e-02 1.426034556115045142e-02 1.744781127098983184e-02 2.578317060550388076e-02 4.183570393661392023e-02 6.520640854549326904e-02 8.615243428577247509e-02 8.977050005920957088e-02 7.424016005415742803e-02 5.294845709510023063e-02 3.713155878910977953e-02 2.927118204674052440e-02 2.838545542884001599e-02 3.438409293813586565e-02 4.877446480696801673e-02 7.174930618760999579e-02 9.555830390538209984e-02 1.040203269503722355e-01 8.955963149792184330e-02 6.401082503624856701e-02 4.251706518520377565e-02 3.013340758613759426e-02 2.557525873960588697e-02 2.739459833672243036e-02 3.598742381830430381e-02 5.248421896558463917e-02 7.419808601838313866e-02 8.980488044981500828e-02 8.682610788718514439e-02 6.772183701373933606e-02 4.642241980118175237e-02 3.189827880277804756e-02 2.505788572169462269e-02 2.451231915883505391e-02 3.014806617163800703e-02 4.348223755053723383e-02 6.492266528836804218e-02 8.757073640674983839e-02 9.652913763083864618e-02 8.443542938340169168e-02 6.171083521177003067e-02 4.225250853135303908e-02 3.108361584535992983e-02 2.747276648410376318e-02 3.057771153998864802e-02 4.141681140862622790e-02 6.153724627958769705e-02 8.742316497016663912e-02 1.049823094586796041e-01 9.972085690034791783e-02 7.593652595883017276e-02 5.062716060290775588e-02 3.371267540553900960e-02 2.550808655279431306e-02 2.377357136612717400e-02 2.739902150156497268e-02 3.623692402613486185e-02 4.840571856140660212e-02 5.697638727240857820e-02 5.357210418129772916e-02 3.920642719530482295e-02 2.359007978884861481e-02 1.310222088039716612e-02 7.694794102077256830e-03 5.322633330430332627e-03 4.520678540763878317e-03 4.530557378191892894e-03 4.809624662412825304e-03 4.706848638728022317e-03 3.758025450496826382e-03 2.297683487199301752e-03 1.094104800191041940e-03 4.441974031007689264e-04 1.754178716335590355e-04 7.645179288957259210e-05 3.967034196053429573e-05 2.446348073486215191e-05 1.655546981824232398e-05 1.079070858420655035e-05 5.908965176384757492e-06 2.470018292007269591e-06
7.991523065510010795e-07 2.142580164956355332e-06 6.676402261140119351e-06 2.208024586495866033e-05 6.794037505412323270e-05 1.715231034880121636e-04 3.296352441792309231e-04 4.835866635364674039e-04 5.868833285196660724e-04 6.714520006048612212e-04 8.297837390465387635e-04 1.217686168896750694e-03 2.166916400009071073e-03 4.406658533452232837e-03 9.098642030170476028e-03 1.666230806048160998e-02 2.438508270015974158e-02 2.750557025353037727e-02 2.501513895295637627e-02 2.050101244882618357e-02 1.740000643385870849e-02 1.722615485926861853e-02 2.107653686374735130e-02 3.114545069814712505e-02 5.053652532950859283e-02 7.876777505879634100e-02 1.040700709632700061e-01 1.084406075001994180e-01 8.968032986198064271e-02 6.396046418148322588e-02 4.485403099976768143e-02 3.535888472609475391e-02 3.428894824962555599e-02 4.153515825461027294e-02 5.891838176991524151e-02 8.667143822937896369e-02 1.154321355050225290e-01 1.256540560588144950e-01 1.081858833438935907e-01 7.732353890132587226e-02 5.135959334935302767e-02 3.640043246430201690e-02 3.089429815884291511e-02 3.309201668586861378e-02 4.347194344077518618e-02 6.339967567349649724e-02 8.962950543751671550e-02 1.084821381861250517e-01 1.048838524900060076e-01 8.180635221989035477e-02 5.607716790648521049e-02 3.853235449621535830e-02 3.026932398214227798e-02 2.961029268044220938e-02 3.641813968344093794e-02 5.252549838018311101e-02 7.842502002059949240e-02 1.057833458533081056e-01 1.166048793228775249e-01 1.019959702890941844e-01 7.454520644638550075e-02 5.104001526698886265e-02 3.754826121443501780e-02 3.318644193005914483e-02 3.693714096696793653e-02 5.003051321882279884e-02 7.433551518646439038e-02 1.056050831030482529e-01 1.268161078189875279e-01 1.204603995252535309e-01 9.172949912275124573e-02 6.115639378379796043e-02 4.072410200480586218e-02 3.081315577086291002e-02 2.871790309390949078e-02 3.309735976273999597e-02 4.377333369805044838e-02 5.847294516372809198e-02 6.882610707204984968e-02 6.471381487963441537e-02 4.736042218955004851e-02 2.849624967660499553e-02 1.582716806673624410e-02 9.295126422018908444e-03 6.429613196673515836e-03 5.460871076246807433e-03 5.472804474538927634e-03 5.809911049799053838e-03 5.685760082192945798e-03 4.539604464543451484e-03 2.775546454912582259e-03 1.321652314773186449e-03 5.365797919192578447e-04 2.119005748412741642e-04 9.235192919674691415e-05 4.792082008124736478e-05 2.955129703753635442e-05 1.999860982569221630e-05 1.303491674277387586e-05 7.137887981041147387e-06 2.983722759093556895e-06
1.171037289941136980e-06 3.139628390338643183e-06 9.783261521429989144e-06 3.235527329017980427e-05 9.955638246773603720e-05 2.513412632665368578e-04 4.830307813021326524e-04 7.086233891552700965e-04 8.599890870707804042e-04 9.839117333057347849e-04 1.215923038755904349e-03 1.784335601029333465e-03 3.175289475853735298e-03 6.457294090761119681e-03 1.333268892276593016e-02 2.441610180607734285e-02 3.573266438212201190e-02 4.030526870027147102e-02 3.665591688447631530e-02 3.004114467583134454e-02 2.549708761675693880e-02 2.524233432994153412e-02 3.088448898657097930e-02 4.563896503904529139e-02 7.405366308747882154e-02 1.154223057149612319e-01 1.524990078434217133e-01 1.589033705910976590e-01 1.314130104883817207e-01 9.372442277207056194e-02 6.572682387866149445e-02 5.181311773182573077e-02 5.024528704230284137e-02 6.086351595439086493e-02 8.633601073283728167e-02 1.270039331769799162e-01 1.691484014071265862e-01 1.841270857520015403e-01 1.585301107215612570e-01 1.133059952419571831e-01 7.525974525166054252e-02 5.333934900300672799e-02 4.527093883605783076e-02 4.849136418782693664e-02 6.370158281225078711e-02 9.290267171255460477e-02 1.313385349524930357e-01 1.589642275535277927e-01 1.536914820512306212e-01 1.198748826953887625e-01 8.217263992667175887e-02 5.646335950532550829e-02 4.435513335046107480e-02 4.338942227986433003e-02 5.336529626455231018e-02 7.696820339717286297e-02 1.149200498524010766e-01 1.550095540405706240e-01 1.708668807645636889e-01 1.494597258284145191e-01 1.092347676650381461e-01 7.479145172559734100e-02 5.502131908286970324e-02 4.862973015530583365e-02 5.412581444307131007e-02 7.331217858456565151e-02 1.089274967196508653e-01 1.547483368404818371e-01 1.858298975099720862e-01 1.765165646759941365e-01 1.344157592736789086e-01 8.961548011822118021e-02 5.967503522928371829e-02 4.515203689291065470e-02 4.208175980499129221e-02 4.849919366189354292e-02 6.414322482116581459e-02 8.568329050432266225e-02 1.008542892789713596e-01 9.482834470623308087e-02 6.939956250727453979e-02 4.175696012040214927e-02 2.319232998313432506e-02 1.362060719298771941e-02 9.421629333333876935e-03 8.002083724747274460e-03 8.019570321834264270e-03 8.513549213064255938e-03 8.331624676956136261e-03 6.652106320642139220e-03 4.067145113669436152e-03 1.936682322317305775e-03 7.862768338593364298e-04 3.105083635058725677e-04 1.353278367601037523e-04 7.022074117747603066e-05 4.330297305457829157e-05 2.930494933305215406e-05 1.910070640094203729e-05 1.045949930783115754e-05 4.372196119691279939e-06
1.291559041711609976e-06 3.462755174397709004e-06 1.079014305007086821e-05 3.568523916696324683e-05 1.098026058100739436e-04 2.772090042866453066e-04 5.327437293198005342e-04 7.815540574953162931e-04 9.484981312895791276e-04 1.085174747476267678e-03 1.341064377898321678e-03 1.967977278565738713e-03 3.502086456014356225e-03 7.121871045056724948e-03 1.470487325761603639e-02 2.692897768659060012e-02 3.941022729472256486e-02 4.445343855879113626e-02 4.042849983603380437e-02 3.313294321429075678e-02 2.812121725892341093e-02 2.784024506972120755e-02 3.406308350885521585e-02 5.033607252037381602e-02 8.167517717331304605e-02 1.273014308270690453e-01 1.681940226191445120e-01 1.752575146908424975e-01 1.449378797351054404e-01 1.033704278251925956e-01 7.249134967148568309e-02 5.714566159474865348e-02 5.541647165321567786e-02 6.712751593521311400e-02 9.522160929043668731e-02 1.400750254809657036e-01 1.865569517768480290e-01 2.030772243290054901e-01 1.748458393637211672e-01 1.249673122213201537e-01 8.300538786564232163e-02 5.882897075575402313e-02 4.993016950247834707e-02 5.348203716456086804e-02 7.025767322630611933e-02 1.024641031333398816e-01 1.448557392664887866e-01 1.753246349787725977e-01 1.695092248405707658e-01 1.322122616839388753e-01 9.062974936002272941e-02 6.227450066784986915e-02 4.892011041594742510e-02 4.785500952153191184e-02 5.885758847830199064e-02 8.488967847207827544e-02 1.267474833942124346e-01 1.709629512163930443e-01 1.884522949663071933e-01 1.648419413485376073e-01 1.204770787906667556e-01 8.248889813217506750e-02 6.068404717662925080e-02 5.363464359127126380e-02 5.969637827457024287e-02 8.085737997568949453e-02 1.201381838885324793e-01 1.706748498557248139e-01 2.049552874284736592e-01 1.946834375621056545e-01 1.482496678198675366e-01 9.883859772717715209e-02 6.581671820093323855e-02 4.979903031411266751e-02 4.641276399490640303e-02 5.349067243869725513e-02 7.074476850048187770e-02 9.450171187975002496e-02 1.112340916318741157e-01 1.045879640792968801e-01 7.654208214975471991e-02 4.605453631677905446e-02 2.557925673706097636e-02 1.502242373049432651e-02 1.039129211140182515e-02 8.825648573283415704e-03 8.844934869945758268e-03 9.389753475521369491e-03 9.189105484600902304e-03 7.336733115718437233e-03 4.485730805188110036e-03 2.136003341480004029e-03 8.671995014867980812e-04 3.424655114383624399e-04 1.492556152260281557e-04 7.744777554267193121e-05 4.775966304578241703e-05 3.232097953081127575e-05 2.106652816876189801e-05 1.153597841746329072e-05 4.822177294463036678e-06
9.515268383025374733e-07 2.551106357897427700e-06 7.949393229178087375e-06 2.629029080514323506e-05 8.089458009242792512e-05 2.042274482847552316e-04 3.924868627866886063e-04 5.757922303772543748e-04 6.987844913429508463e-04 7.994778892209614476e-04 9.879987722208026252e-04 1.449862636742712272e-03 2.580082787804555567e-03 5.246877006350857825e-03 1.083348194436097381e-02 1.983931370484147763e-02 2.903459134538343214e-02 3.275006289102138507e-02 2.978478055119794174e-02 2.440994463448702481e-02 2.071766917611564049e-02 2.051066928667333311e-02 2.509520440588068613e-02 3.708396007541796269e-02 6.017233482453143711e-02 9.378644264356980620e-02 1.239131324202482898e-01 1.291170000417011798e-01 1.067796964758597200e-01 7.615581880959686190e-02 5.340635815284251048e-02 4.210077042076039444e-02 4.082682894015187552e-02 4.945467527081786469e-02 7.015236152590829943e-02 1.031970988677506917e-01 1.374416041037785641e-01 1.496125403148081678e-01 1.288137075790478092e-01 9.206683368615965757e-02 6.115233739001300906e-02 4.334091027664688234e-02 3.678492023070152606e-02 3.940167819330425703e-02 5.176074767973869173e-02 7.548810464349006710e-02 1.067191813481146306e-01 1.291664493919031376e-01 1.248820778351041744e-01 9.740438592588646083e-02 6.676941284109662311e-02 4.587932631312059695e-02 3.604078210145902905e-02 3.525609316831253975e-02 4.336199373483660968e-02 6.254054576863199433e-02 9.337833443298941549e-02 1.259530777797215340e-01 1.388379552223262259e-01 1.214435625514741490e-01 8.875875602069897841e-02 6.077182529011664058e-02 4.470759576647611450e-02 3.951410751788236864e-02 4.397995309795319635e-02 5.956984128246603505e-02 8.850908288588249517e-02 1.257408256348532538e-01 1.509961607188753663e-01 1.434286082406620033e-01 1.092195812535974586e-01 7.281709574264799700e-02 4.848897476199671985e-02 3.668830640721128938e-02 3.419355147901640551e-02 3.940804003572222908e-02 5.211960407826177893e-02 6.962199343202303548e-02 8.194919481316671750e-02 7.705281103757218031e-02 5.639064345717422627e-02 3.392963535985140527e-02 1.884493739975624804e-02 1.106743005490102780e-02 7.655548843928140779e-03 6.502096467674131804e-03 6.516305209429648984e-03 6.917687963503939448e-03 6.769865105820801685e-03 5.405171764983757177e-03 3.304760458244690360e-03 1.573652028658823832e-03 6.388895692555706480e-04 2.523037002588442916e-04 1.099606901955581880e-04 5.705789252810486233e-05 3.518584881425423835e-05 2.381174880169422027e-05 1.552028695170497204e-05 8.498870524531641364e-06 3.552629780403984435e-06
6.914454212247154855e-07 1.853810885011096061e-06 5.776580679148760793e-06 1.910434941836369784e-05 5.878361466565493187e-05 1.484058339928850327e-04 2.852081867168765089e-04 4.184105852246431333e-04 5.077852957083919816e-04 5.809561050935624187e-04 7.179484589698018797e-04 1.053570788785042041e-03 1.874867169475404527e-03 3.812744880893254463e-03 7.872359648532941540e-03 1.441662186420833089e-02 2.109854860080470976e-02 2.379846801926807989e-02 2.164368812870074224e-02 1.773795942526895306e-02 1.505489589324532709e-02 1.490447541114495351e-02 1.823591672106621153e-02 2.694777841555236544e-02 4.372539346661516446e-02 6.815173648127020867e-02 9.004387957615429816e-02 9.382537085382762487e-02 7.759353623667641919e-02 5.534010192445287801e-02 3.880876536803379989e-02 3.059334089766585843e-02 2.966760662700000314e-02 3.593719840332011001e-02 5.097757331965822869e-02 7.499017224051555963e-02 9.987460575770112925e-02 1.087188524740073936e-01 9.360497750689089624e-02 6.690214929987299552e-02 4.443753132696131453e-02 3.149451256252473047e-02 2.673047531587123202e-02 2.863199321201667993e-02 3.761295061962698777e-02 5.485489448283720898e-02 7.754956174608947095e-02 9.386130418266645792e-02 9.074798254366907291e-02 7.078078509672627860e-02 4.851928808355911865e-02 3.333910177948708892e-02 2.618973292005889741e-02 2.561952349656249073e-02 3.150983326609508445e-02 4.544629985398912497e-02 6.785517673937850602e-02 9.152624541343602760e-02 1.008892913645350470e-01 8.824931876144874454e-02 6.449827054126749948e-02 4.416102483381467020e-02 3.248764106521886269e-02 2.871369216002492633e-02 3.195888541568252944e-02 4.328757985568038730e-02 6.431684071824785021e-02 9.137200827812191894e-02 1.097242870603949288e-01 1.042251783644459195e-01 7.936652580457158324e-02 5.291395409083272938e-02 3.523545340967396133e-02 2.666026900829245039e-02 2.484740698197754338e-02 2.863661616812615898e-02 3.787372057760170913e-02 5.059217106370626771e-02 5.954997089488320988e-02 5.599191871399727960e-02 4.097735413111007474e-02 2.465562721829839266e-02 1.369403904736200134e-02 8.042362577851958072e-03 5.563052960796515019e-03 4.724874433342281764e-03 4.735199490957833247e-03 5.026872049514707376e-03 4.919453704615787439e-03 3.927772835602178977e-03 2.401468245682051444e-03 1.143524749925308413e-03 4.642614895845308402e-04 1.833413743886048129e-04 7.990506698272848807e-05 4.146222360230061274e-05 2.556847907508601501e-05 1.730326882808290250e-05 1.127811735504411350e-05 6.175869006755915959e-06 2.581587293269677024e-06
7.398787485553073785e-07 1.983663837459206377e-06 6.181209901205414407e-06 2.044254210923249584e-05 6.290120075905061869e-05 1.588011423063244117e-04 3.051860201663419460e-04 4.477187796398656859e-04 5.433538752170163737e-04 6.216500432396317773e-04 7.682382311664087953e-04 1.127369728387235103e-03 2.006195040820251806e-03 4.079814291111143187e-03 8.423790838931447325e-03 1.542645567656305422e-02 2.257642795211084116e-02 2.546546725906669376e-02 2.315975259250448171e-02 1.898044128811667008e-02 1.610943856334359423e-02 1.594848165389384925e-02 1.951327874648884492e-02 2.883537580613299706e-02 4.678820396390129949e-02 7.292552666025362007e-02 9.635113761816095634e-02 1.003975091007316689e-01 8.302869138259173776e-02 5.921648202437150565e-02 4.152718330626647275e-02 3.273629715762419595e-02 3.174571844721515296e-02 3.845447314429601554e-02 5.454837358721519730e-02 8.024297086671683399e-02 1.068704716990918624e-01 1.163342268871508794e-01 1.001616779726107465e-01 7.158841027824718040e-02 4.755022458438426525e-02 3.370059273781373516e-02 2.860285138625256324e-02 3.063756394370022867e-02 4.024760592763825667e-02 5.869728750276131252e-02 8.298163663312763116e-02 1.004359594332620148e-01 9.710456052974261731e-02 7.573873091294694437e-02 5.191789408985238857e-02 3.567438896171146873e-02 2.802423188162733725e-02 2.741408128734946353e-02 3.371698660294995820e-02 4.862965380966906281e-02 7.260819394827461304e-02 9.793733798470111163e-02 1.079562324748760266e-01 9.443087411068272485e-02 6.901614824136009796e-02 4.725434978091186400e-02 3.476328640989913982e-02 3.072498561655410271e-02 3.419749328109723818e-02 4.631972304463345680e-02 6.882200989538823921e-02 9.777229707886238297e-02 1.174100886409434191e-01 1.115257866624564387e-01 8.492587265305609479e-02 5.662039104184743432e-02 3.770357337438470791e-02 2.852772737299339584e-02 2.658788071820241197e-02 3.064251072167562331e-02 4.052664190682721268e-02 5.413597525457590487e-02 6.372123755504918718e-02 5.991395629454779326e-02 4.384767410843857377e-02 2.638266745451799469e-02 1.465325846700037647e-02 8.605701877365255423e-03 5.952725314878255271e-03 5.055835320494708740e-03 5.066883612193308524e-03 5.378986810780910822e-03 5.264044187464494290e-03 4.202899550723057827e-03 2.569682675985348209e-03 1.223624649098355773e-03 4.967813790824001947e-04 1.961837948117169052e-04 8.550213675244732012e-05 4.436650698598040734e-05 2.735946138312644397e-05 1.851530213876036572e-05 1.206810993112073041e-05 6.608466976130368512e-06 2.762418431302177795e-06
1.054353055888880907e-06 2.826790244976249896e-06 8.808439979053342420e-06 2.913133643193863256e-05 8.963640781531044565e-05 2.262971736872400514e-04 4.349007369183749546e-04 6.380148969190812223e-04 7.742982480342230217e-04 8.858730218471285106e-04 1.094766309023705768e-03 1.606541234712658339e-03 2.858897996635501992e-03 5.813877846459877298e-03 1.200419613421591265e-02 2.198323808580480293e-02 3.217219828092393596e-02 3.628918018886462260e-02 3.300345626525615778e-02 2.704779170008741671e-02 2.295651255165878299e-02 2.272714333450511284e-02 2.780710368684706502e-02 4.109141755762698439e-02 6.667482465906234002e-02 1.039214223096405765e-01 1.373037360303155374e-01 1.430699567066634204e-01 1.183187848774203410e-01 8.438555493490829118e-02 5.917768648837846285e-02 4.665036671755068420e-02 4.523875746068585502e-02 5.479896719760242452e-02 7.773333738500995405e-02 1.143490358550297015e-01 1.522941544682042958e-01 1.657803361191811653e-01 1.427338891130293108e-01 1.020159847684213444e-01 6.776073065572106591e-02 4.802452159595232278e-02 4.076006213871754408e-02 4.365959859248022545e-02 5.735424403643986369e-02 8.364568460949435569e-02 1.182517302161147782e-01 1.431247497733416085e-01 1.383773899915272942e-01 1.079303366168273409e-01 7.398481223556759023e-02 5.083725014699132239e-02 3.993550913717541090e-02 3.906602323170046270e-02 4.804788342630352677e-02 6.929895499925986524e-02 1.034692121126834646e-01 1.395641269483939850e-01 1.538414014923249751e-01 1.345672934697272061e-01 9.835042153331768899e-02 6.733909872777235628e-02 4.953889719171696016e-02 4.378417752937276836e-02 4.873262222366570029e-02 6.600722298808561761e-02 9.807376761030618673e-02 1.393289378937583312e-01 1.673134766912546534e-01 1.589281408711557542e-01 1.210223344441501009e-01 8.068603462008035188e-02 5.372890880138795483e-02 4.065300779622547933e-02 3.788865856680331823e-02 4.366664792385425292e-02 5.775188005171302125e-02 7.714565535858236567e-02 9.080498888821006420e-02 8.537948012819183974e-02 6.248446692126626706e-02 3.759622249927593862e-02 2.088140505938125904e-02 1.226342571696458807e-02 8.482841464042706683e-03 7.204741899457401538e-03 7.220486100973555824e-03 7.665244058714698779e-03 7.501446806283561773e-03 5.989278639981924883e-03 3.661887555738253981e-03 1.743707858290204906e-03 7.079308145651757884e-04 2.795687590426163623e-04 1.218435309109747346e-04 6.322382189125286484e-05 3.898818796066131086e-05 2.638495216794110149e-05 1.719747811317075994e-05 9.417296232158179503e-06 3.936542738082846754e-06
1.244625970756198286e-06 3.336924508471779716e-06 1.039804750272606474e-05 3.438849793578848448e-05 1.058125648416454573e-04 2.671356979587960066e-04 5.133847233109985284e-04 7.531537050133210558e-04 9.140313135451136372e-04 1.045741332682599122e-03 1.292332366762176605e-03 1.896464313017401761e-03 3.374826557841763709e-03 6.863074297638979693e-03 1.417052303613840387e-02 2.595042418674704809e-02 3.797812629565328751e-02 4.283807579277546657e-02 3.895939653518049051e-02 3.192894810092976321e-02 2.709933978964675777e-02 2.682857765454695065e-02 3.282528867048481458e-02 4.850694478643394203e-02 7.870723938512561024e-02 1.226755121560846595e-01 1.620821363306172436e-01 1.688889530480436330e-01 1.396710823421499492e-01 9.961412132496336169e-02 6.985713664063829265e-02 5.506908491199315192e-02 5.340273080807997341e-02 6.468821554963194442e-02 9.176141707236032397e-02 1.349849359862824449e-01 1.797777877028889360e-01 1.956977414938803062e-01 1.684922373059775658e-01 1.204262114724005683e-01 7.998911247089376952e-02 5.669122546533761353e-02 4.811579159764008129e-02 5.153859039672441938e-02 6.770462821930231523e-02 9.874073093940063939e-02 1.395919267192254898e-01 1.689536342982416173e-01 1.633495463279286963e-01 1.274078917260895172e-01 8.733641756487045549e-02 6.001155064840373726e-02 4.714243634983921599e-02 4.611603942035126524e-02 5.671880326825391727e-02 8.180493114389389420e-02 1.221416942359581648e-01 1.647504467461735345e-01 1.816042573267402371e-01 1.588518640234729551e-01 1.160991455295671271e-01 7.949139110071899716e-02 5.847889154686571056e-02 5.168565136401581661e-02 5.752711286210513558e-02 7.791915955439249197e-02 1.157725654949492283e-01 1.644728145016400578e-01 1.975075589569823542e-01 1.876089707403354734e-01 1.428625256496686702e-01 9.524697026730070959e-02 6.342504998785393477e-02 4.798941778556294752e-02 4.472620265666279321e-02 5.154691187960491056e-02 6.817402327511666582e-02 9.106767951590039045e-02 1.071920328899824276e-01 1.007874143710073278e-01 7.376067235229875896e-02 4.438099236643080342e-02 2.464974981352440267e-02 1.447653426195619382e-02 1.001369013252788147e-02 8.504939432361356341e-03 8.523524897624985830e-03 9.048545716612829692e-03 8.855188934294372718e-03 7.070128644083429129e-03 4.322726935161560861e-03 2.058384593014718402e-03 8.356869384359898135e-04 3.300208940193878051e-04 1.438319186286092695e-04 7.463345437926148605e-05 4.602415767425575751e-05 3.114648980430388296e-05 2.030100616829763429e-05 1.111678047441811592e-05 4.646947528101999671e-06
9.527278715938886690e-07 2.554326407550550259e-06 7.959427087951128298e-06 2.632347485547717304e-05 8.099668660153527897e-05 2.044852276289884036e-04 3.929822663524634133e-04 5.765190050826516938e-04 6.996665089632643757e-04 8.004870037535238673e-04 9.892458410048737393e-04 1.451692677919188970e-03 2.583339411998286650e-03 5.253499703374835822e-03 1.084715614875825761e-02 1.986435522261896514e-02 2.907123929833959133e-02 3.279140057509153522e-02 2.982237540567565098e-02 2.444075528003685979e-02 2.074381936904570733e-02 2.053655820083697195e-02 2.512687999792024424e-02 3.713076807791762524e-02 6.024828536468812556e-02 9.390482147993914341e-02 1.240695376747106837e-01 1.292799737060134624e-01 1.069144756172834276e-01 7.625194397395240742e-02 5.347376856264859923e-02 4.215391072624786323e-02 4.087836125512572805e-02 4.951709779956044860e-02 7.024090902479956933e-02 1.033273559937948338e-01 1.376150852243321621e-01 1.498013837971869378e-01 1.289762984224768483e-01 9.218304200297784690e-02 6.122952490600620801e-02 4.339561590766475435e-02 3.683135078004434043e-02 3.945141165886760504e-02 5.182608097213385612e-02 7.558338700771605190e-02 1.068538841063191580e-01 1.293294854720227760e-01 1.250397061088802664e-01 9.752733139154398656e-02 6.685369032486081220e-02 4.593723597585296775e-02 3.608627338705162196e-02 3.530059400624339927e-02 4.341672597775250025e-02 6.261948550475281150e-02 9.349619814826322373e-02 1.261120578877672760e-01 1.390131988409116781e-01 1.215968506730209509e-01 8.887078882585879025e-02 6.084853251729259449e-02 4.476402645106684897e-02 3.956398289364342069e-02 4.403546533964360077e-02 5.964503134506947413e-02 8.862080054938283047e-02 1.258995378346468297e-01 1.511867506303625763e-01 1.436096462592393042e-01 1.093574400589120560e-01 7.290900671420035006e-02 4.855017836720097041e-02 3.673461500894974890e-02 3.423671115883073629e-02 3.945778153131082600e-02 5.218539032528112659e-02 6.970987149132334970e-02 8.205263247483661482e-02 7.715006840071025884e-02 5.646182068243639496e-02 3.397246192027016110e-02 1.886872379891965656e-02 1.108139955256581648e-02 7.665211807341277064e-03 6.510303523961893241e-03 6.524530200231908918e-03 6.926419586416627562e-03 6.778410144218837731e-03 5.411994264333126400e-03 3.308931782867940811e-03 1.575638318902401096e-03 6.396959864907827455e-04 2.526221622625884379e-04 1.100994844411315687e-04 5.712991196644555836e-05 3.523026098857166252e-05 2.384180439433220442e-05 1.553987692076312776e-05 8.509597942853409588e-06 3.557113969883833946e-06
6.357839051648942036e-07 1.704578680732199113e-06 5.311564600694180361e-06 1.756644487908831496e-05 5.405152011223209979e-05 1.364591300903054874e-04 2.622488618330481511e-04 3.847284365051831614e-04 4.669084621588245930e-04 5.341890044937210600e-04 6.601534422520855590e-04 9.687580970237100403e-04 1.723939929435343429e-03 3.505818037637953473e-03 7.238632879138245761e-03 1.325608047541491398e-02 1.940011056689239580e-02 2.188268584877180178e-02 1.990136623692284265e-02 1.631004959593020803e-02 1.384297329774020549e-02 1.370466169918023447e-02 1.676792121443997433e-02 2.477847603099544993e-02 4.020548919658172016e-02 6.266550595863870643e-02 8.279532647960013980e-02 8.627240683629366913e-02 7.134723865367119389e-02 5.088521094178640597e-02 3.568465079516057459e-02 2.813056989155697518e-02 2.727935744342705263e-02 3.304424563413654869e-02 4.687386689696337871e-02 6.895344606030476275e-02 9.183467693366777207e-02 9.996695974721983569e-02 8.606975520467305407e-02 6.151651083386728419e-02 4.086029979474100488e-02 2.895919702931875478e-02 2.457866588101282820e-02 2.632711114746776049e-02 3.458509941010805278e-02 5.043906281125272451e-02 7.130680411972996346e-02 8.630544752386415386e-02 8.344274899565619352e-02 6.508291555351659874e-02 4.461347418997581304e-02 3.065529638840937265e-02 2.408145337291805327e-02 2.355714593967156087e-02 2.897328441271421889e-02 4.178786222242356074e-02 6.239281934444340649e-02 8.415836152470997089e-02 9.276768011486584420e-02 8.114522822483334619e-02 5.930614487037290383e-02 4.060605213813660991e-02 2.987237845823768195e-02 2.640223331129746415e-02 2.938618776057601995e-02 3.980291968241614353e-02 5.913932018999755458e-02 8.401654051440120285e-02 1.008914566172534333e-01 9.583502744104453741e-02 7.297750215197650048e-02 4.865436856895787032e-02 3.239899127450825839e-02 2.451411119740441388e-02 2.284718498278848556e-02 2.633136195454300471e-02 3.482487732625535320e-02 4.651948961160298074e-02 5.475618448805975869e-02 5.148455632927129155e-02 3.767866766209309465e-02 2.267084353436647076e-02 1.259166574216540220e-02 7.394950533394270553e-03 5.115225912971766917e-03 4.344520950508758660e-03 4.354014838602255147e-03 4.622207688849590788e-03 4.523436545517386075e-03 3.611586215433434943e-03 2.208149497417842121e-03 1.051470743522272058e-03 4.268883324773597673e-04 1.685823514177313333e-04 7.347269064094532980e-05 3.812450502889885086e-05 2.351021060590982440e-05 1.591035169218550091e-05 1.037022630390313158e-05 5.678710125735325960e-06 2.373768920086089418e-06
5.847143967081896469e-07 1.567657952409897010e-06 4.884911785028572428e-06 1.615541560008484071e-05 4.970981762331252779e-05 1.254980147781241287e-04 2.411836534212832383e-04 3.538250242262257293e-04 4.294039178269844670e-04 4.912801330031856938e-04 6.071264443555718024e-04 8.909423495243731306e-04 1.585464003747484498e-03 3.224212286900385999e-03 6.657187800027187900e-03 1.219128234441096623e-02 1.784179161196387808e-02 2.012495338506710765e-02 1.830278378920748711e-02 1.499994059662703230e-02 1.273103284729495792e-02 1.260383116406146517e-02 1.542103355763444796e-02 2.278813846357779019e-02 3.697597276206569805e-02 5.763188280382101902e-02 7.614477022695484432e-02 7.934255319464836309e-02 6.561625304962191707e-02 4.679784306505663238e-02 3.281827188755771091e-02 2.587097450812836721e-02 2.508813592250907706e-02 3.038995796162884122e-02 4.310871127970676564e-02 6.341474247235784345e-02 8.445803249176990490e-02 9.193708756151594552e-02 7.915617960833642996e-02 5.657518101293954743e-02 3.757818552767750592e-02 2.663304195434147009e-02 2.260437811614817230e-02 2.421237905931035092e-02 3.180704225507136051e-02 4.638753189978763597e-02 6.557906643019421888e-02 7.937293988034871406e-02 7.674018836009056932e-02 5.985511334077368850e-02 4.102988520806054307e-02 2.819290168883822195e-02 2.214710433280035404e-02 2.166491203124967097e-02 2.664599776498148206e-02 3.843124126077430980e-02 5.738109981322574854e-02 7.739831912559645699e-02 8.531609194843314814e-02 7.462721654604660693e-02 5.454236327353209624e-02 3.734436038058235735e-02 2.747287184616136260e-02 2.428146701568399679e-02 2.702573454344111767e-02 3.660573974940805470e-02 5.438893882923698242e-02 7.726788992503069720e-02 9.278732397868366677e-02 8.813705379844398446e-02 6.711556520606874743e-02 4.474619368924993845e-02 2.979653382718880361e-02 2.254500880438336727e-02 2.101197887390182303e-02 2.421628841919558003e-02 3.202755994739583945e-02 4.278279944247196515e-02 5.035787964886342255e-02 4.734904587754710376e-02 3.465211882816562200e-02 2.084980209844227925e-02 1.158023689837177350e-02 6.800949197823889791e-03 4.704344053745212334e-03 3.995546168951814338e-03 4.004277458001295406e-03 4.250927647412976358e-03 4.160090322000203379e-03 3.321484608153266009e-03 2.030779311548160451e-03 9.670110810613898478e-04 3.925984155285070810e-04 1.550409299513508493e-04 6.757097755015629276e-05 3.506214419188449045e-05 2.162174679044717466e-05 1.463234853153220905e-05 9.537235163953208214e-06 5.222566249752507086e-06 2.183095310776719936e-06
7.670536817527710330e-07 2.056521629867000188e-06 6.408238946806112299e-06 2.119337421150530764e-05 6.521149272513998194e-05 1.646337337171225072e-04 3.163951672421490800e-04 4.641629983063985990e-04 5.633106658268805271e-04 6.444825660418139392e-04 7.964547769888839735e-04 1.168776779363612768e-03 2.079880379562349096e-03 4.229661385699939880e-03 8.733187417444296038e-03 1.599305243759020084e-02 2.340563533593413223e-02 2.640078588114986441e-02 2.401038484920875113e-02 1.967757203429651436e-02 1.670112053510225056e-02 1.653425185528403438e-02 2.022998002684696026e-02 2.989446746511838574e-02 4.850668326828874721e-02 7.560400109846653061e-02 9.989000899862143790e-02 1.040849992581818623e-01 8.607824395617291735e-02 6.139143832139089263e-02 4.305243110454449323e-02 3.393866537015612778e-02 3.291170379250733108e-02 3.986686367569110961e-02 5.655187539228444943e-02 8.319020698767182198e-02 1.107957066580295968e-01 1.206070551720691830e-01 1.038405063119386129e-01 7.421777390143909081e-02 4.929669206858788844e-02 3.493837846710151629e-02 2.965340267887470876e-02 3.176284799210519344e-02 4.172585625524542763e-02 6.085317435567409727e-02 8.602946093748120582e-02 1.041248618291634315e-01 1.006711043056214561e-01 7.852053125123070743e-02 5.382478127427237080e-02 3.698467005680691061e-02 2.905353111583363485e-02 2.842097036087434803e-02 3.495537446088489708e-02 5.041576754286386519e-02 7.527501310477245633e-02 1.015344687611541008e-01 1.119213462336954845e-01 9.789921632316921085e-02 7.155103550723634909e-02 4.898995010879442918e-02 3.604010370970396615e-02 3.185348056691355428e-02 3.545352962117209739e-02 4.802099555978653345e-02 7.134976667320390431e-02 1.013633660842484518e-01 1.217224321455461777e-01 1.156220062231138601e-01 8.804510660941659850e-02 5.869999577056946027e-02 3.908838418258166192e-02 2.957551944318101769e-02 2.756442435294002499e-02 3.176797645979837631e-02 4.201514091924787170e-02 5.612433012217454137e-02 6.606164857131292811e-02 6.211453005488262735e-02 4.545815098331528609e-02 2.735167383164044744e-02 1.519145654437921607e-02 8.921779848372446420e-03 6.171362372761778591e-03 5.241530594700245099e-03 5.252984678009216951e-03 5.576551084033027836e-03 5.457386744501269496e-03 4.357267431608363370e-03 2.664064296210202909e-03 1.268567037513955225e-03 5.150276130993513852e-04 2.033894099599337850e-04 8.864253625577842618e-05 4.599604002217467288e-05 2.836434432760461807e-05 1.919534883524158148e-05 1.251135834424006000e-05 6.851188704473903331e-06 2.863879023974501713e-06
9.294697341003798219e-07 2.491969803360187493e-06 7.765120345070369796e-06 2.568086218952109383e-05 7.901938318713486490e-05 1.994933031966422677e-04 3.833887235834829220e-04 5.624449355738003406e-04 6.825861438870897430e-04 7.809453934467760388e-04 9.650962212960668973e-04 1.416253735795163426e-03 2.520274537937094907e-03 5.125250470759463127e-03 1.058235372548149700e-02 1.937942356609606218e-02 2.836154778949741273e-02 3.199089192417502170e-02 2.909434704810506464e-02 2.384410385028778653e-02 2.023741810021474977e-02 2.003521662312138241e-02 2.451347878735544994e-02 3.622432612849612460e-02 5.877749507237123305e-02 9.161240271650995803e-02 1.210407332783757645e-01 1.261239713539659135e-01 1.043044632012584821e-01 7.439046993716738609e-02 5.216835880335873865e-02 4.112484305562338904e-02 3.988043249190981882e-02 4.830827888784441915e-02 6.852617728609786130e-02 1.008049128867995192e-01 1.342556048640340116e-01 1.461444096653774782e-01 1.258277094375706007e-01 8.993265558162943929e-02 5.973478044498439082e-02 4.233623554157196767e-02 3.593221825117145357e-02 3.848831780590845214e-02 5.056089481254034262e-02 7.373823388512554255e-02 1.042453508594619604e-01 1.261722744312239741e-01 1.219872178133894897e-01 9.514647936599691935e-02 6.522164788348379372e-02 4.481580919465605328e-02 3.520532980065244760e-02 3.443883054421078421e-02 4.235683026942271834e-02 6.109080911449907281e-02 9.121375475966515822e-02 1.230333911777907185e-01 1.356195875186720357e-01 1.186284098873018056e-01 8.670126163210686854e-02 5.936308890032591934e-02 4.367124023896604840e-02 3.859814093460455647e-02 4.296046487204250447e-02 5.818896778149659776e-02 8.645737610740232559e-02 1.228260591964827619e-01 1.474959567130239291e-01 1.401038257645543794e-01 1.066877896239215168e-01 7.112914096949712883e-02 4.736496403951514361e-02 3.583784400841221601e-02 3.340091936644257187e-02 3.849453217605817296e-02 5.091143265118974054e-02 6.800810352153829896e-02 8.004955114940910665e-02 7.526666921401979626e-02 5.508346614099851601e-02 3.314312102042567265e-02 1.840809764792009084e-02 1.081087874374042981e-02 7.478087492573670669e-03 6.351373005605735061e-03 6.365252378094020565e-03 6.757330779547676171e-03 6.612934566331227573e-03 5.279875838424842420e-03 3.228153637652321235e-03 1.537173596966889735e-03 6.240796309170162622e-04 2.464551116713416322e-04 1.074117191059868260e-04 5.573524787911832812e-05 3.437021450684805946e-05 2.325977464456855517e-05 1.516051508530988820e-05 8.301860345507532527e-06 3.470277163426989628e-06
7.323965161627886497e-07 1.963603477772586739e-06 6.118700673797449091e-06 2.023581114006519236e-05 6.226509463657220716e-05 1.571952209938750028e-04 3.020997405153974915e-04 4.431910972833964053e-04 5.378590560001010558e-04 6.153634319544448250e-04 7.604692055123696542e-04 1.115968884240062632e-03 1.985906827988830232e-03 4.038556019125336301e-03 8.338602879680115723e-03 1.527045129531772426e-02 2.234811746088442852e-02 2.520794054352248903e-02 2.292554306643184228e-02 1.878849622562156485e-02 1.594652732514504484e-02 1.578719813781062631e-02 1.931594521500640954e-02 2.854376994053896971e-02 4.631504506324352760e-02 7.218804671656788019e-02 9.537675958074560978e-02 9.938221099115832069e-02 8.218904033789783958e-02 5.861763865869990681e-02 4.110722795991963302e-02 3.240524212532037290e-02 3.142468092133225005e-02 3.806559144555915486e-02 5.399673778390225165e-02 7.943149120594372725e-02 1.057897139307249768e-01 1.151577642269200064e-01 9.914876477179364322e-02 7.086445230086409197e-02 4.706935953541304535e-02 3.335978599465166949e-02 2.831359698939564518e-02 3.032773294258682764e-02 3.984059066820403588e-02 5.810369463803354700e-02 8.214246144285090867e-02 9.942027248386306471e-02 9.612256329076850070e-02 7.497280164830506799e-02 5.139285975190314992e-02 3.531362164788628966e-02 2.774082893760495758e-02 2.713684866319333172e-02 3.337601407220582017e-02 4.813787272840115011e-02 7.187392312108452364e-02 9.694691904898083967e-02 1.068644946446233868e-01 9.347591527924659083e-02 6.831820298886202847e-02 4.677647684928823435e-02 3.441173287743934384e-02 3.041427053913264497e-02 3.385166149113112005e-02 4.585130178932130679e-02 6.812602792163509335e-02 9.678354716582206196e-02 1.162227460254768863e-01 1.103979507093406504e-01 8.406703582801093588e-02 5.604780137799020984e-02 3.732228536122528945e-02 2.823923268889557206e-02 2.631900328018082699e-02 3.033262969487560828e-02 4.011680481740228371e-02 5.358850994564346576e-02 6.307683857932955274e-02 5.930805952372372042e-02 4.340425214478389748e-02 2.611586529346836966e-02 1.450507326047589633e-02 8.518674291462958320e-03 5.892526702251908895e-03 5.004706760740679043e-03 5.015643323475323101e-03 5.324590290495469398e-03 5.210810056855926832e-03 4.160396544355692700e-03 2.543696035614484256e-03 1.211250399934360672e-03 4.917575373599178488e-04 1.941998308888532329e-04 8.463747229426696480e-05 4.391783817860945893e-05 2.708278111814728847e-05 1.832806092702072705e-05 1.194606776783462172e-05 6.541636991122362600e-06 2.734482696279731517e-06
4.486228328480591864e-07 1.202787472835054658e-06 3.747954515144376568e-06 1.239526229070231137e-05 3.813991810032418801e-05 9.628850465036123700e-05 1.850484517631942848e-04 2.714726806703220596e-04 3.294606788136547615e-04 3.769352802507684014e-04 4.658185036953978414e-04 6.835766025227599588e-04 1.216449187405239853e-03 2.473780803065540792e-03 5.107735445652494474e-03 9.353776223385351293e-03 1.368913633922134651e-02 1.544089498971195663e-02 1.404283314853565535e-02 1.150872268734266617e-02 9.767900453946794584e-03 9.670304807599592462e-03 1.183180677441672199e-02 1.748422698400935518e-02 2.836986012524879419e-02 4.421813225632072186e-02 5.842216767381770010e-02 6.087567054954027418e-02 5.034415004952819822e-02 3.590570207475539399e-02 2.517985906668498627e-02 1.984953669298614165e-02 1.924890283495140492e-02 2.331673225019532947e-02 3.307521122039826927e-02 4.865503837846722746e-02 6.480052826908702657e-02 7.053884237817267810e-02 6.073267518850584273e-02 4.340737652058081208e-02 2.883190860294494035e-02 2.043423386901963706e-02 1.734323663368938367e-02 1.857697731530250779e-02 2.440399189984261696e-02 3.559089033359001675e-02 5.031561857049226399e-02 6.089898477114401992e-02 5.887900296147311613e-02 4.592390859289992994e-02 3.148022938565858686e-02 2.163103814966537558e-02 1.699239276661930823e-02 1.662243013611620565e-02 2.044417423050873955e-02 2.948641665288124006e-02 4.402571870142221733e-02 5.938395459267617471e-02 6.545887543202245917e-02 5.725782276430143453e-02 4.184769463477309298e-02 2.865250597412050126e-02 2.107859437613187475e-02 1.862998513395468930e-02 2.073552773616592348e-02 2.808579839547539064e-02 4.172997954307137991e-02 5.928388262972581618e-02 7.119118730452951571e-02 6.762326184636917314e-02 5.149449912718978561e-02 3.433157159299011357e-02 2.286142686046715305e-02 1.729768545694717816e-02 1.612146637610123792e-02 1.857997677643464726e-02 2.457318436779052859e-02 3.282515496643543390e-02 3.863714447853665301e-02 3.632861310380722242e-02 2.658688036483826747e-02 1.599703604765639539e-02 8.884950860876253062e-03 5.218036553162146846e-03 3.609413703450101239e-03 3.065587663279206992e-03 3.072286755434020487e-03 3.261529413592140561e-03 3.191834365061706723e-03 2.548413109989828684e-03 1.558117899550609271e-03 7.419404294191346517e-04 3.012216123591666375e-04 1.189553422897587811e-04 5.184391480272087778e-05 2.690147282441633739e-05 1.658931155255060033e-05 1.122668722780255181e-05 7.317455292495753833e-06 4.007020314346595424e-06 1.674982535425310402e-06
3.447366921387706448e-07 9.242618617932463751e-07 2.880052790971168399e-06 9.524931428838761814e-06 2.930798042729687981e-05 7.399128656342021356e-05 1.421973793470515137e-04 2.086086286473695043e-04 2.531685333155567685e-04 2.896495946029122677e-04 3.579504170162700399e-04 5.252829760828684651e-04 9.347599772368388269e-04 1.900935370835297447e-03 3.924953642407566501e-03 7.187752468560289903e-03 1.051918724212172127e-02 1.186529679869914415e-02 1.079097962346122971e-02 8.843684938614463156e-03 7.505979288341036240e-03 7.430983550662488210e-03 9.091953486948262803e-03 1.343546100140697794e-02 2.180034322802790192e-02 3.397868215896499705e-02 4.489353496251870246e-02 4.677888810016433974e-02 3.868611779394269534e-02 2.759113459203622540e-02 1.934904041344084891e-02 1.525304357913667176e-02 1.479149656403953676e-02 1.791735185743457276e-02 2.541609136459844695e-02 3.738814825806808378e-02 4.979487919175044908e-02 5.420439043276525926e-02 4.666900571312387891e-02 3.335567051085707585e-02 2.215539663179138738e-02 1.570234431822085247e-02 1.332711933122441260e-02 1.427516666719312426e-02 1.875283830099307159e-02 2.734922278918209063e-02 3.866419325737322638e-02 4.679680352275761984e-02 4.524458237782477688e-02 3.528945737757734763e-02 2.419045432281237418e-02 1.662200849631912877e-02 1.305751924550636010e-02 1.277322766666513267e-02 1.570998282229934748e-02 2.265834236614205216e-02 3.383082518963227703e-02 4.563260399038049364e-02 5.030077502810029189e-02 4.399881364379529258e-02 3.215715912281941202e-02 2.201753769039666714e-02 1.619749234347075267e-02 1.431589963645292160e-02 1.593386853749055240e-02 2.158206075572567662e-02 3.206670293477736217e-02 4.555570536873804893e-02 5.470567395107856640e-02 5.196396146971569291e-02 3.957008425039867244e-02 2.638152042274948678e-02 1.756748006653309491e-02 1.329211629338648663e-02 1.238827046684412049e-02 1.427747155279676314e-02 1.888285141549478352e-02 2.522393982988387073e-02 2.969006569875060411e-02 2.791611347975527999e-02 2.043024233313547877e-02 1.229265406774669549e-02 6.827491481316052754e-03 4.009712678635663635e-03 2.773593427664792013e-03 2.355699427492636069e-03 2.360847232509874754e-03 2.506267579420914850e-03 2.452711588219347576e-03 1.958285315447852448e-03 1.197309569027680577e-03 5.701316800533825103e-04 2.314686962903101319e-04 9.140923780643920508e-05 3.983858686628054117e-05 2.067198563273132147e-05 1.274777824654927145e-05 8.626959519690840874e-06 5.622975799947059257e-06 3.079127559627682758e-06 1.287112238552282483e-06
3.925386779808709936e-07 1.052422145973410735e-06 3.279407561954138254e-06 1.084568041695356797e-05 3.337189267508928022e-05 8.425108922846301438e-05 1.619147963477207664e-04 2.375347828413862990e-04 2.882734667943055978e-04 3.298130762865062273e-04 4.075846484647104831e-04 5.981199265972673767e-04 1.064375954348003184e-03 2.164523459238830785e-03 4.469196778469629837e-03 8.184422824729772547e-03 1.197780203736924926e-02 1.351056625367035892e-02 1.228728177796307650e-02 1.006997071517308322e-02 8.546775710231465165e-03 8.461380890376644925e-03 1.035266475375239310e-02 1.529845305075000148e-02 2.482322916417195949e-02 3.869024469505336766e-02 5.111857619432438188e-02 5.326535675193498631e-02 4.405042422619057096e-02 3.141698503155102018e-02 2.203202304045173351e-02 1.736806582610226149e-02 1.684251963602826155e-02 2.040181324303098551e-02 2.894034528730823203e-02 4.257247523703402980e-02 5.669955213319345655e-02 6.172049638589570397e-02 5.314023781935300894e-02 3.798084481308048460e-02 2.522751509283610583e-02 1.787966764325068375e-02 1.517508847438345590e-02 1.625459424330997008e-02 2.135315016626564491e-02 3.114152917945941373e-02 4.402545958274943494e-02 5.328575636839762847e-02 5.151830065492045418e-02 4.018277503248858518e-02 2.754475858291001097e-02 1.892685458009042004e-02 1.486810501818468071e-02 1.454439291249879154e-02 1.788836531994451168e-02 2.580020044417855041e-02 3.852188553690271550e-02 5.196012624034235944e-02 5.727559665449105664e-02 5.009979075134166765e-02 3.661614506822146592e-02 2.507054031226605556e-02 1.844347403714099651e-02 1.630097534015312322e-02 1.814329554542971207e-02 2.457467914017445049e-02 3.651314601625250261e-02 5.187256467823883610e-02 6.229128903448646892e-02 5.916940436894406463e-02 4.505696351286733736e-02 3.003964296815495733e-02 2.000342742163433926e-02 1.513523183448542767e-02 1.410605665835810464e-02 1.625721872967413745e-02 2.150119119946710886e-02 2.872154957704917827e-02 3.380695877264307259e-02 3.178702624232409429e-02 2.326314691518122091e-02 1.399718186855219461e-02 7.774207217033425078e-03 4.565708698397541107e-03 3.158186297482097876e-03 2.682346150191703207e-03 2.688207761740603070e-03 2.853792429777625341e-03 2.792810241157691643e-03 2.229825679611202333e-03 1.363331278849716499e-03 6.491874554307062398e-04 2.635646802550948068e-04 1.040842538146034916e-04 4.536269732152797103e-05 2.353841089896363821e-05 1.451541461701858555e-05 9.823193649171412754e-06 6.402670609663859661e-06 3.506086497761526476e-06 1.465586193914435161e-06
4.621796269665182668e-07 1.239134134091614309e-06 3.861212789148388416e-06 1.276983087396535729e-05 3.929245644550493727e-05 9.919821708125156927e-05 1.906403734818616798e-04 2.796762293333929033e-04 3.394165487912250193e-04 3.883257704714790631e-04 4.798949284530872766e-04 7.042333916695920140e-04 1.253208687773346318e-03 2.548535217209936445e-03 5.262084517474522639e-03 9.636435083358090015e-03 1.410280410069525599e-02 1.590749860204116947e-02 1.446718916409103425e-02 1.185650120554301856e-02 1.006307360548500118e-02 9.962528746597750645e-03 1.218934847034837225e-02 1.801257741155635680e-02 2.922716012143009023e-02 4.555434626820265703e-02 6.018760902257820622e-02 6.271525354005376418e-02 5.186548429138436445e-02 3.699072533943404545e-02 2.594076141115944645e-02 2.044936368035828525e-02 1.983057945422423210e-02 2.402133334377852189e-02 3.407470076062715791e-02 5.012532987909177479e-02 6.675871531662173897e-02 7.267043375840720465e-02 6.256793704659470434e-02 4.471909055656982795e-02 2.970317109863857691e-02 2.105172963884498552e-02 1.786732651760814319e-02 1.913834922588498327e-02 2.514144855525712180e-02 3.666640039999037592e-02 5.183609062844055787e-02 6.273927228688262747e-02 6.065824927397450717e-02 4.731166893036750642e-02 3.243152066495863517e-02 2.228469977651990203e-02 1.750588060863262491e-02 1.712473819224699656e-02 2.106197038503211660e-02 3.037745752415494868e-02 4.535611822782018715e-02 6.117845988176717764e-02 6.743695686810116663e-02 5.898807913569247691e-02 4.311227712803174239e-02 2.951834715746621055e-02 2.171556187609082270e-02 1.919295887135364850e-02 2.136212821183098090e-02 2.893451441842681549e-02 4.299100484051658622e-02 6.107536387523406635e-02 7.334249169358414422e-02 6.966674820360585496e-02 5.305059541071736884e-02 3.536902669730251914e-02 2.355226922182001442e-02 1.782039884399655785e-02 1.660863596388387903e-02 1.914143932680196364e-02 2.531575379787100177e-02 3.381708813435153893e-02 3.980470835328504126e-02 3.742641618558720934e-02 2.739030104913564578e-02 1.648044551397104956e-02 9.153442432758236713e-03 5.375718779910894363e-03 3.718485455673177249e-03 3.158225705215961764e-03 3.165127235156980044e-03 3.360088558454797387e-03 3.288287416888471641e-03 2.625422814648831552e-03 1.605202180665760365e-03 7.643608969328844708e-04 3.103241347538895846e-04 1.225500168507371928e-04 5.341056997007725108e-05 2.771440008058979117e-05 1.709061880848578688e-05 1.156594300400420406e-05 7.538579202399357255e-06 4.128107217314092252e-06 1.725598312693305214e-06
3.663254153316519550e-07 9.821426558804642007e-07 3.060412653738933340e-06 1.012141887197291786e-05 3.114335766219997664e-05 7.862490242366595679e-05 1.511023202236116969e-04 2.216724946129390540e-04 2.690229100370728800e-04 3.077885541723664989e-04 3.803666339318459650e-04 5.581781944544052633e-04 9.932982032526160073e-04 2.019979175757582405e-03 4.170749171758181099e-03 7.637876873537279877e-03 1.117793876687337741e-02 1.260834682508098908e-02 1.146675182115103678e-02 9.397510134767210824e-03 7.976032267448552107e-03 7.896340011359545205e-03 9.661326204121259420e-03 1.427684068376284046e-02 2.316556365913377893e-02 3.610655650572445335e-02 4.770493891677382581e-02 4.970836004061769675e-02 4.110878966933576711e-02 2.931899640909291574e-02 2.056075093645505503e-02 1.620824719739959174e-02 1.571779635228769470e-02 1.903940459629391985e-02 2.700774369992465368e-02 3.972953634307336418e-02 5.291322396852562310e-02 5.759887557918768469e-02 4.959159640045948669e-02 3.544452949799960922e-02 2.354285185782143547e-02 1.668568485810434376e-02 1.416171424601372388e-02 1.516913191295300202e-02 1.992721237950874358e-02 2.906193516880436686e-02 4.108549213487568130e-02 4.972739739513198226e-02 4.807797025676632113e-02 3.749941745529614123e-02 2.570535260371548114e-02 1.766294190584523707e-02 1.387523077724980326e-02 1.357313577817038930e-02 1.669380171436849261e-02 2.407729396748559472e-02 3.594944017045868107e-02 4.849029125890644276e-02 5.345080092679965061e-02 4.675418674515555845e-02 3.417096276717457998e-02 2.339635966504007361e-02 1.721184093645792071e-02 1.521241573571412153e-02 1.693170800480545135e-02 2.293361150797272943e-02 3.407484186850190389e-02 4.840857695302032415e-02 5.813155137852243221e-02 5.521814243088728896e-02 4.204811346829517155e-02 2.803363159861708975e-02 1.866762250277885157e-02 1.412451918477932410e-02 1.316407109394879087e-02 1.517158113926194568e-02 2.006536740986805678e-02 2.680355890507664721e-02 3.154937056697389858e-02 2.966432671112466044e-02 2.170966183373220296e-02 1.306246683217273871e-02 7.255054972679362765e-03 4.260816141295823735e-03 2.947286400083718675e-03 2.503222287766812808e-03 2.508692467918758294e-03 2.663219590196815555e-03 2.606309719075482981e-03 2.080920592086378616e-03 1.272289649336399119e-03 6.058354948918981756e-04 2.459641466615091008e-04 9.713363203912824863e-05 4.233343073948646042e-05 2.196654401844740608e-05 1.354609261854598294e-05 9.167212545591077547e-06 5.975107936831583666e-06 3.271954241777361204e-06 1.367716103675784822e-06
2.048047277188965316e-07 5.490950144330114803e-07 1.711011450540521832e-06 5.658669449201631276e-06 1.741158712803068904e-05 4.395750624680285986e-05 8.447808493733118906e-05 1.239323645094872017e-04 1.504049720121271240e-04 1.720780169598510191e-04 2.126548736053097564e-04 3.120655252116832142e-04 5.553318430735806194e-04 1.129327280539160760e-03 2.331776919524982013e-03 4.270174080111390456e-03 6.249347191855074077e-03 7.049057833342781999e-03 6.410816411481693941e-03 5.253947511788366158e-03 4.459229549587820016e-03 4.414675308668352012e-03 5.401441450211961343e-03 7.981877168628644104e-03 1.295137262962854120e-02 2.018640575982694543e-02 2.667081402706128132e-02 2.779088405388061012e-02 2.298304764756587196e-02 1.639162565643793174e-02 1.149507738474646323e-02 9.061685362613102618e-03 8.787484754113941351e-03 1.064452508910311568e-02 1.509945355485929272e-02 2.221193652581960817e-02 2.958265513134475735e-02 3.220230302402083550e-02 2.772560399268578224e-02 1.981628057772106058e-02 1.316230641573732686e-02 9.328610577220059277e-03 7.917512432386935098e-03 8.480738166506176720e-03 1.114087948794659222e-02 1.624790819889621041e-02 2.297002249287573294e-02 2.780152743281257693e-02 2.687936789425229497e-02 2.096512461357901563e-02 1.437131446682701069e-02 9.874974152329211649e-03 7.757345634341977943e-03 7.588450762617927198e-03 9.333148538463089533e-03 1.346110160212149985e-02 2.009856536733011650e-02 2.710988777368691580e-02 2.988320294473518005e-02 2.613926876296829294e-02 1.910425657768731467e-02 1.308040575474068642e-02 9.622773220200445815e-03 8.504937228772163280e-03 9.466156872027502167e-03 1.282169312835959238e-02 1.905051743304476269e-02 2.706420304784665568e-02 3.250011070396690432e-02 3.087128589061344588e-02 2.350820355221852620e-02 1.567300560166880879e-02 1.043666964897707258e-02 7.896717466845979555e-03 7.359751421089652176e-03 8.482107476705065194e-03 1.121811901922540981e-02 1.498529819035824585e-02 1.763858028474980799e-02 1.658469246403757730e-02 1.213740896656448701e-02 7.302946645070257023e-03 4.056146519126979308e-03 2.382131441489892826e-03 1.647764974571226367e-03 1.399498199167561237e-03 1.402556460237377187e-03 1.488949278968474668e-03 1.457132183643626002e-03 1.163398326815662590e-03 7.113100110075755390e-04 3.387097055808822670e-04 1.375133091434963342e-04 5.430534227091699467e-05 2.366771835407015961e-05 1.228102631795355696e-05 7.573331508774947404e-06 5.125193040841167906e-06 3.340555426616825196e-06 1.829279841228649594e-06 7.646609066326121918e-07
1.280661144127424462e-07 3.433537190526299737e-07 1.069909814226504806e-06 3.538413478911502585e-06 1.088761150233969850e-05 2.748699742922228547e-05 5.282485522405933032e-05 7.749594723466565304e-05 9.404949079294691269e-05 1.076018276206267097e-04 1.329748764928149096e-04 1.951371909289402863e-04 3.472536603242595767e-04 7.061778227964942388e-04 1.458079669775735887e-03 2.670175676102884942e-03 3.907769226770728237e-03 4.407834999912557498e-03 4.008737284418406426e-03 3.285337456109661911e-03 2.788393647211221803e-03 2.760533506584988278e-03 3.377566653178136827e-03 4.991134755976321842e-03 8.098601958371837162e-03 1.262272887161242606e-02 1.667748376081776285e-02 1.737787294520129130e-02 1.437149250590813443e-02 1.024982103738094306e-02 7.187968324436483196e-03 5.666347878519244728e-03 5.494887937671127758e-03 6.656110838424789469e-03 9.441814981832958448e-03 1.388931025239083066e-02 1.849828243166058359e-02 2.013637023598622081e-02 1.733705277528157021e-02 1.239128649014714298e-02 8.230500624414346586e-03 5.833258454531043899e-03 4.950886946428725149e-03 5.303076723048130367e-03 6.966485408091970498e-03 1.015995330548996947e-02 1.436334776740834200e-02 1.738452833933804009e-02 1.680789424359510620e-02 1.310966830377657127e-02 8.986503501502674310e-03 6.174904181659577294e-03 4.850733303922477764e-03 4.745121923722182659e-03 5.836096079766667048e-03 8.417339761145474150e-03 1.256780153726397981e-02 1.695204025810805384e-02 1.868621750076204791e-02 1.634510404788302659e-02 1.194605190953679404e-02 8.179287454003206920e-03 6.017200823007943372e-03 5.318208599696457040e-03 5.919267306592484665e-03 8.017512278306975632e-03 1.191244837155752169e-02 1.692347321577685262e-02 2.032259187665709163e-02 1.930407405615274311e-02 1.469987689878252124e-02 9.800461888408216679e-03 6.526137087950489336e-03 4.937883680020577724e-03 4.602114306835143262e-03 5.303932964203059326e-03 7.014783934986895328e-03 9.370432674725846095e-03 1.102955222755186600e-02 1.037054733187007909e-02 7.589623651265320521e-03 4.566593803837405360e-03 2.536342446676019546e-03 1.489566774800029801e-03 1.030361262208683839e-03 8.751179647621136395e-04 8.770303210657669603e-04 9.310524753943611679e-04 9.111569787642930180e-04 7.274827338657217706e-04 4.447881172824124036e-04 2.117980204400588191e-04 8.598822584905060635e-05 3.395758610629332088e-05 1.479962284259928195e-05 7.679428785939206468e-06 4.735667727454078865e-06 3.204826205265353277e-06 2.088877333214728214e-06 1.143864031113848466e-06 4.781488798938898438e-07
1.191295075250191386e-07 3.193940851972455963e-07 9.952502256311644736e-07 3.291498747311693262e-06 1.012786092828009070e-05 2.556892181901720637e-05 4.913867354201917863e-05 7.208818719600356274e-05 8.748660465353975740e-05 1.000932431816001743e-04 1.236957303064166328e-04 1.815202839703494156e-04 3.230218838947864065e-04 6.568998883163280076e-04 1.356333123630265678e-03 2.483847618537348909e-03 3.635080408594810499e-03 4.100250993004894186e-03 3.729002794219477869e-03 3.056082672567609140e-03 2.593816197995878464e-03 2.567900171359167871e-03 3.141876005773495441e-03 4.642847393293791924e-03 7.533471811541106802e-03 1.174189972884356198e-02 1.551370896425855947e-02 1.616522415228520068e-02 1.336863254170839697e-02 9.534576246043103762e-03 6.686383283526517972e-03 5.270943335236148025e-03 5.111448074470488143e-03 6.191639450057299238e-03 8.782953821047548987e-03 1.292009754349887456e-02 1.720745012252182862e-02 1.873123019742224324e-02 1.612725246272529722e-02 1.152660767402634290e-02 7.656166430651741538e-03 5.426206691293935548e-03 4.605408124113557176e-03 4.933021676194911803e-03 6.480355710422437167e-03 9.450979592145587749e-03 1.336105615281856819e-02 1.617141512504588485e-02 1.563501924731513018e-02 1.219485994407482239e-02 8.359414521280694732e-03 5.744011970289729027e-03 4.512243322766078604e-03 4.414001631199253317e-03 5.428846303641124589e-03 7.829967708587324410e-03 1.169080528968923817e-02 1.576910658024753553e-02 1.738227085735401245e-02 1.520452310588537789e-02 1.111244209584478018e-02 7.608526976625586830e-03 5.597313340934414842e-03 4.947097632362638074e-03 5.506213742619388979e-03 7.458040666497108354e-03 1.108118345300295078e-02 1.574253298035371146e-02 1.890445706891241348e-02 1.795701264211354078e-02 1.367410187824147014e-02 9.116573916820759280e-03 6.070735423600458376e-03 4.593312241213360486e-03 4.280973257142605369e-03 4.933818167816267364e-03 6.525283908248701720e-03 8.716552656846815461e-03 1.025989685964108153e-02 9.646878115071940915e-03 7.060010620463654657e-03 4.247931417397833240e-03 2.359353432192932715e-03 1.385623020744217648e-03 9.584614189525569698e-04 8.140511847842448606e-04 8.158300945740145542e-04 8.660825182546823394e-04 8.475753532143898540e-04 6.767181171677286253e-04 4.137502695995128000e-04 1.970185008384048233e-04 7.998786443487409636e-05 3.158798506639666514e-05 1.376688743060242740e-05 7.143549045252899702e-06 4.405207160072920549e-06 2.981189593260191351e-06 1.943112970414961772e-06 1.064043828666495346e-06 4.447830782295601015e-07
1.275554433579468312e-07 3.419845761948128384e-07 1.065643486823093677e-06 3.524303850054052629e-06 1.084419652035480384e-05 2.737739143364170747e-05 5.261421305176875373e-05 7.718692765288002436e-05 9.367446299666792604e-05 1.071727590956622199e-04 1.324446314646796259e-04 1.943590700686441788e-04 3.458689662245546196e-04 7.033618977932677924e-04 1.452265492572381647e-03 2.659528195813053251e-03 3.892186770458343128e-03 4.390258502342586112e-03 3.992752212123358395e-03 3.272236982563125462e-03 2.777274765908880737e-03 2.749525719208358292e-03 3.364098410362066204e-03 4.971232316817061209e-03 8.066308313613289316e-03 1.257239500853844436e-02 1.661098132758216314e-02 1.730857766949367091e-02 1.431418534647227112e-02 1.020894928184568583e-02 7.159305884079709102e-03 5.643752987893943009e-03 5.472976753498930841e-03 6.629569210623531723e-03 9.404165197281679628e-03 1.383392582264139983e-02 1.842451945817923098e-02 2.005607529243050996e-02 1.726792027236772470e-02 1.234187551698521373e-02 8.197681026079211772e-03 5.809997998308630979e-03 4.931144997743074077e-03 5.281930397212912520e-03 6.938706143702766047e-03 1.011943990274497170e-02 1.430607308558936967e-02 1.731520652486051581e-02 1.674087179099996089e-02 1.305739274149054184e-02 8.950669297872134583e-03 6.150281393296150485e-03 4.831390723691895983e-03 4.726200474992099318e-03 5.812824308349139914e-03 8.383775130922170235e-03 1.251768670011966893e-02 1.688444301492435934e-02 1.861170512529866997e-02 1.627992699801971907e-02 1.189841633507384908e-02 8.146672071153750194e-03 5.993206885928692440e-03 5.297001934625958190e-03 5.895663885086824783e-03 7.985541983348189848e-03 1.186494679315015441e-02 1.685598988533039758e-02 2.024155436351454673e-02 1.922709794185961316e-02 1.464126028754470475e-02 9.761381978527378447e-03 6.500113738013405668e-03 4.918193582613483023e-03 4.583763109267079139e-03 5.282783224056602361e-03 6.986812077421991792e-03 9.333067531261956748e-03 1.098557124869732789e-02 1.032919417323743989e-02 7.559359587010167775e-03 4.548384246334052916e-03 2.526228634146397006e-03 1.483627040940186954e-03 1.026252636948944610e-03 8.716283811498902381e-04 8.735331118219295506e-04 9.273398496786504699e-04 9.075236874946724427e-04 7.245818542946291449e-04 4.430144988818313372e-04 2.109534635563131515e-04 8.564534281402056283e-05 3.382217826328391778e-05 1.474060848862851733e-05 7.648806618503844432e-06 4.716783977879648899e-06 3.192046774998533839e-06 2.080547813763127491e-06 1.139302806983712148e-06 4.762422335185825633e-07
9.792249358729866831e-08 2.625366788575027379e-07 8.180792975800526306e-07 2.705557772145910855e-06 8.324934916685332385e-06 2.101723271483360833e-05 4.039118052927544796e-05 5.925530286388642326e-05 7.191254846211456327e-05 8.227499775002184974e-05 1.016758535257307429e-04 1.492066844926570341e-04 2.655186696511884653e-04 5.399608916174141512e-04 1.114883494108560164e-03 2.041681843156861655e-03 2.987976240270980022e-03 3.370338801111163150e-03 3.065178894719151632e-03 2.512049635090672899e-03 2.132074204718254797e-03 2.110771657558739231e-03 2.582570342304393776e-03 3.816344107702580955e-03 6.192389782193971452e-03 9.651648233825783907e-03 1.275201331835255393e-02 1.328754807499685046e-02 1.098879582005710120e-02 7.837264676970847471e-03 5.496096960409560701e-03 4.332628629689226803e-03 4.201526151604609641e-03 5.089425675798815198e-03 7.219443419913774626e-03 1.062010743715056590e-02 1.414424066113533461e-02 1.539676279198987432e-02 1.325633597142421467e-02 9.474681709786322154e-03 6.293242738801165317e-03 4.460252551786929136e-03 3.785569644915141602e-03 4.054862590208826480e-03 5.326745687788426824e-03 7.768549603977866445e-03 1.098256815314323231e-02 1.329263695266496605e-02 1.285172837351791948e-02 1.002397407225812283e-02 6.871301089545468928e-03 4.721483258108280685e-03 3.708989712268358652e-03 3.628236659457849400e-03 4.462422269672202714e-03 6.436104527435161302e-03 9.609649446167026557e-03 1.296194595329306157e-02 1.428794042655185878e-02 1.249786763385475966e-02 9.134244424212498159e-03 6.254083892027636343e-03 4.600899400332367391e-03 4.066432794402610566e-03 4.526017030572425034e-03 6.130386623024510276e-03 9.108550334504425874e-03 1.294010289174386125e-02 1.553915242798397517e-02 1.476036870986905357e-02 1.123988658479893772e-02 7.493673645217821186e-03 4.990044556868963171e-03 3.775627028343185587e-03 3.518889526441663137e-03 4.055517293206471925e-03 5.363675926609461075e-03 7.164862756308915809e-03 8.433466278147340803e-03 7.929574964138852086e-03 5.803212479187162473e-03 3.491729678241668397e-03 1.939349671915350549e-03 1.138959307245882534e-03 7.878395042583702249e-04 6.691366696452324654e-04 6.705989042007183196e-04 7.119055690048440915e-04 6.966929840825352447e-04 5.562511494043463275e-04 3.400959087578903388e-04 1.619459635630249512e-04 6.574870747737030191e-05 2.596480359368815138e-05 1.131615478102355042e-05 5.871879688811942557e-06 3.621007749002641244e-06 2.450488757096838166e-06 1.597206866190518522e-06 8.746265065128137264e-07 3.656043664624900479e-07
4.931193315185848903e-08 1.322085527386050594e-07 4.119694072049174617e-07 1.362468204300870490e-06 4.192281252919467650e-06 1.058388462858096311e-05 2.034024176895171985e-05 2.983986034947231532e-05 3.621381209397157830e-05 4.143214741055806336e-05 5.120205489609100483e-05 7.513769086111889161e-05 1.337102274334658241e-04 2.719141886263145994e-04 5.614344398264246080e-04 1.028152724454038484e-03 1.504688853621016223e-03 1.697239475538291596e-03 1.543566663977229006e-03 1.265021131935402778e-03 1.073672624197812920e-03 1.062945060560373158e-03 1.300534038853406928e-03 1.921839391842535254e-03 3.118371477310990202e-03 4.860389222904790661e-03 6.421674992841214236e-03 6.691360262820546072e-03 5.533751695313886276e-03 3.946699656904327502e-03 2.767731457596404182e-03 2.181830604309440216e-03 2.115809852605562719e-03 2.562939417822340717e-03 3.635576446988980290e-03 5.348087133212580356e-03 7.122774598707444851e-03 7.753521277281954539e-03 6.675642432233130225e-03 4.771272196940054555e-03 3.169159136736221689e-03 2.246099620390503825e-03 1.906341948955157708e-03 2.041952830889559936e-03 2.682449329571034470e-03 3.912096033550579305e-03 5.530615558933995451e-03 6.693922926271968568e-03 6.471889626419398758e-03 5.047885539459645576e-03 3.460258492007073014e-03 2.377650509827842085e-03 1.867777729631175509e-03 1.827112005177883823e-03 2.247192249666958401e-03 3.241101656917185284e-03 4.839239420304618754e-03 6.527393134621893751e-03 7.195139108296246672e-03 6.293691987653378915e-03 4.599834358159425422e-03 3.149439475158377459e-03 2.316926738240695106e-03 2.047779368948953425e-03 2.279217379781975448e-03 3.087147848008260555e-03 4.586895295971913332e-03 6.516393378064568032e-03 7.825226030239445726e-03 7.433045140634116435e-03 5.660196300147812137e-03 3.773673650634598673e-03 2.512892948275927043e-03 1.901335033528584514e-03 1.772046837655016091e-03 2.042282527053039965e-03 2.701046705937900933e-03 3.608090647389040374e-03 4.246935613171474826e-03 3.993185388050454407e-03 2.922389078915636675e-03 1.758369646952566033e-03 9.766201602526669145e-04 5.735585682519927153e-04 3.967412138432426351e-04 3.369646902791169959e-04 3.377010442056859710e-04 3.585023067034730747e-04 3.508415339507136785e-04 2.801176572430485339e-04 1.712659278119624392e-04 8.155295312525648928e-05 3.310981725618268817e-05 1.307538862837085224e-05 5.698603534850107110e-06 2.956968599173903846e-06 1.823471661309287092e-06 1.234020227146398803e-06 8.043234534776192447e-07 4.404455221879435468e-07 1.841115092004187091e-07
2.446040119711351437e-08 6.557995266008237998e-08 2.043508809548571604e-07 6.758307120688118707e-07 2.079514527685546567e-06 5.249967861568139636e-06 1.008945385658833980e-05 1.480158876688502914e-05 1.796328628949816141e-05 2.055175863820302913e-05 2.539796606671494082e-05 3.727085810705828414e-05 6.632483454071623344e-05 1.348787143368480337e-04 2.784906363686836584e-04 5.099988283688559366e-04 7.463770062116875225e-04 8.418886838485380728e-04 7.656617265257261362e-04 6.274936396161231045e-04 5.325782516244031940e-04 5.272570140726068463e-04 6.451092530258648473e-04 9.532979049131722581e-04 1.546818640870658559e-03 2.410918874347506465e-03 3.185369881944029920e-03 3.319142976588928835e-03 2.744929633477239100e-03 1.957697677661454291e-03 1.372889228459065001e-03 1.082262416303958821e-03 1.049513871057542683e-03 1.271305389930112639e-03 1.803369951088106904e-03 2.652833676437817492e-03 3.533139205564226910e-03 3.846011077047487188e-03 3.311346396379172274e-03 2.366713789102154603e-03 1.572011052646077062e-03 1.114142040918255369e-03 9.456106445215103212e-04 1.012878268538495085e-03 1.330586383425184102e-03 1.940533099921217062e-03 2.743374002838610669e-03 3.320414145090108161e-03 3.210278053349640680e-03 2.503923444089059275e-03 1.716406264170608096e-03 1.179395770143696828e-03 9.264814760581053122e-04 9.063098893544253897e-04 1.114684022316135385e-03 1.607696997087529767e-03 2.400427850699198267e-03 3.237809687007145529e-03 3.569034471148797068e-03 3.121885945030300133e-03 2.281674772196725862e-03 1.562229427736342921e-03 1.149274707749947449e-03 1.015768430197420665e-03 1.130569579440629481e-03 1.531330655493514086e-03 2.275256555915358692e-03 3.232353432480798011e-03 3.881579080834295439e-03 3.687043979725088908e-03 2.807650471330496410e-03 1.871870875498612063e-03 1.246480633621440803e-03 9.431270436511725048e-04 8.789956876286946896e-04 1.013041809083681461e-03 1.339811316581757117e-03 1.789736056765458107e-03 2.106624954989593998e-03 1.980756186243420609e-03 1.449604685020253149e-03 8.722113344215084042e-04 4.844369184108786330e-04 2.845046177013858487e-04 1.967971775138125886e-04 1.671459824563311324e-04 1.675112391257762168e-04 1.778293749923107842e-04 1.740293703476875997e-04 1.389479146449215652e-04 8.495374319995818398e-05 4.045304705678504374e-05 1.642359895231202172e-05 6.485838847023034857e-06 2.826701770065766009e-06 1.466757306802820588e-06 9.045041545995712264e-07 6.121161331963824773e-07 3.989718736785922897e-07 2.184760054936772403e-07 9.132558981574971566e-08
1.749487868822969125e-08 4.690492633061871585e-08 1.461584314716790906e-07 4.833762220882530358e-07 1.487336781563621493e-06 3.754948666421615701e-06 7.216307280860706590e-06 1.058658023566164706e-05 1.284792967802158550e-05 1.469928973395448410e-05 1.816545573738939526e-05 2.665733631818566153e-05 4.743769020614690187e-05 9.646966645935469104e-05 1.991856086012580107e-04 3.647678368621889750e-04 5.338332382258071870e-04 6.021463129010990378e-04 5.476263007235054013e-04 4.488039674514926209e-04 3.809173786265573382e-04 3.771114555474661925e-04 4.614032301184741759e-04 6.818298304186262314e-04 1.106335266402658137e-03 1.724368005822007584e-03 2.278280687739803190e-03 2.373959578846369413e-03 1.963263421496045345e-03 1.400209387528680719e-03 9.819352638869602128e-04 7.740694655614405867e-04 7.506466352617624602e-04 9.092791812075620098e-04 1.289829151617031145e-03 1.897393381871706388e-03 2.527016678584510616e-03 2.750792870661232948e-03 2.368383209765029945e-03 1.692751083534505853e-03 1.124353702990152880e-03 7.968708154149842108e-04 6.763316504454855178e-04 7.244436545103024715e-04 9.516788859939411547e-04 1.387932720319493864e-03 1.962150783600731790e-03 2.374868760120267975e-03 2.296095826321350487e-03 1.790887914958717636e-03 1.227629879387498847e-03 8.435424160790165864e-04 6.626498437172505425e-04 6.482224653808867695e-04 7.972584582312559074e-04 1.149877457234698775e-03 1.716864482696469187e-03 2.315787350881611233e-03 2.552690146154532741e-03 2.232874900401859986e-03 1.631928398226206939e-03 1.117357565036791907e-03 8.219988474231827323e-04 7.265107926248751125e-04 8.086203280774782905e-04 1.095257752869061236e-03 1.627337880093141127e-03 2.311884859247836672e-03 2.776232269893416649e-03 2.637094405101985794e-03 2.008123415435815202e-03 1.338823252447020372e-03 8.915237038306689536e-04 6.745552978997355550e-04 6.286864552473380276e-04 7.245606240553071741e-04 9.582768598039667239e-04 1.280077744626574501e-03 1.506727045568223480e-03 1.416701586782575899e-03 1.036804666691707811e-03 6.238340640137953266e-04 3.464851230934942196e-04 2.034870046822563172e-04 1.407557757963693690e-04 1.195482716221169710e-04 1.198095151344580572e-04 1.271893832657704573e-04 1.244714956997955500e-04 9.938009156539327543e-05 6.076169476605612478e-05 2.893334189920059696e-05 1.174669495317765703e-05 4.638884002992788633e-06 2.021749527188473976e-06 1.049072782609053948e-06 6.469309448442972623e-07 4.378054720804284386e-07 2.853577287541108647e-07 1.562611823738987896e-07 6.531904779820654286e-08
1.579678724631682111e-08 4.235223091586483791e-08 1.319719723330715295e-07 4.364586617793348898e-07 1.342972599049193257e-06 3.390485082026341740e-06 6.515876608878546393e-06 9.559023450749750813e-06 1.160088133768499610e-05 1.327254431066560737e-05 1.640227661075382981e-05 2.406991656679530029e-05 4.283328355671027905e-05 8.710610824680019781e-05 1.798522149067044234e-04 3.293626675495559789e-04 4.820182088452516582e-04 5.437006660956331203e-04 4.944724863303463606e-04 4.052420662913172101e-04 3.439446992357128412e-04 3.405081874297344389e-04 4.166184167855148477e-04 6.156499259730048839e-04 9.989519297563351653e-04 1.556997050837065528e-03 2.057145748362992042e-03 2.143537835653703833e-03 1.772704751517615879e-03 1.264301981697499777e-03 8.866264653617831303e-04 6.989365790556149177e-04 6.777872202321363546e-04 8.210225420256668906e-04 1.164635494494722532e-03 1.713228202957597143e-03 2.281738876323301853e-03 2.483794858535123308e-03 2.138502721232240621e-03 1.528448936634077765e-03 1.015221457219558183e-03 7.195247796933018159e-04 6.106854114527589337e-04 6.541275584804580670e-04 8.593068381189974915e-04 1.253216914835742456e-03 1.771700108705985587e-03 2.144358769791519445e-03 2.073231710372303114e-03 1.617060391143843685e-03 1.108473420564669255e-03 7.616663320454644020e-04 5.983315910072042366e-04 5.853045657752434195e-04 7.198747970443982683e-04 1.038267819684456647e-03 1.550221836185723375e-03 2.091011932206211787e-03 2.304920420608699578e-03 2.016147146708695357e-03 1.473529835068012684e-03 1.008904379818531148e-03 7.422138295933280918e-04 6.559940556186534761e-04 7.301338587892424077e-04 9.889496240743785808e-04 1.469384882731350483e-03 2.087488225002072720e-03 2.506765053670873943e-03 2.381132216359702937e-03 1.813210535682577501e-03 1.208874120033557069e-03 8.049904503731388503e-04 6.090814755958876827e-04 5.676647637954106585e-04 6.542331747039069898e-04 8.652643980650320289e-04 1.155830580535294584e-03 1.360480801340224061e-03 1.279193411782860931e-03 9.361701231307383020e-04 5.632833563379398755e-04 3.128545142301685888e-04 1.837361080141989753e-04 1.270937103120039558e-04 1.079446531829921727e-04 1.081805398248760549e-04 1.148441017079686126e-04 1.123900182928031985e-04 8.973404108450311431e-05 5.486403090012842551e-05 2.612500803530097896e-05 1.060653487969445352e-05 4.188623708772605895e-06 1.825514067029502610e-06 9.472474687078681228e-07 5.841384030653254229e-07 3.953111090950725764e-07 2.576602793624183976e-07 1.410941279906735523e-07 5.897903721358579987e-08
1.114229612036759034e-08 2.987323250382963635e-08 9.308669999761498220e-08 3.078570077582456309e-07 9.472684633158405546e-07 2.391485571500278580e-06 4.595986862887536059e-06 6.742476697888395145e-06 8.182705325215459946e-06 9.361816214535477752e-06 1.156937927918289521e-05 1.697776476937150515e-05 3.021254396572414384e-05 6.144047120751946339e-05 1.268591268051506621e-04 2.323166296796836284e-04 3.399925272536174006e-04 3.835003743492929355e-04 3.487771772929170941e-04 2.858383184277096117e-04 2.426020954867659475e-04 2.401781448716007895e-04 2.938626504642760152e-04 4.342499316291687709e-04 7.046127821942367586e-04 1.098231047139702158e-03 1.451011951582748677e-03 1.511948786651803748e-03 1.250380914004985784e-03 8.917779828253175056e-04 6.253837866632801700e-04 4.929963423423434866e-04 4.780785989371423941e-04 5.791099254615775585e-04 8.214780226894924809e-04 1.208429009105609726e-03 1.609429172712118590e-03 1.751949772096703887e-03 1.508397258419570544e-03 1.078094576529076793e-03 7.160885265913104116e-04 5.075182716760524111e-04 4.307482011813309835e-04 4.613902082388122061e-04 6.061138318369808367e-04 8.839591082933090241e-04 1.249672287147648173e-03 1.512527834221175050e-03 1.462358217712308225e-03 1.140596846795108006e-03 7.818639892341425635e-04 5.372429016250473586e-04 4.220344087198726218e-04 4.128457698885269625e-04 5.077651571289215019e-04 7.323443253861624657e-04 1.093452135659336594e-03 1.474899533466586879e-03 1.625780322279923515e-03 1.422093504240889636e-03 1.039357276167174066e-03 7.116327631553662865e-04 5.235220393241123323e-04 4.627067458041601942e-04 5.150014072661036110e-04 6.975576354699696306e-04 1.036433625577991334e-03 1.472414079399391156e-03 1.768151846110509054e-03 1.679536467936733769e-03 1.278951751525059591e-03 8.526818274901604763e-04 5.678016568981074635e-04 4.296168617515679598e-04 4.004034995648717509e-04 4.614647048575503904e-04 6.103160089023866022e-04 8.152674586602036205e-04 9.596179095304464661e-04 9.022816834246590988e-04 6.603295067733335562e-04 3.973130648736967964e-04 2.206725700480056702e-04 1.295986387343022134e-04 8.964580792608582813e-05 7.613898140305158028e-05 7.630536452727358252e-05 8.100552149970605012e-05 7.927452875482162494e-05 6.329408899736180163e-05 3.869845615530209009e-05 1.842732773046474004e-05 7.481341021929514785e-06 2.954454280620795109e-06 1.287630072468176067e-06 6.681429350814740927e-07 4.120232146413228086e-07 2.788334975034383690e-07 1.817412038503012052e-07 9.952103110609970585e-08 4.160098425590790148e-08
4.938730372086754338e-09 1.324106262167849739e-08 4.125990797131885957e-08 1.364550661776197265e-07 4.198688923503100807e-07 1.060006151226397919e-06 2.037133070621132063e-06 2.988546892958556811e-06 3.626916290763995730e-06 4.149547416183320681e-06 5.128031441189772531e-06 7.525253467583601941e-06 1.339145961385614740e-05 2.723297944606130333e-05 5.622925613902408020e-05 1.029724199164467100e-04 1.506988687511732941e-04 1.699833612430515738e-04 1.545925920455966298e-04 1.266954646937317830e-04 1.075313673563412127e-04 1.064569713436852800e-04 1.302521833374101939e-04 1.924776817314405666e-04 3.123137736056173807e-04 4.867818059657312070e-04 6.431490168748268173e-04 6.701587637782730660e-04 5.542209729452338357e-04 3.952731969568549272e-04 2.771961782418212120e-04 2.185165412004405074e-04 2.119043751224283009e-04 2.566856729310867079e-04 3.641133224993243394e-04 5.356261389312004040e-04 7.133661366678508645e-04 7.765372106749416801e-04 6.685845783358496499e-04 4.778564823235476110e-04 3.174003021616599138e-04 2.249532659730470933e-04 1.909255687440656701e-04 2.045073843125688685e-04 2.686549305365644219e-04 3.918075456485779003e-04 5.539068799661029741e-04 6.704154218123842268e-04 6.481781552623262299e-04 5.055600953986810926e-04 3.465547306190411270e-04 2.381284617443923089e-04 1.870632524835239236e-04 1.829904645065872824e-04 2.250626959030486681e-04 3.246055501970192378e-04 4.846635930750822947e-04 6.537369894875603863e-04 7.206136481427468776e-04 6.303311548598542488e-04 4.606864951177452785e-04 3.154253219624076178e-04 2.320468032922370569e-04 2.050909286727024892e-04 2.282701037789884222e-04 3.091866383158834168e-04 4.593906112347298813e-04 6.526353325797303994e-04 7.837186456465459724e-04 7.444406140009159414e-04 5.668847597888103471e-04 3.779441502595043412e-04 2.516733766497095777e-04 1.904241119220111470e-04 1.774755313472699660e-04 2.045404043211564605e-04 2.705175106796167705e-04 3.613605414865161849e-04 4.253426819929168870e-04 3.999288751589861026e-04 2.926855789378308287e-04 1.761057217938907381e-04 9.781128702820498513e-05 5.744352208771523547e-05 3.973476108981844988e-05 3.374797222159941069e-05 3.382172016189110647e-05 3.590502576987047957e-05 3.513777758774799467e-05 2.805458016264965109e-05 1.715276983329297648e-05 8.167760231437867132e-06 3.316042378500608631e-06 1.309537363844744081e-06 5.707313535929500759e-07 2.961488162525340932e-07 1.826258737132533572e-07 1.235906358975838578e-07 8.055528174972652616e-08 4.411187188667807300e-08 1.843929134837758112e-08
1.893503690048856000e-09 5.076608570498369234e-09 1.581900247811216576e-08 5.231671945354888471e-08 1.609772627992478717e-07 4.064051704797980541e-07 7.810345363542970898e-07 1.145805529632514808e-06 1.390555641359745053e-06 1.590931829156711719e-06 1.966081507801901391e-06 2.885173746264229575e-06 5.134270608756240562e-06 1.044109380086557390e-05 2.155823379014665156e-05 3.947951039948500480e-05 5.777777739787120072e-05 6.517143020800881452e-05 5.927062654543552203e-05 4.857489918176504951e-05 4.122740573893678249e-05 4.081548351171099688e-05 4.993854112389950906e-05 7.379572747490109998e-05 1.197407508046342188e-04 1.866315988931589243e-04 2.465826123221258022e-04 2.569381190163192732e-04 2.124876999371105770e-04 1.515473007486677548e-04 1.062767040968374714e-04 8.377899701475707286e-05 8.124389995039910909e-05 9.841299934588693241e-05 1.396006398010964393e-04 2.053584614145100560e-04 2.735037773616571686e-04 2.977234963430428470e-04 2.563345780818117921e-04 1.832096398109474820e-04 1.216909201527809509e-04 8.624683007923142570e-05 7.320064909492364762e-05 7.840790196336830246e-05 1.030019992984276014e-04 1.502185739208712265e-04 2.123672770409014312e-04 2.570365214189725979e-04 2.485107783439675835e-04 1.938311740177819497e-04 1.328686953513068237e-04 9.129818537312588567e-05 7.171984136895304671e-05 7.015833902278277611e-05 8.628878539176092915e-05 1.244534041749457184e-04 1.858194784446681248e-04 2.506420291563911449e-04 2.762824651391776985e-04 2.416682583899769810e-04 1.766266859578623021e-04 1.209337149576576005e-04 8.896648433800606387e-05 7.863163221709197821e-05 8.751850197700087133e-05 1.185418106389878230e-04 1.761298455293517956e-04 2.502196551325058457e-04 3.004768504632499958e-04 2.854176971474090235e-04 2.173429816212112163e-04 1.449033636647734710e-04 9.649129056865809149e-05 7.300839111130754170e-05 6.804391982983375978e-05 7.842056179765676005e-05 1.037161104379655024e-04 1.385452266457014021e-04 1.630759076139976502e-04 1.533322825539593982e-04 1.122153229654248392e-04 6.751873638215120596e-05 3.750073783397876633e-05 2.202378199410253806e-05 1.523426287290730864e-05 1.293893472995252496e-05 1.296720960761440713e-05 1.376594664304840337e-05 1.347178454984259289e-05 1.075609459487522718e-05 6.576352731760017249e-06 3.131510119498015955e-06 1.271366931780134728e-06 5.020751577594543079e-07 2.188177613750168503e-07 1.135431242707907417e-07 7.001855532119889081e-08 4.738451130076149108e-08 3.088480474822578502e-08 1.691244224719539022e-08 7.069603638897657086e-09
9.812804556605107574e-10 2.630877773013551434e-09 8.197965518311818948e-09 2.711237087830393824e-08 8.342410031772986567e-08 2.106135060454590577e-07 4.047596684116143300e-07 5.937968740832579648e-07 7.206350220207754097e-07 8.244770361125765317e-07 1.018892842924309854e-06 1.495198886209121718e-06 2.660760276793909482e-06 5.410943393642474819e-06 1.117223778755091479e-05 2.045967597404633551e-05 2.994248388846371416e-05 3.377413578154256357e-05 3.071613101651162695e-05 2.517322752168280682e-05 2.136549704223750709e-05 2.115202440262598730e-05 2.587991491467173086e-05 3.824355107567882294e-05 6.205388409233647290e-05 9.671908291755341839e-05 1.277878144357729199e-04 1.331544035693867502e-04 1.101186272370885134e-04 7.853716109152981528e-05 5.507633978761938636e-05 4.341723377539348088e-05 4.210345698397216139e-05 5.100109038528346091e-05 7.234597965372024616e-05 1.064240041620264190e-04 1.417393125161498868e-04 1.542908258841594433e-04 1.328416273512384469e-04 9.494570292094120024e-05 6.306453069240473927e-05 4.469615198755655351e-05 3.793516045202872700e-05 4.063374271217474987e-05 5.337927215916687159e-05 7.784856794334594837e-05 1.100562198411669091e-04 1.332053991681918367e-04 1.287870581354001113e-04 1.004501569027696012e-04 6.885724839225628900e-05 4.731394262115601562e-05 3.716775361373069668e-05 3.635852797460592263e-05 4.471789471159384044e-05 6.449614743245703100e-05 9.629821343209403874e-05 1.298915475426997996e-04 1.431793266142440387e-04 1.252410227441805920e-04 9.153418384627760602e-05 6.267212022982994284e-05 4.610557283226617253e-05 4.074968762766279629e-05 4.535517725687707928e-05 6.143255097413963478e-05 9.127670359702243956e-05 1.296726584130955030e-04 1.557177111867182810e-04 1.479135263280932557e-04 1.126348056044048333e-04 7.509403835386283367e-05 5.000519305776500537e-05 3.783552557792805465e-05 3.526276130669894510e-05 4.064030348521387853e-05 5.374934976085336683e-05 7.179902729895118029e-05 8.451169214599528056e-05 7.946220167552615215e-05 5.815394172733943755e-05 3.499059270435841420e-05 1.943420617700646123e-05 1.141350130138010395e-05 7.894932812722807536e-06 6.705412740569730713e-06 6.720065780319076676e-06 7.133999508678144026e-06 6.981554327622489824e-06 5.574187925091599054e-06 3.408098140563537433e-06 1.622859090856707753e-06 6.588672251791196902e-07 2.601930707456436545e-07 1.133990885347306656e-07 5.884205523712749504e-08 3.628608712587388310e-08 2.455632649929619653e-08 1.600559609975885020e-08 8.764624606689737686e-09 3.663718173127881491e-09
6.881283797716427312e-10 1.844917677589391256e-09 5.748868936498380328e-09 1.901270094256287805e-08 5.850161455310510241e-08 1.476938930527589637e-07 2.838399697194735169e-07 4.164033620758700805e-07 5.053493190955990237e-07 5.781691092962669180e-07 7.145042756308547288e-07 1.048516538843005156e-06 1.865872949643648500e-06 3.794454163460325250e-06 7.834593915351243784e-06 1.434746162267813053e-05 2.099733343882620110e-05 2.368430064970224590e-05 2.153985779225400105e-05 1.765286587355763417e-05 1.498267368710049843e-05 1.483297481072519404e-05 1.814843434018438998e-05 2.681850299434224919e-05 4.351563151255692131e-05 6.782479507986947541e-05 8.961191593595749781e-05 9.337526642776775292e-05 7.722130009440550022e-05 5.507462122783387892e-05 3.862258974300704383e-05 3.044657677597162486e-05 2.952528349060417343e-05 3.576479842328984967e-05 5.073302079434263088e-05 7.463042510464711705e-05 9.939548159657676546e-05 1.081973001875694170e-04 9.315593036437840426e-05 6.658120248944466397e-05 4.422435306449959489e-05 3.134342528866702985e-05 2.660224235349794761e-05 2.849463817942401157e-05 3.743251162538693019e-05 5.459174145106034516e-05 7.717753656075552603e-05 9.341102737518981974e-05 9.031264114051543277e-05 7.044123147320088916e-05 4.828652858453504743e-05 3.317916553692015839e-05 2.606409403798072048e-05 2.549662005568706355e-05 3.135867249488347706e-05 4.522828226955349646e-05 6.752965801130384783e-05 9.108717048320828357e-05 1.004052994956836499e-04 8.782596409085348973e-05 6.418885575527044087e-05 4.394917304408919189e-05 3.233178949860492552e-05 2.857594519657424462e-05 3.180557042586012280e-05 4.307991820607365291e-05 6.400829629775655423e-05 9.093367326308588480e-05 1.091979114457534706e-04 1.037251833880144236e-04 7.898578417551586689e-05 5.266011224912312374e-05 3.506641988079369393e-05 2.653237284362632340e-05 2.472820758253021004e-05 2.849923895802451303e-05 3.769203060283050222e-05 5.034946741209760828e-05 5.926429437447496479e-05 5.572331108465972235e-05 4.078077522825263057e-05 2.453734783568311395e-05 1.362834522137691532e-05 8.003781296911318774e-06 5.536365565508074472e-06 4.702207995941907357e-06 4.712483521601559441e-06 5.002756851907349373e-06 4.895853820425672790e-06 3.908930299497350505e-06 2.389947785100997451e-06 1.138038967704926392e-06 4.620343078594865767e-07 1.824618386794328451e-07 7.952174183318486099e-08 4.126331865593202333e-08 2.544582050742366049e-08 1.722026059892322098e-08 1.122401332653955664e-08 6.146241775342832255e-09 2.569202755309567535e-09
4.169600384896283766e-10 1.117897427967076842e-09 3.483432283129582900e-09 1.152043245104000389e-08 3.544808813707543692e-08 8.949267773609039724e-08 1.719881466571708478e-07 2.523127471300969282e-07 3.062080822923386692e-07 3.503320327315780687e-07 4.329420774171692070e-07 6.353312975379303012e-07 1.130594929333319694e-06 2.299186896736600444e-06 4.747242922286580577e-06 8.693607655602867654e-06 1.272298776826779845e-05 1.435111121819590977e-05 1.305172144927351890e-05 1.069646282650552327e-05 9.078503925857714173e-06 8.987796361556973695e-06 1.099674436261586821e-05 1.625022941862394528e-05 2.636757896309617445e-05 4.109731555678376345e-05 5.429886198006514620e-05 5.657920212013591699e-05 4.679097274009772427e-05 3.337155807260851388e-05 2.340272103173179512e-05 1.844860086805230517e-05 1.789035840193787811e-05 2.167108953142944333e-05 3.074083692075620198e-05 4.522107478615774165e-05 6.022705217587027087e-05 6.556036893239899693e-05 5.644629905128790515e-05 4.034378114429372909e-05 2.679701709450201674e-05 1.899203142747342725e-05 1.611918985132668568e-05 1.726585587995003033e-05 2.268161283111784799e-05 3.307896503876763125e-05 4.676445494892440065e-05 5.660087087621662726e-05 5.472345485670252591e-05 4.268270202148848991e-05 2.925842533019735220e-05 2.010436794354998656e-05 1.579310775829389165e-05 1.544925626131371060e-05 1.900127022052098080e-05 2.740533143276408607e-05 4.091848211946843601e-05 5.519276813316957499e-05 6.083893467113792708e-05 5.321669392543211703e-05 3.889417811136431155e-05 2.663027630125062786e-05 1.959091441374735199e-05 1.731512252553101078e-05 1.927206064855536231e-05 2.610356567374169819e-05 3.878477108708249752e-05 5.509975902514297879e-05 6.616667281549707172e-05 6.285056354188258874e-05 4.786013275732907521e-05 3.190852619325064719e-05 2.124791857595139210e-05 1.607685357457702734e-05 1.498364940102159844e-05 1.726864364583601216e-05 2.283886407377051580e-05 3.050842907692219951e-05 3.591022139159865735e-05 3.376462098880396868e-05 2.471043791923236972e-05 1.486800108635985741e-05 8.257870936729898225e-06 4.849759224768778990e-06 3.354669371510251169e-06 2.849225354758396493e-06 2.855451639998904293e-06 3.031337975361180670e-06 2.966561847197353475e-06 2.368551822659263539e-06 1.448149429318135623e-06 6.895759363019083633e-07 2.799620658757770633e-07 1.105597407621991848e-07 4.818488745738174890e-08 2.500282714788896819e-08 1.541847511317069436e-08 1.043433279777129042e-08 6.801005693436283938e-09 3.724213798686738981e-09 1.556766021039613875e-09
1.570772970528514377e-10 4.211346176086150866e-10 1.312279539983418089e-09 4.339980389593935403e-09 1.335401322973923173e-08 3.371370545658817552e-08 6.479142053971628069e-08 9.505132548130522661e-08 1.153547905368735783e-07 1.319771769300524408e-07 1.630980550257860487e-07 2.393421760795941805e-07 4.259180237142922105e-07 8.661503017577624412e-07 1.788382621478974323e-06 3.275058197727118569e-06 4.793007349853530512e-06 5.406354450715890400e-06 4.916847989953369036e-06 4.029574332590582699e-06 3.420056423447636672e-06 3.385885045599967325e-06 4.142696473067028651e-06 6.121790766358239191e-06 9.933201388683708465e-06 1.548219169197021463e-05 2.045548178614391160e-05 2.131453213269731808e-05 1.762710774661206019e-05 1.257174226929660232e-05 8.816279316987352124e-06 6.949961845882329584e-06 6.739660594963895566e-06 8.163938635745224197e-06 1.158069629441238248e-05 1.703569537014806829e-05 2.268875117988573004e-05 2.469791969271685093e-05 2.126446485310793630e-05 1.519832000685862689e-05 1.009497943623231685e-05 7.154683151355616462e-06 6.072425505570674221e-06 6.504397838101416872e-06 8.544623243073414922e-06 1.246151654344841036e-05 1.761711795723948680e-05 2.132269519227492522e-05 2.061543452802224214e-05 1.607943890434590140e-05 1.102224180412532247e-05 7.573722860751743783e-06 5.949583772400118638e-06 5.820047944629019828e-06 7.158163591939808557e-06 1.032414377619837125e-05 1.541482151170563519e-05 2.079223435086732875e-05 2.291925971691186832e-05 2.004780714759958108e-05 1.465222516516352034e-05 1.003216480006898200e-05 7.380294509881975357e-06 6.522957581981822384e-06 7.260175834305998878e-06 9.833742231810876455e-06 1.461100932175791893e-05 2.075719593485268090e-05 2.492632665347664547e-05 2.367708108232293094e-05 1.802988199383259629e-05 1.202058850898870003e-05 8.004521560385783319e-06 6.056476572087238980e-06 5.644644403875152274e-06 6.505448046010517200e-06 8.603862973200898588e-06 1.149314354941659242e-05 1.352810819280016257e-05 1.271981703605691313e-05 9.308922772084439817e-06 5.601077339890827622e-06 3.110907344625774920e-06 1.827002590327999017e-06 1.263771941530855923e-06 1.073360936556595016e-06 1.075706504395184081e-06 1.141966451624937300e-06 1.117563971323995570e-06 8.922814751758907825e-07 5.455472397544394891e-07 2.597772308812920663e-07 1.054673842231845829e-07 4.165009506593803374e-08 1.815222367116515835e-08 9.419071720389224082e-09 5.808452062280211672e-09 3.930824638161578131e-09 2.562076681102853031e-09 1.402986816827047906e-09 5.864653111948223142e-10
4.524708327168890846e-11 1.213104214870489818e-10 3.780102073018544827e-10 1.250158092670653238e-09 3.846705793606458986e-09 9.711440588885193861e-09 1.866356790864036519e-08 2.738011997806369247e-08 3.322865819020280618e-08 3.801683901211553627e-08 4.698139970360712188e-08 6.894398856288467540e-08 1.226883110894726822e-07 2.494999313379165601e-07 5.151546335080733657e-07 9.434006936236367058e-07 1.380655299967824633e-06 1.557333711602511580e-06 1.416328359411492583e-06 1.160743715336785415e-06 9.851683259710185451e-07 9.753250500298642935e-07 1.193329244920267697e-06 1.763419550592774732e-06 2.861319864938869620e-06 4.459740712746820617e-06 5.892327568055573357e-06 6.139782313549423439e-06 5.077596998512332757e-06 3.621367823369670615e-06 2.539583580101806528e-06 2.001979332951540768e-06 1.941400761821397774e-06 2.351672827373858398e-06 3.335890923824018118e-06 4.907237019394735915e-06 6.535634577551344028e-06 7.114387947469195715e-06 6.125360125166557940e-06 4.377969724731939088e-06 2.907921028355255126e-06 2.060950566414527631e-06 1.749199583051370208e-06 1.873631875099967518e-06 2.461331374160751328e-06 3.589616623866546214e-06 5.074719378129966700e-06 6.142133733158683468e-06 5.938402940926730960e-06 4.631781452301009583e-06 3.175024666894697182e-06 2.181657536682874916e-06 1.713814264903601488e-06 1.676500671559465853e-06 2.061953128770067433e-06 2.973933228513352218e-06 4.440334317210006090e-06 5.989331219276210078e-06 6.602033981955071980e-06 5.774894376473695026e-06 4.220663740735382422e-06 2.889826885366483058e-06 2.125939308376689655e-06 1.878978123683394945e-06 2.091338383747568617e-06 2.832670041968960438e-06 4.208791263084722365e-06 5.979238187648670535e-06 7.180181979880221653e-06 6.820329095693132917e-06 5.193618602178895958e-06 3.462604586695401777e-06 2.305751756544061042e-06 1.744605394489691211e-06 1.625974600869768957e-06 1.873934393959199485e-06 2.478395743438573094e-06 3.310670816158448875e-06 3.896854920428714573e-06 3.664021672320129154e-06 2.681492562839974610e-06 1.613424839644004743e-06 8.961160289473917379e-07 5.262793534978376926e-07 3.640372946806617007e-07 3.091882314515077029e-07 3.098638867199862219e-07 3.289504727902411971e-07 3.219211879799674937e-07 2.570271768522009525e-07 1.571482438834152160e-07 7.483043201220658629e-08 3.038052987878952066e-08 1.199756651712799393e-08 5.228859876161350451e-09 2.713221646098636114e-09 1.673160406199102197e-09 1.132298257395273197e-09 7.380219746161536714e-10 4.041389973033204832e-10 1.689349464847272999e-10
1.604141673581508909e-11 4.300809874940004663e-11 1.340156939909324481e-10 4.432176728335016125e-10 1.363769910312099741e-09 3.442990228916964472e-09 6.616781656443550530e-09 9.707054755495219469e-09 1.178053291082561682e-08 1.347808330340089691e-08 1.665628272549932420e-08 2.444266396854142927e-08 4.349660098490794168e-08 8.845503587748464350e-08 1.826374113413797994e-07 3.344631870391254167e-07 4.894827563206367565e-07 5.521204298306833762e-07 5.021299010954999690e-07 4.115176562739063567e-07 3.492710364761716443e-07 3.457813067521679995e-07 4.230701812503174106e-07 6.251838979606051285e-07 1.014421727304352826e-06 1.581108750751580136e-06 2.089002765008127708e-06 2.176732722581012679e-06 1.800156906923204814e-06 1.283880997577861014e-06 9.003567876238422423e-07 7.097603304843034259e-07 6.882834520980504643e-07 8.337369200944849875e-07 1.182671072364281355e-06 1.739759302867253548e-06 2.317073948435098547e-06 2.522258975243635391e-06 2.171619634236670279e-06 1.552118539652891883e-06 1.030943205125306744e-06 7.306673605733959059e-07 6.201425028295234162e-07 6.642573961621759695e-07 8.726140878688125788e-07 1.272624267060375387e-06 1.799136706184873005e-06 2.177566369727867264e-06 2.105337834675412858e-06 1.642102233627709509e-06 1.125639270985195256e-06 7.734615181849595367e-07 6.075973707747259830e-07 5.943686086653573246e-07 7.310227983029902257e-07 1.054346464204475870e-06 1.574228614936488451e-06 2.123393401522364755e-06 2.340614482764226476e-06 2.047369257860933446e-06 1.496348959342618062e-06 1.024528301286810393e-06 7.537077737353133369e-07 6.661527979273031372e-07 7.414407321651984858e-07 1.004264525636611352e-06 1.492139818158039931e-06 2.119815126089825767e-06 2.545584887464266118e-06 2.418006496517640289e-06 1.841289964795632097e-06 1.227594778496590023e-06 8.174565550218355161e-07 6.185137283770734667e-07 5.764556362182722512e-07 6.643646479614177822e-07 8.786639067549430906e-07 1.173729805260804723e-06 1.381549245113921743e-06 1.299003036766380773e-06 9.506676798638948586e-07 5.720063781622636019e-07 3.176993879953199803e-07 1.865814505262589623e-07 1.290618870676487975e-07 1.096162871038947344e-07 1.098558266929182459e-07 1.166225806818666808e-07 1.141304932622362705e-07 9.112366495667602994e-08 5.571365681846474411e-08 2.652958064105691645e-08 1.077078797575171937e-08 4.253488852779422405e-09 1.853784028973413382e-09 9.619165695247220233e-10 5.931843867270698889e-10 4.014329079965205442e-10 2.616504136613471543e-10 1.432791156064064252e-10 5.989238823488430184e-11
